date,OT,WEIGHTED_ILI,UNWEIGHTED_ILI,AGE_0_TO_4,AGE_5_TO_24,ILITOTAL,NUM_OF_PROVIDERS
2002/1/1 0:00,110350.64631410458,0.523778583487391,0.628144,582.0,124.0,1604.6658962588874,363.0
2002/1/8 0:00,311295.4121778546,1.33344,0.628144,2106.7290008453365,124.0,7644.509359105368,363.0
2002/1/15 0:00,64698.99999999999,0.352158,0.6311694095502878,247.99999999999997,133.44420905246366,318.0,363.0
2002/1/22 0:00,571134.635246879,1.49484,1.25246,2961.5647209443327,3059.4151002844924,9079.28631288877,363.0
2002/1/29 0:00,64698.99999999999,0.352158,0.628144,247.99999999999997,124.0,318.0,365.3127840863739
2002/2/5 0:00,373521.5304119203,1.58094,0.628144,2575.613524303905,124.0,9492.443026809213,363.0
2002/2/12 0:00,64698.99999999999,0.352158,0.6315349080305577,247.99999999999997,133.94575575537044,318.0,363.0
2002/2/19 0:00,64698.99999999999,0.352158,1.32563,247.99999999999997,2153.1888611291783,318.0,363.0
2002/2/26 0:00,64698.99999999999,0.352158,0.6299844735126594,247.99999999999997,128.54396839910302,318.0,363.0
2002/3/5 0:00,65048.132102745,0.3538510639356478,0.628144,251.01866275297434,124.0,330.57708882187546,363.63714228141095
2002/3/12 0:00,483362.2817405703,1.59896,0.6906268563080743,2874.4747328264207,1179.0,9743.048866402996,363.0
2002/3/19 0:00,216179.0,0.8642396314854961,0.628144,1276.037250997952,202.35424110864955,4174.349485077948,363.0
2002/3/26 0:00,144287.0,0.6198595186340515,0.628144,786.4316238410569,171.40345399543182,2334.4446358250934,363.0
2002/4/2 0:00,64698.99999999999,0.3536917552454333,0.628144,249.87208792154465,124.0,329.00142862912895,366.7704209213236
2002/4/9 0:00,413881.9310436946,1.73621,0.628144,2873.105007231919,124.0,10653.267512791372,363.0
2002/4/16 0:00,188884.82224343473,0.816988334433707,0.628144,1154.0,124.0,3803.5229719661925,363.0
2002/4/23 0:00,65641.8970753467,0.35412350564308465,0.6295074224905293,252.8599669151839,130.16957231425525,333.217358620809,363.0
2002/4/30 0:00,65553.27394915518,0.35382051162111766,0.6295523242155038,252.25382302772644,130.13692717711862,330.936563336822,363.0
2002/5/7 0:00,64698.99999999999,0.352158,3.16662,247.99999999999997,7520.845037694655,318.0,363.0
2002/5/14 0:00,253656.0,0.352158,3.0155,247.99999999999997,7979.899607252293,318.0,363.0
2002/5/21 0:00,408580.8335658602,0.7993056626506,1.5200433653001906,1694.0,3689.0,3928.2568372761502,363.0
2002/5/28 0:00,64698.99999999999,0.352158,0.6315912389505969,247.99999999999997,133.58165724304502,318.0,363.0
2002/6/4 0:00,228549.0,0.352158,1.94707,247.99999999999997,4580.282045920649,318.0,363.0
2002/6/11 0:00,66033.52204045616,0.3575792419087685,0.628144,258.21199606147604,124.0,358.5205679939434,363.01823194195356
2002/6/18 0:00,64698.99999999999,0.352158,1.51837,247.99999999999997,2717.4299529423533,318.0,363.0
2002/6/25 0:00,116276.44224549281,0.544989950833657,0.628144,624.0,124.0,1764.0158496238635,363.0
2002/7/2 0:00,64698.99999999999,0.3523775350802549,0.628144,247.99999999999997,124.0,319.14844341205145,367.0099908518699
2002/7/9 0:00,64698.99999999999,0.352158,1.07108,247.99999999999997,1411.4212822983714,318.0,363.0
2002/7/16 0:00,288605.95771665586,0.910135,0.82612,1514.4802326979536,1177.2423628456559,4571.683384629119,363.0
2002/7/23 0:00,65459.5794018481,0.3552202228978225,0.628144,253.7853720813322,124.0,340.8960582785291,363.0
2002/7/30 0:00,64698.99999999999,0.352158,0.628144,247.99999999999997,124.0,318.0,364.98362329446036
2002/8/6 0:00,64698.99999999999,0.352158,0.63935,247.99999999999997,156.2399790808861,318.0,363.0
2002/8/13 0:00,64698.99999999999,0.3525594325026577,0.628144,248.0,124.0,320.6565932769162,365.8009946944707
2002/8/20 0:00,64698.99999999999,0.352158,0.628144,247.99999999999997,124.0,318.0,406.0
2002/8/27 0:00,64751.92040020785,0.352158,0.6284789223786892,248.04974999288586,125.16340412615527,318.0,363.0
2002/9/3 0:00,64698.99999999999,0.352158,0.6315151323476635,247.99999999999997,130.69055498268816,318.0,363.0
2002/9/10 0:00,64698.99999999999,0.352158,0.631185958476583,247.99999999999997,130.57219636663103,318.0,363.0
2002/9/17 0:00,64698.99999999999,0.352158,0.6316582725883179,247.99999999999997,132.2513137600731,318.0,363.0
2002/9/24 0:00,71593.0,0.37622314090202746,0.628144,295.7464528756965,124.0,498.97079922028314,363.0
2002/10/1 0:00,64699.0,0.352158,0.6281544465263463,247.99999999999997,124.03436664432465,318.0,363.0
2002/10/8 0:00,65681.86846433865,0.352158,0.6328156696543286,250.26062572215616,141.0,318.0,363.0
2002/10/15 0:00,64698.99999999999,0.35235461911437027,0.628144,247.99999999999997,124.0,318.5598531982314,370.4073860599003
2002/10/22 0:00,64698.99999999999,0.352158,0.6292381544956115,247.99999999999997,127.13397197975864,318.0,363.0
2002/10/29 0:00,71466.0,0.352158,0.6577273292111319,265.24895754944714,230.71874085350893,327.93604881867316,363.0
2002/11/5 0:00,69554.10278502389,0.3687061990127136,0.628144,281.1424756444373,126.02412438396968,443.0,363.0
2002/11/12 0:00,69003.0,0.3658210411543773,0.628144,276.0810684978933,130.2742986319791,421.0,363.0
2002/11/19 0:00,64698.99999999999,0.35328349279483684,0.628144,249.36036670818638,124.0,326.06692145121855,365.81639967264175
2002/11/26 0:00,70000.0,0.3676569488951156,0.6292567756942535,280.917963503754,137.94635305623183,435.53822266085956,363.0
2002/12/3 0:00,65217.658488343935,0.35400012065697195,0.628144,251.6343897787562,124.0,331.8435107224784,363.0
2002/12/10 0:00,64698.99999999999,0.352158,0.628144,247.99999999999997,124.0,318.0,368.36056978808455
2002/12/17 0:00,64698.99999999999,0.352158,0.630546242109186,247.99999999999997,130.41338479594356,318.0,363.0
2002/12/24 0:00,65632.86791172926,0.3555232515918016,0.628144,254.60504889347538,124.0,343.27418286956276,363.0
2002/12/31 0:00,64698.99999999999,0.352158,0.6295955978385968,247.99999999999997,127.6795253257132,318.0,363.0
2003/1/7 0:00,234801.46679978547,1.02773,0.628144,1528.492688153587,124.0,5362.377785684176,363.0
2003/1/14 0:00,65915.34053923898,0.3563678092840755,0.628144,256.38398007705456,124.21085603574699,349.67225701142553,363.0
2003/1/21 0:00,312412.0,0.7629842174340641,1.1323452050894902,1386.7589523044453,2202.8671168395013,3475.0,363.0
2003/1/28 0:00,64972.813560395705,0.352158,0.6303392323345679,247.99999999999997,131.48152464250285,318.0,363.0
2003/2/4 0:00,64999.44704801055,0.3533161103048981,0.628144,250.22026515604426,124.0,326.67380036700683,363.0
2003/2/11 0:00,64698.99999999999,0.352158,0.6300140636939723,247.99999999999997,128.15356687736158,318.0,363.0
2003/2/18 0:00,65934.64495204129,0.3590264867755986,0.628144,259.79051092996474,124.0,368.8159889989817,367.27191236983725
2003/2/25 0:00,65349.566312156145,0.35275851173679307,0.6301904539422857,250.39887786446477,131.75345902067502,323.0649275494108,363.0
2003/3/4 0:00,64698.99999999999,0.352158,4.8303,247.99999999999997,7817.0,318.0,363.0
2003/3/11 0:00,64990.16341170538,0.35431179323731943,0.628144,251.4543824048068,124.0,333.8242525826491,365.2385994443371
2003/3/18 0:00,64698.99999999999,0.352158,0.6287099213039683,247.99999999999997,125.42911636930518,318.0,363.0
2003/3/25 0:00,609546.5202409178,2.4959786189251085,0.628144,4329.467767239803,124.0,16415.0,363.0
2003/4/1 0:00,437776.2747779759,1.8189733811192141,0.628144,3041.29487426632,124.0,11332.0,363.0
2003/4/8 0:00,314349.0,1.1976277082929,0.628144,1944.2021763924802,246.08965037129767,6684.490338478049,363.0
2003/4/15 0:00,64698.99999999999,0.352158,1.80906,247.99999999999997,3563.0649334032537,318.0,363.0
2003/4/22 0:00,64698.99999999999,0.352158,1.71202,247.99999999999997,3278.618851988936,318.0,363.0
2003/4/29 0:00,64698.99999999999,0.352158,0.630431528814027,247.99999999999997,129.76755911737038,318.0,363.0
2003/5/6 0:00,229645.84120174666,0.971624578710053,0.628144,1454.0,124.0,4962.427275001967,363.0
2003/5/13 0:00,64698.99999999999,0.3540620302016323,0.628144,250.34972579331793,124.0,331.6690422458965,367.5855810793174
2003/5/20 0:00,282347.0,1.4103788485113826,0.628144,2084.9967895273876,1255.0,8156.4650987443,1004.0
2003/5/27 0:00,281202.0,1.0842336516672384,0.628144,1717.5538679100011,235.1444348422929,5831.003759220792,363.0
2003/6/3 0:00,65667.78539576806,0.35308524620638687,0.631143170289778,251.61394620434703,135.39329340109228,325.7797294090393,363.0
2003/6/10 0:00,64698.99999999999,0.352158,0.6286249241632994,247.99999999999997,124.15104621216297,318.0,363.8173159252393
2003/6/17 0:00,138890.1997618863,0.6409048253008329,0.628144,799.7589610003281,124.0,2487.0,363.0
2003/6/24 0:00,64698.99999999999,0.352158,0.6305041568028166,247.99999999999997,130.14790115671005,318.0,363.0
2003/7/1 0:00,64698.99999999999,0.352158,0.790645,247.99999999999997,598.9859943881379,318.0,363.0
2003/7/8 0:00,65153.93555858075,0.3537255548352654,0.628144,251.1269375326848,124.11124604688527,329.7957265415267,363.0
2003/7/15 0:00,67063.92078367698,0.362559932064819,0.628144,267.10071837630977,124.0,395.52390626281976,364.8616460545725
2003/7/22 0:00,64698.99999999999,0.352158,0.6309968267993498,247.99999999999997,132.17388767715758,318.0,363.0
2003/7/29 0:00,64698.99999999999,0.352158,0.6284032230350195,247.99999999999997,124.0,318.0,364.68841804508185
2003/8/5 0:00,184038.0,0.9503412546758834,0.628144,1303.5745926487184,124.0,4756.677582428521,629.0
2003/8/12 0:00,65196.86118677002,0.3533451870886057,0.6286453133799375,250.75478079149224,126.56636380922819,327.1092859852932,363.0
2003/8/19 0:00,92557.89047170154,0.4562416679765257,0.628144,451.0,124.0,1098.5288099928819,363.0
2003/8/26 0:00,64698.99999999999,0.352158,0.628144,247.99999999999997,124.0,318.0,366.16472494127675
2003/9/2 0:00,168631.75390812042,0.813309,0.628144,1091.341281308865,124.0,3747.256470487617,452.0
2003/9/9 0:00,64698.99999999999,0.352158,0.6320314840057185,247.99999999999997,135.5845686991131,318.0,363.0
2003/9/16 0:00,128740.0,0.6386231047802468,0.628144,770.8869024938282,124.0,2451.5502351538285,426.0
2003/9/23 0:00,97918.29754445818,0.513286,0.628144,534.8573426709552,124.0,1512.620229311839,423.0
2003/9/30 0:00,65063.3513031305,0.35385920807373955,0.628144,251.06732480648776,124.0,330.6531134575668,363.5138105628818
2003/10/7 0:00,65131.52776090753,0.35448115242714884,0.628144,252.0247386588786,124.0,335.2044013432028,364.3086918431966
2003/10/14 0:00,65320.0221623561,0.35235996384106444,0.6306408286191534,249.82102283733315,133.1194551352331,320.16463662181206,363.0
2003/10/21 0:00,64698.99999999999,0.352158,0.6305273334924448,247.99999999999997,130.70901819063164,318.0,363.0
2003/10/28 0:00,92216.0,0.46352132022034415,0.628144,457.8837177387307,124.0,1150.424143359681,363.0
2003/11/4 0:00,64698.99999999999,0.352158,0.628144,247.99999999999997,124.0,318.0,366.5473674140952
2003/11/11 0:00,64947.11195200602,0.3523687624937579,0.6289511938458415,248.891818603654,127.04149980192044,319.8003274659815,363.0
2003/11/18 0:00,66443.88607169031,0.35933787061663947,0.628144,261.4678659289781,124.0,371.6394186548869,363.2346501856993
2003/11/25 0:00,68185.46281149868,0.663175,0.628144,538.2365600166731,124.0,799.0,843.2953811845971
2003/12/2 0:00,64698.99999999999,0.352158,0.6284194059659352,247.99999999999997,124.0,318.0,364.9613806007621
2003/12/9 0:00,64698.99999999999,0.352158,0.6305742433177269,247.99999999999997,130.69876279504433,318.0,363.0
2003/12/16 0:00,66222.60922078764,0.3570850892497014,0.628144,258.06468700137816,125.86613828620281,355.18336306845725,363.0
2003/12/23 0:00,65335.373263329595,0.3548066713089421,0.628144,252.94987149819562,124.0,337.7793162411488,363.1548906452281
2003/12/30 0:00,114857.0,0.782758,0.628144,850.05880843896,382.0,2766.3725240360254,426.7422822730648
2004/1/6 0:00,64698.99999999999,0.352158,0.628324888526747,247.99999999999997,124.0,318.0,368.54244454311294
2004/1/13 0:00,366551.81140433165,1.01821,1.02248,1846.3710385648087,1943.2432597439793,5431.794929575047,363.0
2004/1/20 0:00,172174.83205747145,1.1768,0.628144,1410.9613620129446,124.0,4019.0,984.986960965536
2004/1/27 0:00,66112.57317457597,0.35814107558728575,0.628144,259.12091258640874,124.0,362.6520003629543,363.57325911769954
2004/2/3 0:00,64698.99999999999,0.352158,0.628144,247.99999999999997,124.0,318.0,1302.0
2004/2/10 0:00,65955.43288183444,0.35496210559223995,0.6296900394675946,254.70970137086042,131.36490157911317,339.60820180305245,363.0
2004/2/17 0:00,83080.89219313055,0.352158,1.16064720883761,247.99999999999997,1874.0,318.0,363.0
2004/2/24 0:00,65424.05643588916,0.35708653630792736,0.628144,256.0529131120136,124.0,354.2781252640748,367.5738223400811
2004/3/2 0:00,387004.0,1.4482396594541356,0.628144,2443.5989967043483,260.5327912211307,8570.088794404439,363.0
2004/3/9 0:00,65440.08023815162,0.3548473795627164,0.628144,253.26531044122635,124.0,338.1921561973229,363.0
2004/3/16 0:00,414784.75448312925,0.7598003287237501,1.61745,1670.0,3905.335161177711,3651.242311052863,363.0
2004/3/23 0:00,64707.88441519894,0.352158,0.6319461634796235,247.99999999999997,136.04104536088596,318.0,363.0
2004/3/30 0:00,84359.7726630606,0.352158,1.1968393032205424,247.99999999999997,1993.0,318.0,363.0
2004/4/6 0:00,65266.11898628901,0.35423230423711394,0.628144,252.04982895853624,124.0,333.56897525487494,363.0
2004/4/13 0:00,66161.66493844871,0.35679658181625895,0.628144,257.5466333296769,126.2145630088113,353.03849486188744,363.0
2004/4/20 0:00,100408.29711982772,0.352158,1.7118358537114071,247.99999999999997,3682.0,318.0,363.0
2004/4/27 0:00,825082.9949523787,1.904424053763588,1.7756284899936694,4125.835728991426,5364.0,12422.0,363.0
2004/5/4 0:00,64698.99999999999,0.352158,0.6283524202667196,247.99999999999997,124.0,318.0,364.29362632633524
2004/5/11 0:00,421461.0,0.352158,4.59568,247.99999999999997,13263.192744096083,318.0,363.0
2004/5/18 0:00,64698.99999999999,0.352158,0.6287972762145856,247.99999999999997,124.85718860332531,318.0,363.36116858282014
2004/5/25 0:00,66290.80094914924,0.3587863609572939,0.628144,260.3853070251099,124.0,367.49734848502345,363.39450492124365
2004/6/1 0:00,64945.432359493105,0.352158,0.6293470354040323,248.53942633308085,128.2899552917461,318.0,363.0
2004/6/8 0:00,65723.60263875134,0.35532395598132266,0.628144,254.58213611303935,125.93719794134533,341.94485895904796,363.0
2004/6/15 0:00,332497.6434915951,1.5695817514012431,0.628144,2416.0,124.0,9502.0,664.7839948305267
2004/6/22 0:00,64698.99999999999,0.352158,0.628144,247.99999999999997,124.0,318.0,365.10236475635764
2004/6/29 0:00,64698.99999999999,0.352158,0.628144,247.99999999999997,124.0,318.0,1103.0
2004/7/6 0:00,284389.560278482,1.54319,0.628144,2303.1534792519797,124.0,9118.56335635553,1048.0
2004/7/13 0:00,216481.6010812555,0.9208085709521019,0.628144,1356.0,124.0,4581.856599139248,363.0
2004/7/20 0:00,64698.99999999999,0.352158,0.6316887867364721,247.99999999999997,129.79387582366587,318.0,363.6470701887894
2004/7/27 0:00,76996.18526985776,0.352158,1.0205231510809343,247.99999999999997,1411.0,318.0,363.0
2004/8/3 0:00,277120.0,0.8787840496362509,0.8110202326616739,1447.8446771800052,1136.0,4348.7280067723495,363.0
2004/8/10 0:00,64698.99999999999,0.352158,0.6299751078642187,247.99999999999997,128.80030582939833,318.0,363.0
2004/8/17 0:00,64698.99999999999,0.352158,1.06124,247.99999999999997,477.8700501833995,318.0,825.0
2004/8/24 0:00,66301.0326637639,0.35924472909560734,0.628144,260.99001622576054,124.0,370.80573110306733,364.35386332915823
2004/8/31 0:00,64698.99999999999,0.352158,0.6303384211392113,247.99999999999997,130.23650074882949,318.0,363.0
2004/9/7 0:00,265172.87524675764,1.14747,0.628144,1756.0101734209145,124.0,6256.710022780654,363.0
2004/9/14 0:00,108010.12696815655,0.5248496114909252,0.628144,575.3176136422193,124.0,1614.0,363.0
2004/9/21 0:00,66258.04574581995,0.3589778867839578,0.628144,260.54460577879377,124.0,368.8372720857114,364.1410528271018
2004/9/28 0:00,98753.25705986381,0.4909880817206341,0.628144,509.2094317330035,124.0,1359.0,364.59553745434783
2004/10/5 0:00,64698.99999999999,0.352158,0.841872,247.99999999999997,742.0244905644729,318.0,363.0
2004/10/12 0:00,157068.0,0.757812,0.628144,983.1550770221902,361.0,3371.1304960874245,524.0
2004/10/19 0:00,65678.04675835976,0.352158,0.7021339385322884,247.99999999999997,364.0,318.0,363.0
2004/10/26 0:00,64698.99999999999,0.352158,0.6295378112882708,247.99999999999997,125.98049314996699,318.0,363.5963918703411
2004/11/2 0:00,64698.99999999999,0.352158,0.628144,247.99999999999997,124.0,318.0,367.57680486873056
2004/11/9 0:00,64698.99999999999,0.352158,0.628144,247.99999999999997,124.0,318.0,479.0
2004/11/16 0:00,163523.8764056873,0.747361,0.628144,995.3524204433977,124.0,3268.1278618304304,363.0
2004/11/23 0:00,64698.99999999999,0.3523177390848643,0.628144,247.99999999999997,124.0,318.9224647246515,365.210853597859
2004/11/30 0:00,151854.0,0.6478954579654881,0.628144,840.8872332164962,163.95436847435116,2544.744365747273,363.0
2004/12/7 0:00,64698.99999999999,0.35327181096160354,0.628144,249.1356382711207,124.0,325.88742225642,366.5668726954117
2004/12/14 0:00,65217.73913494627,0.35381874960642573,0.628144,251.40552532586912,124.71293180337486,330.53915610048864,363.0
2004/12/21 0:00,65654.88452257449,0.468602199937899,0.628144,368.0,124.0,1219.0,622.0575276087793
2004/12/28 0:00,264537.16159210494,0.977808,0.628144,1540.213327986312,484.0,5036.23506677476,363.0
2005/1/4 0:00,64698.99999999999,0.352158,0.6289784782378656,247.99999999999997,126.00372151791605,318.0,363.0
2005/1/11 0:00,65748.52556618357,0.3582577526404798,0.628144,258.3503041083597,124.0,363.07373055739436,367.2402353989961
2005/1/18 0:00,64698.99999999999,0.352158,0.628144,247.99999999999997,124.0,318.0,1216.0
2005/1/25 0:00,64698.99999999999,0.352158,0.628144,247.99999999999997,124.0,318.0,366.09069079516655
2005/2/1 0:00,223126.70097606114,0.9764136632504571,0.628144,1435.9072216209686,124.0,5005.0,363.0
2005/2/8 0:00,64698.99999999999,0.352158,0.628144,247.99999999999997,124.0,318.0,366.8906029559599
2005/2/15 0:00,233270.76388057412,1.0123510093320651,0.628144,1506.8742291224667,124.0,5276.0,363.0
2005/2/22 0:00,64818.7430798966,0.3532297294188002,0.628144,249.65551140395212,124.0,325.84533566936136,364.34861699734086
2005/3/1 0:00,402264.0,1.094805753147674,1.056689131070227,2035.7215753799353,2176.0,6045.648587313118,363.0
2005/3/8 0:00,465901.3918352171,1.94451,0.628144,3266.840605900874,124.0,12208.115778978932,363.0
2005/3/15 0:00,568845.7102195341,2.35512,0.628144,4044.0012191442406,124.0,15273.560364370662,363.0
2005/3/22 0:00,65199.140157191134,0.35362299074044323,0.6282490349421379,251.1113875082617,125.31770789123169,329.1099035742636,363.0
2005/3/29 0:00,89093.89555935573,0.352158,1.3704425715612099,247.99999999999997,2561.0,318.0,363.0
2005/4/5 0:00,64698.99999999999,0.352158,0.631814616519706,247.99999999999997,133.22844416070706,318.0,363.0
2005/4/12 0:00,64698.99999999999,0.352158,0.628144,247.99999999999997,124.0,318.0,1339.0
2005/4/19 0:00,896834.4065837883,2.35858,2.05869,4374.747404488509,6163.581552474894,7858.0,363.0
2005/4/26 0:00,66291.74002498336,0.35661732152444353,0.6287800459504033,257.64822394537794,129.14995350487538,351.89837676023365,363.0
2005/5/3 0:00,107128.23088470854,0.352158,1.85405062836686,247.99999999999997,4153.0,318.0,363.0
2005/5/10 0:00,64698.99999999999,0.352158,2.49279,247.99999999999997,5554.914078673608,318.0,363.0
2005/5/17 0:00,64698.99999999999,0.352158,0.6308539595932096,247.99999999999997,131.53066516295695,318.0,363.0
2005/5/24 0:00,400827.0,2.033984565608441,0.628144,3170.079123236279,124.0,11901.0,1288.0
2005/5/31 0:00,301859.1048101674,1.7101618469062736,0.628144,2579.0,124.0,10356.89716413347,1275.0
2005/6/7 0:00,310580.126610156,1.794270015503618,0.628144,2564.0,124.0,11261.0,1386.4788213168458
2005/6/14 0:00,64698.99999999999,0.352158,0.6310231007998033,247.99999999999997,129.85174433481185,318.0,363.0
2005/6/21 0:00,99763.39321673806,0.352158,1.720630261552046,247.99999999999997,3709.0,318.0,363.0
2005/6/28 0:00,64698.99999999999,0.352158,0.6300023071621045,247.99999999999997,124.7433085862018,318.0,365.974711842955
2005/7/5 0:00,64698.99999999999,0.352158,0.6309418907993267,247.99999999999997,129.88299103252086,318.0,363.0
2005/7/12 0:00,491321.40649150725,1.44943,0.9452217551198135,2705.698059169034,2014.0,8676.77399588205,363.0
2005/7/19 0:00,67130.9959477863,0.3581021140344207,0.6303809092052016,261.6397225811497,135.8661507338899,363.53953815261735,363.0
2005/7/26 0:00,65384.22078909935,0.3544806101548667,0.628144,252.6612352774494,124.34539532292672,335.4902468634413,363.0
2005/8/2 0:00,289017.7025878876,1.06255,0.8116867090765477,1525.7421210129144,1208.0,2780.0,363.0
2005/8/9 0:00,276338.0,1.0747853142037653,0.628144,1693.3776331844876,200.26060376351575,5757.482591214264,363.0
2005/8/16 0:00,65040.208083926285,0.3556979380456581,0.628144,253.3312448535755,124.0,343.85099132527574,367.9614508341169
2005/8/23 0:00,169159.91915521532,0.4950780118680568,0.891918,699.0,1153.8025849477792,1465.6797185226749,363.0
2005/8/30 0:00,109217.44829023411,0.518173859290948,0.628144,572.0,124.0,1563.0565411734663,363.0
2005/9/6 0:00,213847.0,0.8576355381291026,0.628144,1261.8265543831305,195.22796669599958,4124.182675851723,363.0
2005/9/13 0:00,64698.99999999999,0.352158,0.628144,247.99999999999997,124.0,318.0,371.6999152792947
2005/9/20 0:00,64698.99999999999,0.352158,0.6306761757112724,247.99999999999997,127.32446989787641,318.0,364.3977427142763
2005/9/27 0:00,65279.35431165375,0.35462450442966276,0.628144,252.57854323538038,124.0,336.40491237257874,363.25860616032696
2005/10/4 0:00,64698.99999999999,0.352158,0.6302621559994697,247.99999999999997,129.72282558939884,318.0,363.0
2005/10/11 0:00,64698.99999999999,0.352158,0.6292129263372984,247.99999999999997,125.93706822412817,318.0,363.0
2005/10/18 0:00,172654.0,0.4047138270584837,1.0287242873584963,541.0,1600.010475395303,817.7534408271091,363.0
2005/10/25 0:00,64698.99999999999,0.35317380444781515,0.628144,249.13932071567015,124.0,325.24050617573664,365.86943799797456
2005/11/1 0:00,64713.07806913469,0.35252881989649243,0.628144,248.50383644609087,124.0,320.6831332208058,363.7219712098195
2005/11/8 0:00,65021.23672140172,0.35486557591080986,0.628144,252.2321515531747,124.0,337.8427680936514,366.22298118249125
2005/11/15 0:00,64698.99999999999,0.352158,0.6282245445444271,247.99999999999997,124.0,318.0,363.66865084697173
2005/11/22 0:00,64698.99999999999,0.352158,0.628144,247.99999999999997,124.0,318.0,503.0
2005/11/29 0:00,158212.80831541066,0.638831,0.797966,398.0,772.3570893230915,1224.0,363.0
2005/12/6 0:00,64698.99999999999,0.352158,0.628144,247.99999999999997,124.0,318.0,491.0
2005/12/13 0:00,152369.53255867324,0.762448,0.628144,986.2189155641735,124.0,3363.4946017798297,487.0
2005/12/20 0:00,64698.99999999999,0.352158,0.943366,247.99999999999997,1046.3626502979116,318.0,363.0
2005/12/27 0:00,160732.0,0.6796532504328769,0.628144,903.3433763350235,160.46906409978232,2783.3127764889855,363.0
2006/1/3 0:00,375076.0,1.1011802691558634,0.9252895291410729,1975.315519472288,1699.0,6060.365607127373,363.0
2006/1/10 0:00,64698.99999999999,0.352158,0.6299290041217437,247.99999999999997,128.85580508884647,318.0,363.0
2006/1/17 0:00,261656.4396594987,0.9465025832700009,0.6440087638574171,1543.0,562.2857708124292,4737.0,363.0
2006/1/24 0:00,64698.99999999999,0.352158,1.12552,247.99999999999997,124.0,318.0,1445.0
2006/1/31 0:00,64698.99999999999,0.352158,0.6288188436093929,247.99999999999997,124.0,318.0,366.2952321630893
2006/2/7 0:00,319989.14213246736,1.3089152405848337,0.628144,2112.0,124.0,7491.861409374532,363.0
2006/2/14 0:00,66753.08347317071,0.35923980695898344,0.628144,262.1236744572276,124.48319205469264,371.28866578120045,363.0
2006/2/21 0:00,64698.99999999999,0.352158,1.82767,247.99999999999997,3619.113904481115,318.0,363.0
2006/2/28 0:00,64698.99999999999,0.352158,0.6284358635266672,247.99999999999997,124.0,318.0,367.0308721336435
2006/3/7 0:00,65588.30201791074,0.3540273578487388,0.6294071352988914,252.60339094398043,129.7468229019099,332.46439589039716,363.0
2006/3/14 0:00,65132.064308688365,0.35234563563365134,0.6298166592995732,249.32897896502845,130.1428113560629,319.84606778721866,363.0
2006/3/21 0:00,64698.99999999999,0.352158,0.628144,247.99999999999997,124.0,318.0,365.62288281272953
2006/3/28 0:00,93246.9397057942,0.352158,1.46328028929258,247.99999999999997,2868.0,318.0,363.0
2006/4/4 0:00,369521.0,1.3873561165548884,0.628144,2322.6980769572842,259.7353020146755,8112.194472932317,363.0
2006/4/11 0:00,64698.99999999999,0.352158,0.628144,247.99999999999997,124.0,318.0,1467.0
2006/4/18 0:00,395477.0,2.29396,0.628144,3525.333096116417,124.0,14583.972101677082,1699.0654818518808
2006/4/25 0:00,422610.1549069248,1.7598627980449595,0.628144,2928.397122437518,124.0,10888.0,363.0
2006/5/2 0:00,65226.574254034924,0.352158,0.6314938858682484,248.48649439406236,135.63292343459477,318.0,363.0
2006/5/9 0:00,64698.99999999999,0.352158,0.6301071551951852,247.99999999999997,128.50936809106517,318.0,363.0
2006/5/16 0:00,529126.3730830835,2.1784307177733457,0.628144,3725.626969466335,124.0,14031.0,363.0
2006/5/23 0:00,442099.0,1.6310141264970108,0.628144,2813.118450851752,305.1141227913278,9947.691056654516,363.0
2006/5/30 0:00,65505.57224443871,0.352158,0.6325717485155646,249.34244806302559,139.59121893858423,318.0,363.0
2006/6/6 0:00,428255.0,1.7360234324106538,0.628144,2912.1406348337,124.0,10715.0,363.0
2006/6/13 0:00,395394.0,1.4717454212946421,0.628144,2494.4047087526083,287.34804788508916,8748.748854528032,363.0
2006/6/20 0:00,385735.0,2.071539345150018,0.628144,3226.6242942875174,124.0,13051.046311501304,1333.0
2006/6/27 0:00,64698.99999999999,0.352158,0.628144,247.99999999999997,124.0,318.0,364.4988035121902
2006/7/4 0:00,222335.0444438834,0.9700267652415381,0.628144,1425.8444920973661,124.0,4958.0,363.0
2006/7/11 0:00,65270.48075567536,0.3541378731049425,0.628144,251.94156291002423,124.09003239667643,332.8948140952318,363.0
2006/7/18 0:00,65316.9857878804,0.3555015678637289,0.628144,253.78114599329746,124.0,342.7560301410824,364.92575392354195
2006/7/25 0:00,65413.51381433686,0.35545584639332933,0.628144,253.96680228204585,124.0,342.53787665908357,363.9194229820504
2006/8/1 0:00,64698.99999999999,0.352158,0.969711,247.99999999999997,1118.6321597463523,318.0,363.0
2006/8/8 0:00,64810.2639711721,0.35240964685452836,0.6282760401036283,248.59838382539084,124.63680144191348,319.9374596452634,363.0
2006/8/15 0:00,65127.7565186791,0.3527633903229696,0.6291859658629828,249.84573195383666,128.1398879507197,322.84568110191066,363.0
2006/8/22 0:00,64698.99999999999,0.352158,0.6298391286405812,247.99999999999997,124.71548135405617,318.0,365.670485663493
2006/8/29 0:00,129932.42101138945,0.5948242748640539,0.628144,722.0,124.0,2138.089955394826,363.0
2006/9/5 0:00,65442.57057508486,0.35616186337095646,0.628144,254.9317552870667,124.0,347.64897128966123,365.27297671272703
2006/9/12 0:00,112443.09359337055,0.5321885001459198,0.628144,598.0,124.0,1667.5505101598778,363.0
2006/9/19 0:00,64698.99999999999,0.352158,0.672897,247.99999999999997,257.52564090910266,318.0,363.0
2006/9/26 0:00,175521.42867721556,0.793127,0.628144,1083.2937442673524,124.0,3610.3982784203113,363.0
2006/10/3 0:00,143906.9288707208,0.66909,0.628144,847.2252886884011,124.0,2683.7962923922164,363.0
2006/10/10 0:00,65076.859278479205,0.35601584868067176,0.628144,253.82517758662888,124.0,346.17947644946065,368.35093360430955
2006/10/17 0:00,64745.13257860022,0.352158,0.6305515832470021,247.99999999999997,131.70438005491778,318.0,363.0
2006/10/24 0:00,205241.0,0.352158,1.307027559411181,477.0,2542.2494249687575,318.0,363.0
2006/10/31 0:00,65334.1501918042,0.35323502138456087,0.6294238334182172,250.96182676610144,129.29880529013354,326.47437795511877,363.0
2006/11/7 0:00,64698.99999999999,0.352158,0.628144,247.99999999999997,124.0,318.0,363.6967696688599
2006/11/14 0:00,64698.99999999999,0.352158,0.628144,247.99999999999997,124.0,318.0,666.0
2006/11/21 0:00,64698.99999999999,0.352158,0.6283247700196769,247.99999999999997,124.05377317208931,318.0,363.31066211401793
2006/11/28 0:00,66159.84948448189,0.35770085516740985,0.628144,258.6841337022107,124.0,359.5400792623391,363.0
2006/12/5 0:00,187384.0,0.7692463091894168,0.628144,1083.5830341578544,176.59030462447134,3458.1849495918855,363.0
2006/12/12 0:00,64698.99999999999,0.352158,0.629091229465626,247.99999999999997,125.82957091331825,318.0,363.0
2006/12/19 0:00,64878.990475506376,0.35255955492750424,0.6283656941408289,248.961012796746,125.05574320308267,321.0944243377885,363.0
2006/12/26 0:00,64698.99999999999,0.352158,0.6297781823428865,247.99999999999997,128.85095978589578,318.0,363.0
2007/1/2 0:00,64698.99999999999,0.352158,0.628144,247.99999999999997,124.0,318.0,370.5045080599386
2007/1/9 0:00,529126.0,1.9269646714040483,0.628144,3405.9526158378812,342.01380488876276,12175.821464163659,363.0
2007/1/16 0:00,64698.99999999999,0.352158,0.628144,247.99999999999997,124.0,318.0,366.4393950528999
2007/1/23 0:00,64898.75618818775,0.352158,0.6291172116012301,248.43894623032594,127.4712078287322,318.0,363.0
2007/1/30 0:00,64698.99999999999,0.352158,0.6286348723880829,247.99999999999997,124.13585712353144,318.0,363.85526194638965
2007/2/6 0:00,566717.0,2.0581435602880855,0.628144,3666.2487240314053,342.47725901126313,13162.305735634778,363.0
2007/2/13 0:00,64698.99999999999,0.352158,0.6308233857585238,247.99999999999997,130.6997406243018,318.0,363.0
2007/2/20 0:00,64698.99999999999,0.352158,0.6289832941762096,247.99999999999997,124.96171092489013,318.0,363.6243404726671
2007/2/27 0:00,548159.0,1.61865,0.932114650589008,3067.9329919166444,2033.9393261597365,10015.34103871408,363.0
2007/3/6 0:00,65127.34191184786,0.35597366072751074,0.628144,253.8991902540769,124.0,345.9339394714716,367.78257782420945
2007/3/13 0:00,64698.99999999999,0.352158,0.633897465285666,247.99999999999997,140.28671857479185,318.0,363.0
2007/3/20 0:00,421481.6082540448,2.258341035278278,0.628144,3580.0,124.0,14436.64482879228,1420.0
2007/3/27 0:00,64846.45440385005,0.35336990330676127,0.628144,249.90242392648878,124.0,326.8852614099489,364.4125177154199
2007/4/3 0:00,430603.0,2.43939,0.628144,3513.837381047093,2568.0,12724.983093392928,363.0
2007/4/10 0:00,64698.99999999999,0.352158,0.628144,247.99999999999997,124.0,318.0,1509.0
2007/4/17 0:00,64698.99999999999,0.352158,0.628144,247.99999999999997,124.0,318.0,1511.0
2007/4/24 0:00,65292.196889505256,0.352158,0.6313687896494089,249.01459605051124,135.3666465525592,318.0,363.0
2007/5/1 0:00,64698.99999999999,0.352158,0.6298072817142667,247.99999999999997,127.61629178704861,318.0,363.0
2007/5/8 0:00,596692.0,4.594362266940079,0.628144,6965.328858469689,124.0,31896.0,3362.0
2007/5/15 0:00,172255.20547896932,5.98318,0.628144,6244.0,124.0,39567.29686058295,3362.0
2007/5/22 0:00,64698.99999999999,0.352158,0.628144,247.99999999999997,124.0,318.0,367.83856921046004
2007/5/29 0:00,64698.99999999999,0.352158,4.24456,247.99999999999997,10658.143531929452,318.0,363.0
2007/6/5 0:00,66227.40536110611,0.35673867014572735,0.6283131943462984,257.63926075736555,127.54685858645078,352.6973656632329,363.0
2007/6/12 0:00,65312.46164785216,0.35441447630951256,0.628144,252.39676440093749,124.0,334.9323213403601,363.0
2007/6/19 0:00,65203.76466696567,0.35332504370996903,0.628705831228204,250.74674769261568,126.7713424428817,326.97232760655237,363.0
2007/6/26 0:00,504350.0,1.1104463284906316,2.0573,2477.7050984578023,4781.787464557203,10376.0,363.0
2007/7/3 0:00,64698.99999999999,0.352158,0.628144,247.99999999999997,124.0,318.0,367.4487334830879
2007/7/10 0:00,64698.99999999999,0.352158,0.628144,247.99999999999997,124.0,318.0,1318.0
2007/7/17 0:00,64698.99999999999,0.35284541360516036,0.628144,248.37513959892854,124.0,322.7197747214964,366.4073337921357
2007/7/24 0:00,64698.99999999999,0.352158,0.6291978455713969,247.99999999999997,125.26208595906563,318.0,363.72129664810154
2007/7/31 0:00,78391.3383096872,0.352158,1.0212078694553572,247.99999999999997,1416.0,318.0,363.0
2007/8/7 0:00,190007.7267719433,0.825107,0.628144,1169.8634456067623,124.0,4011.0,363.0
2007/8/14 0:00,65045.24025917057,0.35233056370944743,0.6294483178967477,249.09101109544122,128.80691739553873,319.63811317262923,363.0
2007/8/21 0:00,65082.565346651696,0.35243662214799726,0.6294609457444666,249.31907823995397,128.9204016860004,320.44369905462366,363.0
2007/8/28 0:00,348477.0,1.7197864377030612,0.628144,2688.9410416894875,124.0,10478.704049832777,869.0
2007/9/4 0:00,189281.48806279196,0.8201299431048755,0.628144,1159.0,124.0,3826.5727097844665,363.0
2007/9/11 0:00,153535.91944732267,0.706842,0.628144,919.0923585995594,124.0,2965.8253809510234,363.0
2007/9/18 0:00,218826.18242584015,0.655943,0.883187,1018.2134191906337,1221.1664387453466,2667.6225513799664,363.0
2007/9/25 0:00,65639.77829108323,0.3561392889897537,0.628144,255.40051608341608,124.0,347.71273749296233,363.3800500691459
2007/10/2 0:00,64700.9243049599,0.352158,0.6287347836017383,247.99999999999997,125.87202018657091,318.0,363.0
2007/10/9 0:00,66044.14927550334,0.35747541061754207,0.628144,258.10765657953425,124.0,357.78598369322856,363.0
2007/10/16 0:00,64698.99999999999,0.352158,0.628144,247.99999999999997,124.0,318.0,696.0
2007/10/23 0:00,64698.99999999999,0.352158,0.628144,247.99999999999997,124.0,318.0,369.3602328526349
2007/10/30 0:00,138396.55876529898,0.629848985754336,0.628144,788.0,124.0,2399.6980347020267,363.0
2007/11/6 0:00,65577.99709852552,0.35683076153426035,0.628144,256.11804611598063,124.0,352.6150688359776,365.54812273851405
2007/11/13 0:00,71655.30010118212,0.352158,0.816836527436897,247.99999999999997,745.0,318.0,363.0
2007/11/20 0:00,70864.66298945522,0.352158,0.8201267556018984,247.99999999999997,754.0,318.0,363.0
2007/11/27 0:00,64698.99999999999,0.352158,0.6282359502306805,247.99999999999997,124.0,318.0,365.4252105789431
2007/12/4 0:00,293535.0,1.1274467523880798,0.628144,1803.174374991311,234.48468563944843,6155.915004466603,363.0
2007/12/11 0:00,64698.99999999999,0.352158,0.628144,247.99999999999997,124.0,318.0,685.0
2007/12/18 0:00,64698.99999999999,0.352158,0.628144,247.99999999999997,124.0,318.0,679.0
2007/12/25 0:00,329731.0,1.2558937534891974,0.628144,2056.508809509217,225.04567072811614,7121.154420034122,363.0
2008/1/1 0:00,244587.49818180013,1.06828,0.628144,1604.2826521460693,124.0,5664.671221758644,363.0
2008/1/8 0:00,84525.83255813242,0.352158,1.2893642534804284,247.99999999999997,2291.0,318.0,363.0
2008/1/15 0:00,64698.99999999999,0.352158,0.6292505744538128,247.99999999999997,127.23819236827755,318.0,363.0
2008/1/22 0:00,64698.99999999999,0.352158,0.628144,247.99999999999997,124.0,318.0,364.994264096647
2008/1/29 0:00,64771.859376343,0.35409986646530883,0.628144,250.63625589460588,124.0,332.0497301341718,366.78879122767484
2008/2/5 0:00,64698.99999999999,0.352158,0.628144,247.99999999999997,124.0,318.0,368.13667029163366
2008/2/12 0:00,65070.30158704411,0.3541257554660184,0.628144,251.42149411827262,124.0,332.5781306554101,364.06235175675045
2008/2/19 0:00,489282.89190327143,1.20448,1.2527445738759029,2600.0,2935.8360530106097,7117.964775505005,363.0
2008/2/26 0:00,64698.99999999999,0.352158,0.628144,247.99999999999997,124.0,318.0,366.1376445878677
2008/3/4 0:00,64698.99999999999,0.352158,1.4585,247.99999999999997,2543.4054341506862,318.0,363.0
2008/3/11 0:00,64698.99999999999,0.352158,1.49921,247.99999999999997,2659.2036842374196,318.0,363.0
2008/3/18 0:00,318525.54767995555,1.3501919227101402,0.628144,2148.5355159038036,124.0,7812.0,363.0
2008/3/25 0:00,64890.58155459515,0.352158,0.6311374134679538,247.99999999999997,133.84356045820485,318.0,363.0
2008/4/1 0:00,64698.99999999999,0.352158,0.628144,247.99999999999997,124.0,318.0,1490.0
2008/4/8 0:00,67420.32300207362,0.3618560285164535,0.628144,267.11039385053203,124.0,390.86999088117983,363.0
2008/4/15 0:00,64852.25835064292,0.35227258844100895,0.6286654295273401,248.53117343340816,125.95091568215064,318.999867562003,363.0
2008/4/22 0:00,582932.0,2.1087189426038204,0.628144,3770.939028530464,370.48470102234523,13544.610931668145,363.0
2008/4/29 0:00,66143.90348983098,0.3573688590764501,0.628144,258.2246208103462,124.0,357.13403070206635,363.0
2008/5/6 0:00,64698.99999999999,0.352158,0.628144,247.99999999999997,124.0,318.0,1580.0
2008/5/13 0:00,65475.636196815074,0.3555893270326412,0.628144,254.2920310393279,124.0,343.56912035878776,363.6466857475353
2008/5/20 0:00,64698.99999999999,0.352158,0.628144,247.99999999999997,124.0,318.0,368.43363204321696
2008/5/27 0:00,804821.0823286991,3.2962,0.628144,5825.273362882471,124.0,22299.316682578014,363.0
2008/6/3 0:00,64698.99999999999,0.352158,0.628144,247.99999999999997,124.0,318.0,368.09940021170536
2008/6/10 0:00,65184.21794704964,0.3557925129301234,0.628144,253.8138209396777,124.0,344.6963138635267,366.8347406390618
2008/6/17 0:00,64698.99999999999,0.352158,0.6293537280378966,247.99999999999997,125.21530322972473,318.0,364.09620553144106
2008/6/24 0:00,473829.7621806093,1.886831157949116,0.628144,3237.0,124.0,11824.715521616385,363.0
2008/7/1 0:00,409851.7835100203,1.72423,0.628144,2847.841739494933,124.0,10562.652455813703,363.0
2008/7/8 0:00,339949.58049039805,1.43657462941938,0.628144,2311.6571085854143,124.0,8460.0,363.0
2008/7/15 0:00,558837.0,2.8076115818301655,0.628144,4591.745677904559,124.0,18543.010200491426,1415.0
2008/7/22 0:00,577836.0,2.8974954892990765,0.628144,4753.049171851759,124.0,19211.196317215476,1445.0
2008/7/29 0:00,145646.35754853007,0.352158,3.039188595132478,247.99999999999997,8043.0,318.0,363.0
2008/8/5 0:00,598189.0,2.160212784188834,0.628144,3874.377923020616,378.75966514189,13932.425282602419,363.0
2008/8/12 0:00,64923.84481020894,0.352158,0.6293019218442348,248.44015284878415,128.10475359746025,318.0,363.0
2008/8/19 0:00,544432.0,1.9797236032300072,0.628144,3511.1126217558694,345.22632214450897,12572.790610423868,363.0
2008/8/26 0:00,1146602.3950811676,1.5207913026220954,3.782704552752491,4496.0,12461.0,9963.525259569913,363.0
2008/9/2 0:00,559777.6752419434,2.2092956027838104,0.628144,3865.0,124.0,14242.477449594684,363.0
2008/9/9 0:00,64698.99999999999,0.352158,0.628144,247.99999999999997,124.0,318.0,1296.0
2008/9/16 0:00,64698.99999999999,0.35290561313745056,0.628144,248.31990516731864,124.0,323.0930483256582,367.0318384034448
2008/9/23 0:00,64698.99999999999,0.352158,1.71805,247.99999999999997,1232.7574812679022,318.0,1279.0
2008/9/30 0:00,64698.99999999999,0.352158,1.55965,247.99999999999997,2835.2333171924834,318.0,363.0
2008/10/7 0:00,64698.99999999999,0.352158,0.634095781572539,247.99999999999997,139.39308179400365,318.0,363.0
2008/10/14 0:00,64698.99999999999,0.352158,0.629463499549731,247.99999999999997,124.0,318.0,366.6638075201716
2008/10/21 0:00,64698.99999999999,0.352158,0.6289935592454629,247.99999999999997,126.51532056653305,318.0,363.0
2008/10/28 0:00,64698.99999999999,0.352158,0.628144,247.99999999999997,124.0,318.0,367.49051844884485
2008/11/4 0:00,64698.99999999999,0.352158,0.6309508437240867,247.99999999999997,131.9423193249102,318.0,363.0
2008/11/11 0:00,506019.0,1.8494572810538707,0.628144,3249.8999892801808,327.25555109586526,11591.928780503404,363.0
2008/11/18 0:00,327186.4625794303,1.337815279782997,0.628144,2167.0,124.0,7707.967383250851,363.0
2008/11/25 0:00,64698.99999999999,0.352158,0.6316787389766897,247.99999999999997,132.59534593379348,318.0,363.0
2008/12/2 0:00,64698.99999999999,0.352158,0.6344624254885456,247.99999999999997,140.73150663394327,318.0,363.0
2008/12/9 0:00,996293.2436538185,4.05315,0.628144,7262.229291298178,124.0,27952.338341913448,363.0
2008/12/16 0:00,64698.99999999999,0.352158,4.08756,247.99999999999997,10202.766567339972,318.0,363.0
2008/12/23 0:00,205436.12724163983,0.352158,4.900809916020756,247.99999999999997,14152.0,318.0,363.0
2008/12/30 0:00,65524.2561981398,0.35442482898580585,0.6285375169228791,252.9438930036652,126.87063241385135,335.24962946602204,363.0
2009/1/6 0:00,1303492.9073405198,5.0018586055581995,0.628144,9302.0,124.0,35179.765388283544,363.0
2009/1/13 0:00,64698.99999999999,0.352158,0.632344696010816,247.99999999999997,135.99593376306328,318.0,363.0
2009/1/20 0:00,64702.92833732423,0.352158,0.6301011822955687,247.99999999999997,130.19691621293208,318.0,363.0
2009/1/27 0:00,64698.99999999999,0.352158,0.628144,247.99999999999997,124.0,318.0,370.99763744347933
2009/2/3 0:00,64698.99999999999,0.35276883260317926,0.628144,248.43762265918235,124.0,322.2413874801709,365.6416984360649
2009/2/10 0:00,65803.39253166589,0.3570841155136861,0.628144,257.0063757239414,124.0,354.695673028169,364.0270705267391
2009/2/17 0:00,210205.10844264587,0.352158,5.053254636266199,247.99999999999997,14652.0,318.0,363.0
2009/2/24 0:00,64895.60518941429,0.352158,0.630367766104916,247.99999999999997,131.41961279044747,318.0,363.0
2009/3/3 0:00,64698.99999999999,0.352158,0.628144,247.99999999999997,124.0,318.0,2122.0
2009/3/10 0:00,708404.3660744764,2.88347891454228,0.628144,5068.148789224937,124.0,19325.0,363.0
2009/3/17 0:00,64698.99999999999,0.3541189807355577,0.628144,250.42086948479275,124.0,332.0782824658644,367.71954631043684
2009/3/24 0:00,64698.99999999999,0.352158,0.628144,247.99999999999997,124.0,318.0,365.9915685785513
2009/3/31 0:00,66639.72124728226,0.35793254713000155,0.6284200708204926,260.1867828449282,128.69732677863266,361.7566774748316,363.0
2009/4/7 0:00,64698.99999999999,0.352158,0.629339541919657,247.99999999999997,126.34509494186932,318.0,363.0
2009/4/14 0:00,445461.7781910785,1.86738,0.628144,3118.077286830463,124.0,11631.030972947348,363.0
2009/4/21 0:00,64698.99999999999,0.352158,0.6310256909802946,247.99999999999997,131.82967501653332,318.0,363.0
2009/4/28 0:00,1004646.0188935073,2.4695182435490244,1.756084473414091,5333.0,5655.0,16624.136467595086,363.0
2009/5/5 0:00,66096.43569740678,0.35792557229129884,0.628144,258.8080448003187,124.0,361.08356544398225,363.22795349574795
2009/5/12 0:00,783124.1257779098,3.0465229176929465,0.628144,5496.0,124.0,20520.03454791684,363.0
2009/5/19 0:00,64698.99999999999,0.352158,1.97649,247.99999999999997,4051.730617587027,318.0,363.0
2009/5/26 0:00,570112.7514386167,3.1087405733312043,0.628144,5040.0,124.0,20723.267604048546,1990.0
2009/6/2 0:00,64787.51385630192,0.352158,0.6332632362741473,247.99999999999997,140.36292432645624,318.0,363.0
2009/6/9 0:00,65899.0022222949,0.35837203347224855,0.628144,258.8740748186072,124.0,364.06819617203524,366.09850698617606
2009/6/16 0:00,64698.99999999999,0.352158,0.6294685712807975,247.99999999999997,125.43574789709446,318.0,364.0795609353371
2009/6/23 0:00,65934.63176412742,0.3561651218262179,0.628144,256.17663414321777,125.46111893069478,348.23661911543223,363.0
2009/6/30 0:00,64698.99999999999,0.352158,1.45112,247.99999999999997,2523.3974596391945,318.0,363.0
2009/7/7 0:00,352679.07778055925,1.483463143419098,0.628144,2402.974546785407,124.0,8813.0,363.0
2009/7/14 0:00,64771.34011698406,0.3537584494989536,0.628144,250.2037441274165,124.0,329.5936140322641,366.007912682878
2009/7/21 0:00,64698.99999999999,0.352158,0.628144,247.99999999999997,124.0,318.0,368.06558716405743
2009/7/28 0:00,340237.7026577537,1.4337571894779768,0.628144,2308.825259729147,124.0,8440.0,363.0
2009/8/4 0:00,64702.54215047893,0.352158,0.6282127067120277,247.99999999999997,124.22425047585341,318.0,363.0
2009/8/11 0:00,315039.7846572652,1.3348112404231232,0.628144,2120.320466297371,124.0,7697.0,363.0
2009/8/18 0:00,65264.60037708342,0.355324858078291,0.628144,253.4258721285885,124.0,341.42504081876905,365.00810836412734
2009/8/25 0:00,84764.82492354067,0.352158,1.2571994370254531,247.99999999999997,2188.0,318.0,363.0
2009/9/1 0:00,66720.79122272554,0.35641955271548165,0.6309986445323704,258.48032592083695,137.0112743244464,350.9679579317039,363.0
2009/9/8 0:00,64698.99999999999,0.352158,0.6315649369840489,247.99999999999997,128.07511737263005,318.0,365.3664773034084
2009/9/15 0:00,121579.98433122774,1.0353873152965403,0.628144,1254.3332129534401,124.0,5316.0,1405.0
2009/9/22 0:00,64698.99999999999,0.352158,0.6286732383846643,247.99999999999997,124.0,318.0,364.704400434427
2009/9/29 0:00,64698.99999999999,0.352158,0.628144,247.99999999999997,124.0,318.0,1347.0
2009/10/6 0:00,333726.7763728751,0.9941265239800777,0.903133,1753.0,1508.6879219949933,5243.6069640916885,363.0
2009/10/13 0:00,65610.12078964911,0.3571881659995673,0.628144,256.65044233600497,124.0,355.222407982582,366.0707605075121
2009/10/20 0:00,65086.51515828969,0.3574728753197644,0.628144,255.6897193898244,124.0,356.6696966393445,371.6139478470873
2009/10/27 0:00,64698.99999999999,0.352158,0.628144,247.99999999999997,124.0,318.0,1250.0
2009/11/3 0:00,64698.99999999999,0.352158,0.786882,247.99999999999997,124.0,318.0,1241.0
2009/11/10 0:00,65484.60121480232,0.3549460827436127,0.628144,253.50223294150211,124.0,338.9530930201841,363.0
2009/11/17 0:00,67209.17799582986,0.35811272429800595,0.6307169215772723,261.85026411273856,137.0827813722288,363.7054946666905,363.0
2009/11/24 0:00,65346.43792956355,0.35505895180425373,0.628144,253.2963966962258,124.0,339.60644150930494,363.6321898575581
2009/12/1 0:00,342622.84584928595,0.9563307341444227,0.9936852760863871,1711.8600141216834,1866.0,5007.0,363.0
2009/12/8 0:00,64698.99999999999,0.352158,0.6304515897069628,247.99999999999997,130.33030509703573,318.0,363.0
2009/12/15 0:00,589930.0,2.1344384532640106,0.628144,3821.0368155234073,364.5595318427971,13737.599293727835,363.0
2009/12/22 0:00,64698.99999999999,0.352158,0.6295566685409698,247.99999999999997,126.67736640603704,318.0,363.0
2009/12/29 0:00,64698.99999999999,0.352158,0.6288093064665723,247.99999999999997,125.88509544720816,318.0,363.0
2010/1/5 0:00,64698.99999999999,0.352158,0.628144,247.99999999999997,124.0,318.0,368.07965365299634
2010/1/12 0:00,64698.99999999999,0.352158,0.628144,247.99999999999997,124.0,318.0,369.4166607529572
2010/1/19 0:00,447258.72928869,1.788043459161952,0.628144,3044.0,124.0,11083.752793006897,363.0
2010/1/26 0:00,472092.5578167494,1.8816455446833682,0.628144,3226.0,124.0,11785.427901273648,363.0
2010/2/2 0:00,65651.08788757659,0.3559015018563134,0.628144,255.1287138179987,124.0,346.01550562075727,363.0
2010/2/9 0:00,110945.57072155173,0.352158,2.015170016705183,247.99999999999997,4679.0,318.0,363.0
2010/2/16 0:00,67064.21104154974,0.36008857414546575,0.628144,263.98017739390747,125.59248365048433,377.74987185962465,363.0
2010/2/23 0:00,65266.181753059034,0.3557927515330354,0.628144,254.02079922532377,124.0,344.79201215908824,366.07014072143403
2010/3/2 0:00,64698.99999999999,0.352158,0.6300522152485069,247.99999999999997,129.55627163215624,318.0,363.0
2010/3/9 0:00,64698.99999999999,0.35346897206049166,0.628144,249.3970409783231,124.0,327.3110688829671,366.9747343282365
2010/3/16 0:00,64698.99999999999,0.352158,2.55659,247.99999999999997,5740.71037531317,318.0,363.0
2010/3/23 0:00,64698.99999999999,0.352158,0.6303768968975353,247.99999999999997,128.68663345341113,318.0,363.0
2010/3/30 0:00,1053784.6421524244,4.0654259184819335,0.628144,7478.0,124.0,28158.48148946917,363.0
2010/4/6 0:00,64698.99999999999,0.352158,2.69151,247.99999999999997,6134.643065159619,318.0,363.0
2010/4/13 0:00,64889.240126238554,0.35357976937388413,0.628144,250.27536725193534,124.0,328.4437082553991,364.49608313743136
2010/4/20 0:00,64698.99999999999,0.352158,0.6303114737658229,247.99999999999997,129.29886513217173,318.0,363.0
2010/4/27 0:00,64698.99999999999,0.352158,0.628144,247.99999999999997,124.0,318.0,1947.0
2010/5/4 0:00,66177.78678747201,0.35791494599442225,0.628144,258.99975594475774,124.0,361.1004192338959,363.0
2010/5/11 0:00,64698.99999999999,0.352158,0.628144,247.99999999999997,124.0,318.0,364.68783360258584
2010/5/18 0:00,1292926.1131833927,5.179645815501445,0.628144,9442.067774193816,124.0,36567.0,363.0
2010/5/25 0:00,64949.29307065218,0.3524568748805577,0.6288320612730744,249.00860251727988,126.66906625915524,320.43654556300856,363.0
2010/6/1 0:00,66054.27954865206,0.35629474177052234,0.628184374020261,256.64204087386463,126.7983364282026,349.30605653324295,363.0
2010/6/8 0:00,66459.6967181983,0.36058561901938396,0.628144,263.0836133717475,124.0,380.6315364387376,365.9585822636488
2010/6/15 0:00,64698.99999999999,0.352158,0.6329275206806628,247.99999999999997,135.3848036600155,318.0,363.0
2010/6/22 0:00,632751.3127228378,2.4844982971697536,0.628144,4400.0,124.0,16305.449258757706,363.0
2010/6/29 0:00,65944.05812350266,0.35550442945414756,0.6288452809620421,255.36596278637822,128.67111675736456,343.4956316026908,363.0
2010/7/6 0:00,109839.24391963068,0.352158,1.9779378633274203,247.99999999999997,4557.0,318.0,363.0
2010/7/13 0:00,691707.0,2.4769117578108784,0.628144,4509.755362855166,424.5447546408607,16317.211004980778,363.0
2010/7/20 0:00,64698.99999999999,0.352158,0.6292946881306555,247.99999999999997,124.0,318.0,367.4316919401922
2010/7/27 0:00,277863.79062193964,1.19995,0.628144,1854.1629259755925,124.0,6647.96917711296,363.0
2010/8/3 0:00,65285.04677716864,0.3530501500844968,0.629473576591193,250.6045208421686,129.35934624311273,325.0884530652634,363.0
2010/8/10 0:00,65116.251405454124,0.352158,0.6310736843803854,248.14283939826558,134.08672708437305,318.0,363.0
2010/8/17 0:00,457882.15654558706,1.06712,1.3111461347250677,2353.0,3058.641550692432,6100.997416006673,363.0
2010/8/24 0:00,64698.99999999999,0.3526237626098949,0.628144,248.0831637533706,124.0,321.1201555589995,365.94178992779956
2010/8/31 0:00,81171.77019073315,0.352158,1.194785200977107,247.99999999999997,1980.0,318.0,363.0
2010/9/7 0:00,242051.80132641862,1.048505592085981,0.628144,1574.6786468150424,124.0,5547.0,363.0
2010/9/14 0:00,65884.52293264208,0.3589619145148138,0.628144,259.5825716768223,124.0,368.2941044116883,367.5912072488513
2010/9/21 0:00,308549.06932003517,0.93054976773346,0.8782021539944287,1604.0,1422.0,4757.484108950121,363.0
2010/9/28 0:00,64698.99999999999,0.352158,0.628144,247.99999999999997,124.0,318.0,369.3442026674805
2010/10/5 0:00,75283.58120913799,0.352158,0.9774520981070127,247.99999999999997,1269.0,318.0,363.0
2010/10/12 0:00,64698.99999999999,0.352158,0.628144,247.99999999999997,124.0,318.0,1220.0
2010/10/19 0:00,65121.08850120451,0.3548373586157467,0.628144,252.44829630075355,124.0,337.7543183161595,365.22590585978145
2010/10/26 0:00,514262.0,1.878372258482811,0.628144,3307.1673694243004,326.66344555254324,11809.324433354595,363.0
2010/11/2 0:00,64698.99999999999,0.352158,0.6282742197958202,247.99999999999997,124.0,318.0,365.2897859735748
2010/11/9 0:00,173529.7222080109,0.7789487485421809,0.628144,1061.4512749589117,124.0,3523.0,363.0
2010/11/16 0:00,66902.49754506223,0.35943517964085575,0.628144,262.7471830889445,125.99803726369576,372.86513743747247,363.0
2010/11/23 0:00,64698.99999999999,0.352158,0.806526,247.99999999999997,644.1567576647979,318.0,363.0
2010/11/30 0:00,64698.99999999999,0.352158,0.6293605787693662,247.99999999999997,126.53547389697103,318.0,363.0
2010/12/7 0:00,252347.99194565119,1.0584684629003842,0.628144,1622.0,124.0,5613.0521644114415,363.0
2010/12/14 0:00,575887.0,2.08763231866457,0.628144,3726.5741401898176,354.2111467643921,13384.889155242701,363.0
2010/12/21 0:00,236821.3443610789,1.03601,0.628144,1544.0229986305983,124.0,5424.128616217947,363.0
2010/12/28 0:00,605162.0,1.6853371259145762,1.10846,3291.7687538262635,2686.374816428405,10524.848228197086,363.0
2011/1/4 0:00,98569.39641291263,0.352158,1.6517476072448893,247.99999999999997,3485.0,318.0,363.0
2011/1/11 0:00,64924.03018815899,0.3526669378007654,0.6284110720285101,249.21020559099352,125.28799471600031,321.9183815749448,363.0
2011/1/18 0:00,65685.32930431442,0.35562825261365477,0.628144,254.8699476963231,124.0,344.089519410574,363.0
2011/1/25 0:00,301720.32541714364,1.29194,0.628144,2030.273470154964,124.0,7335.638659260316,363.0
2011/2/1 0:00,110602.54845948919,0.352158,2.0088562735502955,247.99999999999997,4658.0,318.0,363.0
2011/2/8 0:00,325065.52708952245,2.093758074450733,0.628144,3949.0,124.0,11496.0,1946.0
2011/2/15 0:00,567735.1937903689,2.239038114627388,0.628144,3923.0,124.0,14465.51427641752,363.0
2011/2/22 0:00,626731.0,2.2535209034631807,0.628144,4064.0669462383094,408.2333245943676,14636.180011520133,363.0
2011/3/1 0:00,442536.7506888145,1.8385853330757946,0.628144,3078.0681975435846,124.0,11479.0,363.0
2011/3/8 0:00,489994.7702039457,1.036748214738228,1.51811,2185.0332485977624,4040.0,5729.330093663396,363.0
2011/3/15 0:00,387598.5572939979,1.63398,0.628144,2677.9673668678656,124.0,9889.31147485827,363.0
2011/3/22 0:00,716951.9543604809,2.801010527437811,0.628144,5016.0,124.0,18678.39851463532,363.0
2011/3/29 0:00,66056.11351978585,0.3570025039988842,0.628144,257.540554103174,124.0,354.3984887716909,363.0
2011/4/5 0:00,64698.99999999999,0.352158,1.76709,247.99999999999997,3444.0726194756976,318.0,363.0
2011/4/12 0:00,64721.801001379186,0.35243850507049607,0.628144,248.4117661541328,124.0,320.04357778044243,363.43269322594927
2011/4/19 0:00,64698.99999999999,0.352158,0.6297501425832628,247.99999999999997,125.07264867651061,318.0,365.0768214555764
2011/4/26 0:00,64698.99999999999,0.352158,0.6309321852258148,247.99999999999997,132.19364154954675,318.0,363.0
2011/5/3 0:00,65578.64387655526,0.35336382250709975,0.6303346966942502,251.74100619760605,132.66100772579512,327.6810784478638,363.0
2011/5/10 0:00,64698.99999999999,0.352158,0.628817706290236,247.99999999999997,126.08490372453801,318.0,363.0
2011/5/17 0:00,504072.9840781614,2.09951,0.628144,3558.4724733763437,124.0,13364.492092717146,363.0
2011/5/24 0:00,65261.71002736582,0.35623131650828815,0.628144,254.56342179177364,124.0,347.9411081168948,367.12118441910957
2011/5/31 0:00,788242.0,3.914042224714247,0.628144,6566.058897941005,124.0,26762.961515098275,1826.0
2011/6/7 0:00,65056.89705867891,0.35531517695837556,0.628144,252.8899079880602,124.0,341.1172537573831,366.92478185585617
2011/6/14 0:00,634623.4303781029,2.5938352461980183,0.628144,4516.291641252744,124.0,17150.0,363.0
2011/6/21 0:00,119815.08415410672,0.352158,2.3217194106143806,247.99999999999997,5683.0,318.0,363.0
2011/6/28 0:00,64698.99999999999,0.352158,0.628144,247.99999999999997,124.0,318.0,1753.0
2011/7/5 0:00,65469.038666191955,0.355200336947439,0.628144,253.7841086807295,124.0,340.7638819023456,363.0
2011/7/12 0:00,104145.61185728031,0.352158,1.8266909487635121,247.99999999999997,4059.0,318.0,363.0
2011/7/19 0:00,64698.99999999999,0.352158,0.6297808139433877,247.99999999999997,126.50974531261076,318.0,363.4890233538815
2011/7/26 0:00,64811.06596550352,0.352158,0.6310280065568482,247.99999999999997,133.34089385144517,318.0,363.0
2011/8/2 0:00,327224.8684389445,1.39521,0.628144,2224.7581467696327,124.0,8106.166744706062,363.0
2011/8/9 0:00,96663.90905019813,0.352158,1.647650911857895,247.99999999999997,3468.0,318.0,363.0
2011/8/16 0:00,64935.70261485731,0.352158,0.629505332697454,248.34051205937033,128.77136394843623,318.0,363.0
2011/8/23 0:00,490949.4894671551,1.23028,1.27731,2426.127028937976,2982.2679583969475,7089.645799458159,363.0
2011/8/30 0:00,550614.0,1.3885594125492353,1.2991,2779.554049674535,3177.6220135952726,8327.90385666059,363.0
2011/9/6 0:00,406455.87163978786,1.2255841212960243,0.886691521689798,2336.0,1615.0549107506515,6765.0,363.0
2011/9/13 0:00,64698.99999999999,0.352158,0.6282016198831847,247.99999999999997,124.0,318.0,363.9892904398616
2011/9/20 0:00,64698.99999999999,0.352158,1.0568,247.99999999999997,1373.7095954695628,318.0,363.0
2011/9/27 0:00,253968.7299133705,1.10616,0.628144,1675.6863207539327,124.0,5947.334977957507,363.0
2011/10/4 0:00,67686.45695632632,0.3625751630769727,0.628144,268.6897192653135,124.15952506098517,396.3472691083151,363.0
2011/10/11 0:00,558637.0,2.03130010488828,0.628144,3612.007906845346,336.11742312006993,12959.995335978521,363.0
2011/10/18 0:00,329632.781435695,0.9797976463412086,0.9009361041012421,1818.0,1508.7157427516088,4931.0,363.0
2011/10/25 0:00,64895.83856495293,0.3539901309279389,0.628144,250.81028361438942,124.0,331.4026544794501,365.37887812839375
2011/11/1 0:00,65129.59425039912,0.3529700917634815,0.6288917512789076,250.11142546717764,127.21311790152137,324.33441526107407,363.0
2011/11/8 0:00,224567.23433991076,0.9790941689984445,0.628144,1442.9250400390372,124.0,5026.0,363.0
2011/11/15 0:00,81888.98079349568,0.352158,1.124400751141083,247.99999999999997,1755.0,318.0,363.0
2011/11/22 0:00,84766.85823027208,0.352158,1.2385481600707942,247.99999999999997,2128.0,318.0,363.0
2011/11/29 0:00,65035.40665203228,0.352158,0.6302274142143882,248.35563874653738,131.25126703655317,318.0,363.0
2011/12/6 0:00,66478.06283808651,0.35935004786904523,0.628144,261.5694244257707,124.0,371.7661873679928,363.0
2011/12/13 0:00,328505.50599839044,1.3422622923379413,0.628144,2176.0,124.0,7741.463403132084,363.0
2011/12/20 0:00,93452.9222618772,0.352158,1.4954785507098607,247.99999999999997,2972.0,318.0,363.0
2011/12/27 0:00,361813.7681017652,1.468508438553445,0.628144,2421.0,124.0,8687.636412188032,363.0
2012/1/3 0:00,65716.94110413297,0.3558919550318166,0.628144,255.2827094423007,124.0,346.02235279386196,363.0
2012/1/10 0:00,252828.40205924088,1.7991483645956219,0.628144,2960.0,124.0,10158.0,1940.0
2012/1/17 0:00,797444.0,1.8501327256648596,1.6008805669055406,3202.0,4233.0,11898.710445201628,363.0
2012/1/24 0:00,423179.0951525086,1.7632365207215954,0.628144,2934.092681877508,124.0,10913.0,363.0
2012/1/31 0:00,64698.99999999999,0.352158,0.628144,247.99999999999997,124.0,318.0,368.0668754261005
2012/2/7 0:00,64698.99999999999,0.352158,0.628144,247.99999999999997,124.0,318.0,363.8334802071421
2012/2/14 0:00,515756.59960615245,2.12402257121475,0.628144,3623.1978970580853,124.0,13623.0,363.0
2012/2/21 0:00,65540.76713078764,0.35589431464973575,0.628144,254.84145574273586,124.0,345.8373169978634,363.7405636630267
2012/2/28 0:00,64698.99999999999,0.352158,0.628569045888622,247.99999999999997,125.32328281640291,318.0,363.0
2012/3/6 0:00,171522.4862172594,0.352158,3.8977482265010805,247.99999999999997,10857.0,318.0,363.0
2012/3/13 0:00,1051729.1791020383,4.229347781939953,0.628144,7633.668050353332,124.0,29432.0,363.0
2012/3/20 0:00,64698.99999999999,0.352158,0.628144,247.99999999999997,124.0,318.0,1908.0
2012/3/27 0:00,64698.99999999999,0.352158,6.02598,247.99999999999997,15844.334629396764,318.0,363.0
2012/4/3 0:00,687051.0,3.57208132129283,0.628144,5879.461364211321,124.0,24187.705276960274,1982.0
2012/4/10 0:00,64698.99999999999,0.352158,0.6285056751151504,247.99999999999997,124.82230160791396,318.0,363.0
2012/4/17 0:00,64698.99999999999,0.352158,0.628144,247.99999999999997,124.0,318.0,368.8791067914686
2012/4/24 0:00,1037380.8183926832,4.2171,0.628144,7572.495619261724,124.0,29176.30243620971,363.0
2012/5/1 0:00,64698.99999999999,0.352158,0.6285435614377682,247.99999999999997,124.0,318.0,367.694622113693
2012/5/8 0:00,900745.789863163,3.6374410431996758,0.628144,6505.388141741077,124.0,24987.0,363.0
2012/5/15 0:00,1411152.0395767062,3.0197,2.89421,6985.248251235285,9395.0,20893.66628246012,363.0
2012/5/22 0:00,64964.955448770896,0.3551041500532759,0.628144,252.39154886078106,124.0,339.4940943385135,367.2974252652564
2012/5/29 0:00,64698.99999999999,0.352158,0.628144,247.99999999999997,124.0,318.0,372.28572298381124
2012/6/5 0:00,64698.99999999999,0.352158,0.6298155395350894,247.99999999999997,128.32220763556674,318.0,363.0
2012/6/12 0:00,64698.99999999999,0.352158,2.43225,247.99999999999997,5379.240869131035,318.0,363.0
2012/6/19 0:00,569842.39449862,2.3414198865051103,0.628144,4034.146879466486,124.0,15254.0,363.0
2012/6/26 0:00,518204.36354809965,2.1362428645981684,0.628144,3644.804061675014,124.0,13714.0,363.0
2012/7/3 0:00,64698.99999999999,0.352158,0.63250263721541,247.99999999999997,135.10620520779713,318.0,363.0
2012/7/10 0:00,611051.2689279455,1.43006,1.49713,3110.0,3922.844504894658,8787.486622062466,363.0
2012/7/17 0:00,65219.92662416141,0.35247968747934394,0.6300155591976839,249.71983401745035,130.94492835202993,320.91093388791677,363.0
2012/7/24 0:00,385029.2336025087,1.5535408667873079,0.628144,2588.0,124.0,9325.821628240523,363.0
2012/7/31 0:00,64698.99999999999,0.352158,1.19614,247.99999999999997,1781.8593998356866,318.0,363.0
2012/8/7 0:00,64698.99999999999,0.352158,0.628144,247.99999999999997,124.0,318.0,1630.0
2012/8/14 0:00,245927.9957416083,1.07343,0.628144,1614.1544543561597,124.0,5703.17557311222,363.0
2012/8/21 0:00,65023.843707820095,0.3527040454052246,0.6288055734404132,249.50875783239937,126.73221072778583,322.2997141485389,363.0
2012/8/28 0:00,64698.99999999999,0.352158,0.6320781246360896,247.99999999999997,134.54749591549833,318.0,363.0
2012/9/4 0:00,64698.99999999999,0.352158,0.6304405038227228,247.99999999999997,130.8557395024751,318.0,363.0
2012/9/11 0:00,207737.95876024335,0.920779,0.628144,1325.437010185462,124.0,4563.639406819112,363.0
2012/9/18 0:00,64698.99999999999,0.352158,1.00138,247.99999999999997,1209.704209434599,318.0,363.0
2012/9/25 0:00,65658.3654331608,0.3580525031250815,0.628144,257.8637338092746,124.0,361.49416566569005,367.60954425168075
2012/10/2 0:00,192232.845408047,0.862837,0.628144,1213.3031080469148,124.0,4129.946324548999,363.0
2012/10/9 0:00,543833.0,1.97951276735984,0.628144,3509.3385892285537,336.5215629842618,12570.588628117484,363.0
2012/10/16 0:00,64698.99999999999,0.352158,0.628144,247.99999999999997,124.0,318.0,364.7509330968057
2012/10/23 0:00,64698.99999999999,0.352158,0.628144,247.99999999999997,124.0,318.0,1325.0
2012/10/30 0:00,487617.0,1.5358580739377785,0.796937,2807.3078219874,1479.7551267455874,9315.32206176928,363.0
2012/11/6 0:00,256460.74742766537,0.8406206390749091,0.779136,1348.4574107011986,968.1443840068907,4075.0,363.0
2012/11/13 0:00,64698.99999999999,0.352158,0.6281884584720798,247.99999999999997,124.0,318.0,366.9559352576364
2012/11/20 0:00,288572.2477892628,0.8792220908981075,0.825485,1478.181414298135,1561.0,4317.0,363.0
2012/11/27 0:00,236188.77798998615,0.9939640114048791,0.628144,1499.0,124.0,5130.5980719096315,363.0
2012/12/4 0:00,65095.5813969746,0.3531798171255887,0.6284319124979719,250.29053860548706,125.69195055538124,325.8037905192276,363.0
2012/12/11 0:00,385201.6578094974,1.0252922523503043,1.09107,1926.0,2197.820703789791,5526.778122906872,363.0
2012/12/18 0:00,251649.01928271953,1.0967,0.628144,1657.9125545946633,124.0,5876.770174256741,363.0
2012/12/25 0:00,64698.99999999999,0.352158,0.628144,247.99999999999997,124.0,318.0,369.2989403119514
2013/1/1 0:00,64698.99999999999,0.352158,0.6287412558764371,247.99999999999997,124.0,318.0,365.088736730719
2013/1/8 0:00,406740.60318817414,1.6975385033122694,0.628144,2809.6667726026235,124.0,10420.0,363.0
2013/1/15 0:00,103367.96873255161,0.352158,1.771536442481663,247.99999999999997,3880.0,318.0,363.0
2013/1/22 0:00,64698.99999999999,0.352158,0.628144,247.99999999999997,124.0,318.0,2027.0
2013/1/29 0:00,477488.4840792958,1.9747780089802216,0.628144,3338.2096848896804,124.0,12502.0,363.0
2013/2/5 0:00,64698.99999999999,0.352158,0.628144,247.99999999999997,124.0,318.0,2017.0
2013/2/12 0:00,64698.99999999999,0.352158,0.6284451296014054,247.99999999999997,124.0,318.0,366.11050480650016
2013/2/19 0:00,64698.99999999999,0.352158,1.73267,247.99999999999997,3346.850369140482,318.0,363.0
2013/2/26 0:00,665926.0,2.11076,2.09858,3686.1409347114636,4313.0,10928.222770966657,363.0
2013/3/5 0:00,65207.30946519707,0.352158,0.6316919836492151,248.19218343248315,136.22140332369665,318.0,363.0
2013/3/12 0:00,64698.99999999999,0.352158,0.6282169842880618,247.99999999999997,124.0,318.0,365.40610410017587
2013/3/19 0:00,927619.9914842204,3.5911721453899395,0.628144,6555.0,124.0,24602.914784187695,363.0
2013/3/26 0:00,615148.0,2.221426468434907,0.628144,3994.3768327070866,369.5610408177614,14392.09425274835,363.0
2013/4/2 0:00,64698.99999999999,0.352158,0.628144,247.99999999999997,124.0,318.0,2033.0
2013/4/9 0:00,64698.99999999999,0.352158,0.628144,247.99999999999997,124.0,318.0,2059.0
2013/4/16 0:00,855297.0,3.0388420403332073,0.628144,5631.232313775745,467.92866076710817,20545.94031208131,363.0
2013/4/23 0:00,65415.07716927273,0.3535471213245087,0.6293310014120708,251.5600649086443,129.16471531069587,328.811839690048,363.0
2013/4/30 0:00,64698.99999999999,0.352158,2.88598,247.99999999999997,6701.160193104132,318.0,363.0
2013/5/7 0:00,544896.6238713833,0.4505515979872332,2.62172,1583.1178012783155,7711.0,1576.2705416990186,363.0
2013/5/14 0:00,64698.99999999999,0.352158,0.630178806610124,247.99999999999997,129.66108905842316,318.0,363.0
2013/5/21 0:00,65821.89983603777,0.35698589109703405,0.628144,256.9289877008118,124.0,354.01044971914644,363.62825053593605
2013/5/28 0:00,64698.99999999999,0.352158,1.91094,247.99999999999997,3859.458947459705,318.0,363.0
2013/6/4 0:00,64698.99999999999,0.352158,0.6298118544393216,247.99999999999997,128.90468214486333,318.0,363.0
2013/6/11 0:00,64996.99988944356,0.35316287708797534,0.628144,250.0205641720283,124.174353732366,325.56891869598985,363.0
2013/6/18 0:00,65082.78723629258,0.3551130412373033,0.628144,252.69989856395603,124.0,339.6931505957311,366.21790311364225
2013/6/25 0:00,805133.0,4.008821578899603,0.628144,6728.220268677872,124.0,27463.934975978405,1887.0
2013/7/2 0:00,549604.6923429442,2.259143959698917,0.628144,3879.203471101464,124.0,14637.0,363.0
2013/7/9 0:00,64698.99999999999,0.352158,0.628144,247.99999999999997,124.0,318.0,364.35760387451427
2013/7/16 0:00,587611.3521431584,1.3344559281308241,1.51636,2807.1782089662083,4279.0,7982.417647861616,363.0
2013/7/23 0:00,420063.9859898121,1.6865674127563821,0.628144,2846.0,124.0,10322.739909963644,363.0
2013/7/30 0:00,65031.17296360471,0.3528439200879071,0.6286338423654751,249.70389778741472,126.20359026583591,323.3141172528981,363.0
2013/8/6 0:00,66032.53019744733,0.3578792492394188,0.628144,258.5883979923977,124.0,360.67712726931296,363.71791814579973
2013/8/13 0:00,64698.99999999999,0.35318351547232263,0.628144,247.99999999999997,124.0,324.34509704563527,373.7503129212346
2013/8/20 0:00,679395.0,1.8070536455278943,1.29483,3629.264873255417,3068.0,11483.81730451203,363.0
2013/8/27 0:00,65465.89463862953,0.35554256485617697,0.628144,254.20840744072342,124.0,343.2216299825515,363.6300082450443
2013/9/3 0:00,631143.0,1.19291,1.9033228500752333,2745.7430195661495,5264.009231917304,7115.649184282738,363.0
2013/9/10 0:00,335671.1862301563,1.3680787017495593,0.628144,2227.0,124.0,7935.355181417856,363.0
2013/9/17 0:00,326430.58139312436,1.3330306955394775,0.628144,2159.0,124.0,7672.689237655647,363.0
2013/9/24 0:00,354064.62038943643,1.1252831772833474,0.797894679127659,2049.0,1231.0134723288063,6038.0,363.0
2013/10/1 0:00,538049.0,2.7117868158454774,0.628144,4418.435743499755,124.0,17830.048792672787,1388.0
2013/10/8 0:00,65381.21820822953,0.3552734767608731,0.628144,253.65503786669353,124.0,341.1892164799382,363.8012095647514
2013/10/15 0:00,247492.2898575957,1.0366942083236677,0.628144,1582.0,124.0,5450.880846460354,363.0
2013/10/22 0:00,64698.99999999999,0.352158,0.6305762214036642,247.99999999999997,128.75421406001752,318.0,363.0
2013/10/29 0:00,190352.8469857842,0.852792,0.628144,1195.9007187813927,124.0,4055.6866018262617,363.0
2013/11/5 0:00,64698.99999999999,0.352158,0.628144,247.99999999999997,124.0,318.0,369.427617605585
2013/11/12 0:00,284098.8096511238,0.761098,0.9762404456533307,1528.0,1631.0,3707.2779618389823,363.0
2013/11/19 0:00,64698.99999999999,0.352158,0.6295700035986085,247.99999999999997,126.28291636612673,318.0,363.315282350513
2013/11/26 0:00,64698.99999999999,0.352158,0.905981,247.99999999999997,933.155204675644,318.0,363.0
2013/12/3 0:00,66199.52772046137,0.35532282197317666,0.6302597347852826,255.78077916259232,133.64744653241635,342.4824133877854,363.0
2013/12/10 0:00,65301.96980077995,0.3539829950524223,0.6281845852718801,251.82535682324604,125.31653160533757,331.8170148243505,363.0
2013/12/17 0:00,64698.99999999999,0.352158,0.628144,247.99999999999997,124.0,318.0,365.1212579296432
2013/12/24 0:00,96615.54395786763,0.352158,1.6411535245821416,247.99999999999997,3447.0,318.0,363.0
2013/12/31 0:00,64698.99999999999,0.352158,0.628144,247.99999999999997,124.0,318.0,363.9790975277917
2014/1/7 0:00,716883.1549846872,1.7220807438005727,1.5559502366448332,3622.7072186750293,4437.0,10977.0,363.0
2014/1/14 0:00,67273.74573417412,0.35948285511090805,0.6290022558302584,263.7435220556185,131.78774821731085,373.63371101014485,363.0
2014/1/21 0:00,64698.99999999999,0.352158,1.42547,247.99999999999997,4955.0,318.0,2008.0
2014/1/28 0:00,625203.8290948354,1.42791,1.43909,3632.0,3841.749078763654,9285.856334599675,363.0
2014/2/4 0:00,64973.57842698941,0.352158,0.6309250285422869,247.99999999999997,133.3354885050567,318.0,363.0
2014/2/11 0:00,393578.5605222865,1.65976,0.628144,2725.542382981343,124.0,10081.220039688667,363.0
2014/2/18 0:00,64698.99999999999,0.352158,0.6317010597532166,247.99999999999997,134.18277262484915,318.0,363.0
2014/2/25 0:00,650827.7905316363,2.6538889641160286,0.628144,4632.998541201364,124.0,17602.0,363.0
2014/3/4 0:00,64698.99999999999,0.352158,0.628144,247.99999999999997,124.0,318.0,364.96518526833006
2014/3/11 0:00,1046627.4796596786,4.0372324085497455,0.628144,7424.0,124.0,27947.50302364698,363.0
2014/3/18 0:00,66842.58543840163,0.35886939778782206,0.628144,261.8815403745206,127.64627473541925,368.7272546198349,363.0
2014/3/25 0:00,65644.34068974924,0.3538454900841773,0.6299252457269311,252.51500086140942,131.49566524769713,331.2206320266839,363.0
2014/4/1 0:00,1362460.6555173383,5.222418629811324,0.628144,9732.0,124.0,36833.679545788924,363.0
2014/4/8 0:00,1010378.0626746406,3.901910569202937,0.628144,7160.0,124.0,26932.683884708196,363.0
2014/4/15 0:00,1563622.9999999998,4.21022,3.1594908608156036,9679.641503400971,11966.0,30054.18210831512,363.0
2014/4/22 0:00,64698.99999999999,0.352158,0.629213878047115,247.99999999999997,126.77807278674702,318.0,363.0
2014/4/29 0:00,64698.99999999999,0.352158,0.6288402155409551,247.99999999999997,125.21977347002456,318.0,363.0330850973039
2014/5/6 0:00,64698.99999999999,0.352158,0.628144,247.99999999999997,124.0,318.0,367.17192072715
2014/5/13 0:00,65657.47576775536,0.3583145980873358,0.628144,258.1925108664841,124.0,363.3781708085436,368.2210263109824
2014/5/20 0:00,64698.99999999999,0.352158,0.6281995640843006,247.99999999999997,124.0,318.0,363.44274267684017
2014/5/27 0:00,65343.979221420115,0.35547934443038826,0.628144,253.8211439207488,124.0,342.62714746529446,364.6226203661756
2014/6/3 0:00,64698.99999999999,0.352158,2.33472,247.99999999999997,5096.245374534416,318.0,363.0
2014/6/10 0:00,1060211.164504887,2.35665,2.21286,5276.382400361717,7014.4225384727915,15799.231555002265,363.0
2014/6/17 0:00,64698.99999999999,0.352158,0.628144,247.99999999999997,124.0,318.0,369.1919762924509
2014/6/24 0:00,124616.04665849103,0.352158,2.4181942341632627,247.99999999999997,6003.0,318.0,363.0
2014/7/1 0:00,601795.7873179766,2.368502534258574,0.628144,4174.0,124.0,15435.696224489871,363.0
2014/7/8 0:00,65028.59616404681,0.3545879574842619,0.628144,251.9000826418752,124.0,335.85453437379266,365.51537722107133
2014/7/15 0:00,800974.0,2.8500440639291234,0.628144,5256.048554004379,463.6980078047747,19125.89974912901,363.0
2014/7/22 0:00,64921.94400069375,0.352158,0.6311625271435455,247.99999999999997,133.98477878588096,318.0,363.0
2014/7/29 0:00,66573.5991231678,0.3590756456720665,0.628144,261.4637610451294,124.0,369.9021915288851,363.0
2014/8/5 0:00,64698.99999999999,0.352158,0.628144,247.99999999999997,124.0,318.0,366.30484305530524
2014/8/12 0:00,64698.99999999999,0.352158,0.628144,247.99999999999997,124.0,318.0,1688.0
2014/8/19 0:00,64698.99999999999,0.352158,1.33093,247.99999999999997,2171.893282905519,318.0,363.0
2014/8/26 0:00,64698.99999999999,0.352158,0.628144,247.99999999999997,124.0,318.0,1579.0
2014/9/2 0:00,64750.61721766916,0.352158,0.6300159608827782,247.99999999999997,130.0213954008315,318.0,363.0
2014/9/9 0:00,611184.0,2.2070510566284933,0.628144,3966.243249287891,372.02262778044684,14284.167011035217,363.0
2014/9/16 0:00,64698.99999999999,0.352158,0.628144,247.99999999999997,124.0,318.0,370.60369114147477
2014/9/23 0:00,66835.19403143365,0.3597344147147549,0.628144,262.95540059276897,124.0,374.9401075222099,363.0
2014/9/30 0:00,117581.91611464882,1.024381011830138,0.628144,1230.3511014237654,124.0,5232.0,1417.0
2014/10/7 0:00,192567.54896223685,0.864118,0.628144,1215.7618041217625,124.0,4139.525272287998,363.0
2014/10/14 0:00,64698.99999999999,0.352158,0.629021896697606,247.99999999999997,126.00786113600114,318.0,363.0
2014/10/21 0:00,64698.99999999999,0.742747,0.628144,702.2043774562384,124.0,3103.4484555638,1401.0
2014/10/28 0:00,64698.99999999999,0.35378176040924014,0.628144,248.8927462624377,124.0,329.15173148696545,371.024066191813
2014/11/4 0:00,64698.99999999999,0.352158,0.6283297352026385,247.99999999999997,124.41618058288361,318.0,363.0
2014/11/11 0:00,579668.0,0.805251,2.2322251638838835,2128.5756224020693,6201.50622544509,4288.981416333151,363.0
2014/11/18 0:00,228194.60916930222,0.9988867126723375,0.628144,1477.069260602281,124.0,5173.0,363.0
2014/11/25 0:00,83900.92895890838,0.352158,1.209558648272085,247.99999999999997,2033.0,318.0,363.0
2014/12/2 0:00,65895.03640220668,0.35653008313006057,0.628144,256.5377303499458,124.0,350.8160728700835,363.0
2014/12/9 0:00,583853.0,0.970770037917798,2.001731738554867,1714.0,5466.385201051301,5970.0,363.0
2014/12/16 0:00,65752.52007411682,0.3575377776448925,0.628144,257.4510632914596,124.0,357.9001454266808,365.54601872973717
2014/12/23 0:00,90543.89996140303,0.352158,1.4895204657553098,247.99999999999997,2947.0,318.0,363.0
2014/12/30 0:00,312211.7473719108,1.3254230738783386,0.628144,2101.3323347430223,124.0,7626.0,363.0
2015/1/6 0:00,64698.99999999999,0.352158,0.628144,247.99999999999997,124.0,318.0,365.39747300886893
2015/1/13 0:00,65581.17920826898,0.3555893929816406,0.628144,254.55824772870784,124.0,343.6906135465672,363.0
2015/1/20 0:00,64698.99999999999,0.352158,0.6296074087395493,247.99999999999997,128.23423740774226,318.0,363.0
2015/1/27 0:00,431977.3637308446,1.7966168376851102,0.628144,2998.4367098301955,124.0,11164.0,363.0
2015/2/3 0:00,64698.99999999999,0.352158,0.628144,247.99999999999997,124.0,318.0,373.7608630379671
2015/2/10 0:00,169220.85327427034,1.50165,0.628144,1960.2286141396794,124.0,8687.429434554668,2028.0
2015/2/17 0:00,64698.99999999999,0.352158,0.6287769890999789,247.99999999999997,125.91875093560536,318.0,363.0
2015/2/24 0:00,740482.7756448849,1.8821591323498483,1.4278122670597055,3884.3907846762304,4073.0,12158.0,363.0
2015/3/3 0:00,65822.6583821906,0.35611336139647415,0.628144,255.828913828836,124.0,347.7359584083934,363.0
2015/3/10 0:00,65651.17437133999,0.3535115203962139,0.6304446893384635,252.11043575657655,133.15176202955112,328.8265089479507,363.0
2015/3/17 0:00,64698.99999999999,0.352158,0.628144,247.99999999999997,124.0,318.0,368.38534699310395
2015/3/24 0:00,64698.99999999999,0.352158,0.628144,247.99999999999997,124.0,318.0,1978.0
2015/3/31 0:00,650356.0,2.40991,0.628144,5700.0,124.0,19562.51957902444,1949.0
2015/4/7 0:00,787192.0,1.7232826134914072,1.98859,3786.2245204271385,4494.0,11000.809005601814,363.0
2015/4/14 0:00,64698.99999999999,0.352158,1.98985,247.99999999999997,4088.849395553824,318.0,363.0
2015/4/21 0:00,64698.99999999999,0.352158,0.628144,247.99999999999997,124.0,318.0,2008.0
2015/4/28 0:00,542153.932262389,2.25112,0.628144,3845.6026514130845,124.0,14496.430780952645,363.0
2015/5/5 0:00,64833.72798062117,0.35408210832745574,0.628144,250.76983335089184,124.0,331.9929514625799,366.17036704622416
2015/5/12 0:00,66323.80544860473,0.3532386812083883,0.633868378929521,253.46192754280526,145.30391756912084,327.63546919115,363.0
2015/5/19 0:00,816098.0,4.099108314187834,0.628144,6869.766758545486,124.0,28125.80283442216,1993.0
2015/5/26 0:00,768067.9273380293,3.15183,0.628144,5550.617413646339,124.0,21220.86995453103,363.0
2015/6/2 0:00,64698.99999999999,0.352158,0.628144,247.99999999999997,124.0,318.0,370.87049402274096
2015/6/9 0:00,64698.99999999999,0.352158,3.5918,247.99999999999997,8752.787797467467,318.0,363.0
2015/6/16 0:00,64698.99999999999,0.352158,0.6303577597674397,247.99999999999997,130.34106639104806,318.0,363.0
2015/6/23 0:00,65367.42231005364,0.3522150427310986,0.6310660305462359,249.75751301313778,134.557471245596,319.17669329758473,363.0
2015/6/30 0:00,718494.3256438972,2.920394915353801,0.628144,5140.215392001796,124.0,19603.0,363.0
2015/7/7 0:00,64698.99999999999,0.352158,0.6290026807182416,247.99999999999997,125.96992813892889,318.0,363.0
2015/7/14 0:00,64698.99999999999,0.352158,0.628144,247.99999999999997,124.0,318.0,367.47196503172944
2015/7/21 0:00,64698.99999999999,0.352158,1.98957,247.99999999999997,4090.953101600205,318.0,363.0
2015/7/28 0:00,64698.99999999999,0.352158,0.6282349881391437,247.99999999999997,124.07526156089695,318.0,363.100998710066
2015/8/4 0:00,64698.99999999999,0.352158,0.628144,247.99999999999997,124.0,318.0,1742.0
2015/8/11 0:00,64698.99999999999,0.352158,0.6291707750487263,247.99999999999997,126.61873449539043,318.0,363.0
2015/8/18 0:00,64883.51254292166,0.35452411392587085,0.628144,251.45361202301737,124.0,335.22900481846915,366.7228352460395
2015/8/25 0:00,294325.374030506,1.7508201734481867,0.628144,2612.0,124.0,10640.6793806838,1439.0
2015/9/1 0:00,66650.62081925149,0.35849571418928056,0.628144,260.9255349153106,126.26769976060855,365.81955502944743,363.0
2015/9/8 0:00,86718.861748441,0.352158,1.2948359210886207,247.99999999999997,2313.0,318.0,363.0
2015/9/15 0:00,283026.05038729194,1.2111764529839728,0.628144,1883.4476781252367,124.0,6768.0,363.0
2015/9/22 0:00,64698.99999999999,0.352158,0.62837884487425,247.99999999999997,124.57449859908834,318.0,363.0
2015/9/29 0:00,246188.2013727602,1.0671084003804234,0.628144,1608.6037960755098,124.0,5686.0,363.0
2015/10/6 0:00,66816.63183549467,0.36022089420307474,0.628144,263.52300816345195,124.0,378.41765509043904,363.0
2015/10/13 0:00,64698.99999999999,0.352158,0.843118,247.99999999999997,747.9646934024897,318.0,363.0
2015/10/20 0:00,64698.99999999999,0.352158,0.6298344375604157,247.99999999999997,129.19994876349952,318.0,363.0
2015/10/27 0:00,64698.99999999999,0.352158,0.628330972434968,247.99999999999997,124.26253468989636,318.0,363.0836079025209
2015/11/3 0:00,222085.23461922078,0.663501,0.7451341409617436,1154.6608937204162,804.0958882815019,4596.0,363.0
2015/11/10 0:00,585923.0,2.3926832861446465,0.830826,3881.284224891995,124.0,15474.016408637213,1329.0
2015/11/17 0:00,156116.2549539118,0.710029,0.628144,929.6161470306656,124.0,2991.66099700756,363.0
2015/11/24 0:00,64698.99999999999,0.352158,2.1087621686986275,247.99999999999997,2364.0,318.0,1356.0
2015/12/1 0:00,65151.21763804475,0.35228729030009137,0.6299881606174695,249.30358637503628,130.7228908309622,319.4484014223123,363.0
2015/12/8 0:00,64698.99999999999,0.352158,0.6298538305061302,247.99999999999997,129.0498908629778,318.0,363.0
2015/12/15 0:00,64698.99999999999,0.352158,0.631994813678587,247.99999999999997,131.5039847978393,318.0,363.0
2015/12/22 0:00,252405.98604625565,1.10163,0.628144,1666.0356193660348,124.0,5913.026164826177,363.0
2015/12/29 0:00,64798.84825210658,0.35317096183613844,0.628144,249.53112311747986,124.0,325.39985860560324,364.39909350766595
2016/1/5 0:00,64698.99999999999,0.352158,0.629382797922552,247.99999999999997,124.45187365799276,318.0,365.0331541917282
2016/1/12 0:00,639937.9274428093,1.5270589490254252,1.4953588404790323,3207.0,4078.0,9427.645978987777,363.0
2016/1/19 0:00,65407.89511758627,0.3565828457799121,0.628144,255.37601081807674,124.0,350.6369783311685,366.56551452696874
2016/1/26 0:00,66843.30780914196,0.3609815169339973,0.628144,264.55092377658167,124.0,383.9187523926909,363.28860025236827
2016/2/2 0:00,64698.99999999999,0.352158,0.628144,247.99999999999997,124.0,318.0,1999.0
2016/2/9 0:00,64698.99999999999,0.352158,0.628510386122405,247.99999999999997,124.0,318.0,364.3636028574691
2016/2/16 0:00,64698.99999999999,0.352158,0.6285488845065633,247.99999999999997,124.0,318.0,365.9610987065617
2016/2/23 0:00,64698.99999999999,0.352158,0.6293846295773028,247.99999999999997,124.0,318.0,366.2481112407411
2016/3/1 0:00,743118.4838362,2.900605757676156,0.628144,5209.0,124.0,19424.705311326223,363.0
2016/3/8 0:00,64698.99999999999,0.352158,0.628144,247.99999999999997,124.0,318.0,367.95105724959654
2016/3/15 0:00,817143.7324335612,3.1737090654653874,0.628144,5744.0,124.0,21473.783835113336,363.0
2016/3/22 0:00,64698.99999999999,0.352158,0.6310508203433646,247.99999999999997,131.2475722605075,318.0,363.0
2016/3/29 0:00,905787.3332106043,3.36832,0.628144,6294.715280142352,124.0,24900.0,363.0
2016/4/5 0:00,64698.99999999999,0.352158,0.6314441176575603,247.99999999999997,132.67450836561258,318.0,363.0
2016/4/12 0:00,64745.12484229847,0.352158,0.6301375892427155,247.99999999999997,130.39519630675312,318.0,363.0
2016/4/19 0:00,845391.0,3.0026420716558166,0.628144,5560.578233527251,475.35710855829785,20274.24647848693,363.0
2016/4/26 0:00,933519.8872179195,3.8027,0.628144,6788.246358516643,124.0,26082.601786823292,363.0
2016/5/3 0:00,64698.99999999999,0.352158,0.628144,247.99999999999997,124.0,318.0,368.2171927303653
2016/5/10 0:00,1250049.5541546983,5.06308,0.628144,9175.123657486323,124.0,35492.69607224089,363.0
2016/5/17 0:00,64698.99999999999,0.352158,4.65163,247.99999999999997,11840.995310649068,318.0,363.0
2016/5/24 0:00,65719.20188552495,0.35484338547477046,0.6288015765720434,253.9640889289118,128.08981774869343,338.4834796250746,363.0
2016/5/31 0:00,878159.8199522013,4.360534317463463,0.628144,7361.687728293751,124.0,30183.0,1995.0
2016/6/7 0:00,64698.99999999999,0.352158,0.628144,247.99999999999997,124.0,318.0,363.7851343308004
2016/6/14 0:00,1563622.9999999998,3.21511,3.16426,7889.565292656724,11050.151843507965,25484.0,363.0
2016/6/21 0:00,1390268.0470319302,2.6618026345409103,3.14433,6507.538843841077,11503.0,18449.240014315918,363.0
2016/6/28 0:00,735165.406395199,2.8661341876002147,0.628144,5145.0,124.0,19167.66149909075,363.0
2016/7/5 0:00,64698.99999999999,0.35261836961870574,0.628144,247.99999999999997,124.0,320.9989447939368,366.60042389859626
2016/7/12 0:00,580885.2556684883,2.3804012311027045,0.628144,4111.224769670266,124.0,15548.0,363.0
2016/7/19 0:00,64698.99999999999,0.352158,0.628272300938477,247.99999999999997,124.0,318.0,363.91907773495836
2016/7/26 0:00,65777.1104776997,0.3533002473743395,0.6313201180266013,252.161158268931,136.1682850365773,327.4514047322914,363.0
2016/8/2 0:00,781240.0,2.783997214325221,0.628144,5122.960496333544,450.4158953769492,18628.29367488912,363.0
2016/8/9 0:00,66361.82540430561,0.3565976689665103,0.6291239376174296,257.80012790849304,130.37554576130344,351.83739475040414,363.0
2016/8/16 0:00,64698.99999999999,0.352158,0.6303421530570474,247.99999999999997,126.83120149837613,318.0,364.2762441183962
2016/8/23 0:00,64908.07381963252,0.35265494627171207,0.6283568734431183,249.15482554768693,125.08516013898696,321.81384068162146,363.0
2016/8/30 0:00,64698.99999999999,0.352158,0.6288777296595066,247.99999999999997,126.18745134924372,318.0,363.0
2016/9/6 0:00,67294.4600230779,0.36273501693904275,0.628144,267.90316619024554,124.0,397.0474856622128,363.11244936935583
2016/9/13 0:00,66316.36037211056,0.3577554270440794,0.628144,259.1477089599982,124.28190061508484,360.11202838443177,363.0
2016/9/20 0:00,64698.99999999999,0.352158,0.6298035373284349,247.99999999999997,125.06178372150578,318.0,365.19931219923336
2016/9/27 0:00,359263.0423154261,1.0337343660191918,0.961603,1851.5784780749905,1738.820509459373,5596.0,363.0
2016/10/4 0:00,182357.87000870463,0.818998,0.628144,1133.143052735608,124.0,3803.9421981889113,363.0
2016/10/11 0:00,64698.99999999999,0.352158,0.827597,247.99999999999997,1578.0,318.0,1405.0
2016/10/18 0:00,66198.74022764203,0.3565687639806262,0.6284329372017066,257.3523919052242,127.86903363074865,351.44250737415365,363.0
2016/10/25 0:00,65749.35154452757,0.3590649456042481,0.628144,259.371854539927,124.0,368.88012737610444,369.0901724392933
2016/11/1 0:00,65986.55954522581,0.35897369425365716,0.628144,259.8547410283814,124.0,368.49582434229507,366.6657839387731
2016/11/8 0:00,220643.69005335978,0.9643375634467953,0.628144,1414.3942929541706,124.0,4915.0,363.0
2016/11/15 0:00,231273.89942180258,1.0062947712825205,0.628144,1494.1901079236504,124.0,5230.0,363.0
2016/11/22 0:00,64698.99999999999,0.352158,0.6283285424245085,247.99999999999997,124.0,318.0,363.9650655591342
2016/11/29 0:00,64698.99999999999,0.352158,0.6291716160056602,247.99999999999997,124.0,318.0,366.3839614283816
2016/12/6 0:00,314702.2435530156,1.288788504951238,0.628144,2073.0,124.0,7341.044865165715,363.0
2016/12/13 0:00,335182.3002516018,1.4157165781401257,0.628144,2273.29283062213,124.0,8304.0,363.0
2016/12/20 0:00,220168.00695388796,1.4695989088029933,0.628144,2051.329241838602,124.0,8563.0,1484.0
2016/12/27 0:00,64717.14028610122,0.3533047534991947,0.628144,249.4940673454002,124.0,326.26841891877353,365.4697580150779
2017/1/3 0:00,66341.14951166054,0.3589857276826904,0.628144,260.76406008460316,124.0,368.9889543166208,363.38330682652463
2017/1/10 0:00,65812.40030030915,0.3530364209197932,0.6318648677486502,251.91693655164016,137.96048162705875,325.59439072539817,363.0
2017/1/17 0:00,64698.99999999999,0.3523399933176631,0.628144,247.99999999999997,124.0,319.1047637638991,365.0809762932188
2017/1/24 0:00,64698.99999999999,0.352158,0.628144,247.99999999999997,124.0,318.0,363.95568860079084
2017/1/31 0:00,124452.9411590814,0.352158,2.4590151083591114,247.99999999999997,6134.0,318.0,363.0
2017/2/7 0:00,64698.99999999999,0.352158,0.6286279093756351,247.99999999999997,124.0,318.0,364.31952834181595
2017/2/14 0:00,65638.41470957002,0.3574430159108548,0.628144,257.0436573080712,124.0,357.08776845962944,366.3931342545052
2017/2/21 0:00,65232.592711137906,0.3549044412222227,0.628144,252.81418515396066,124.0,338.3646403897362,364.33937280286466
2017/2/28 0:00,64698.99999999999,0.352158,4.980871015867101,247.99999999999997,7474.0,318.0,2279.0
2017/3/7 0:00,64698.99999999999,0.352158,0.628144,247.99999999999997,124.0,318.0,2272.0
2017/3/14 0:00,64698.99999999999,0.352158,0.6285700466498555,247.99999999999997,124.0,318.0,364.884291380896
2017/3/21 0:00,205735.01159123547,0.352158,4.9049752762467715,247.99999999999997,14166.0,318.0,363.0
2017/3/28 0:00,1413068.1661349784,5.70943,0.628144,10400.919199254047,124.0,40319.19247682929,363.0
2017/4/4 0:00,1318126.1559003252,5.057608941512932,0.628144,9410.0,124.0,35597.508883839255,363.0
2017/4/11 0:00,1563622.9999999998,6.11292,0.628144,14563.069234009323,124.0,56761.0,363.0
2017/4/18 0:00,64698.99999999999,0.352158,0.6282143714037134,247.99999999999997,124.0,318.0,364.8037631667855
2017/4/25 0:00,65026.546838997914,0.35305965881647894,0.6282973388287393,249.9647061811317,125.13035291701259,324.86043725106373,363.0
2017/5/2 0:00,64756.679437506275,0.35244985547093555,0.628144,248.51404965907346,124.0,320.1652042095631,363.1332172761173
2017/5/9 0:00,65299.709581068884,0.3533875995491028,0.6290456979560839,251.06768558297605,128.035164492063,327.53225173943787,363.0
2017/5/16 0:00,64698.99999999999,0.352158,0.628144,247.99999999999997,124.0,318.0,2227.0
2017/5/23 0:00,1563622.9999999998,6.11292,0.628144,13615.383099577864,124.0,53025.0,363.0
2017/5/30 0:00,65406.73161325954,0.3553808406487454,0.628144,253.85496985971747,124.0,341.9906477046964,363.8101204386694
2017/6/6 0:00,64698.99999999999,0.352158,3.00518,247.99999999999997,7044.318980103991,318.0,363.0
2017/6/13 0:00,717389.759413861,3.797857161029859,0.628144,6245.6464527716735,124.0,25938.0,2201.0
2017/6/20 0:00,745338.1806673912,2.90718824195297,0.628144,5223.0,124.0,19474.59267281162,363.0
2017/6/27 0:00,875658.0,2.364286734550605,1.3064687311370264,4721.0,3856.750472723054,15713.370290355815,363.0
2017/7/4 0:00,126891.20944252999,0.352158,2.483605605117334,247.99999999999997,6218.0,318.0,363.0
2017/7/11 0:00,65006.10808477587,0.35575925773374767,0.628144,253.3227050147138,124.0,344.25291136982116,368.4209005001044
2017/7/18 0:00,64698.99999999999,0.352158,0.628144,247.99999999999997,124.0,318.0,2112.0
2017/7/25 0:00,64698.99999999999,0.352158,0.628144,247.99999999999997,124.0,318.0,367.2092912049983
2017/8/1 0:00,320537.2693530641,2.108625291699105,0.628144,3111.4935355029465,124.0,13291.0,2018.0
2017/8/8 0:00,64698.99999999999,0.352158,0.6300904483593402,247.99999999999997,126.50460456276399,318.0,364.13286604592633
2017/8/15 0:00,64848.72038058854,0.3542891833775785,0.628144,251.06916905557313,124.0,333.4994562250838,366.5069657081813
2017/8/22 0:00,64698.99999999999,0.352158,1.23235,247.99999999999997,3429.0,318.0,1896.0
2017/8/29 0:00,785606.0,1.14131,2.652412525255509,3074.759621435665,7933.106777490753,6976.018314794491,363.0
2017/9/5 0:00,64698.99999999999,0.352158,1.0473,247.99999999999997,1353.8005952326025,318.0,363.0
2017/9/12 0:00,64698.99999999999,0.352158,0.6314923971446317,247.99999999999997,133.7573463412761,318.0,363.0
2017/9/19 0:00,64698.99999999999,0.352158,0.6297007461833104,247.99999999999997,128.5986661439603,318.0,363.0
2017/9/26 0:00,66063.51236243194,0.35229320968001837,0.6340815545046211,251.61147143451765,145.4651166352902,320.53703974289164,363.0
2017/10/3 0:00,760130.0,2.410687035402493,0.737306900298488,4598.410916347445,1862.0,15919.261298481671,363.0
2017/10/10 0:00,64698.99999999999,0.352158,0.628371608375564,247.99999999999997,124.0,318.0,366.07158918728277
2017/10/17 0:00,64698.99999999999,0.352158,0.6290792196904139,247.99999999999997,126.5893473755835,318.0,363.0
2017/10/24 0:00,64698.99999999999,0.352158,0.6299029982688037,247.99999999999997,124.52161465175665,318.0,366.0247969144871
2017/10/31 0:00,64698.99999999999,0.352158,0.6286196399822107,247.99999999999997,124.0,318.0,364.16288311608815
2017/11/7 0:00,153907.51969829452,0.705637,0.628144,918.5104700500506,124.0,2957.6019453098734,363.0
2017/11/14 0:00,65082.43500391009,0.352158,0.6306140486069054,248.32303506790524,132.5665888269615,318.0,363.0
2017/11/21 0:00,775731.0,0.822659,3.0954581269041754,2239.0,9303.023806910454,4431.405204819547,363.0
2017/11/28 0:00,192814.37933884925,0.859864,0.628144,1211.0220080443116,124.0,4109.2727999631525,363.0
2017/12/5 0:00,835027.0,2.967302451639171,0.628144,5489.8579095562545,471.40247850704463,20008.21616438829,363.0
2017/12/12 0:00,409963.4161682349,1.6493027063734558,0.628144,2773.0,124.0,10043.145072316802,363.0
2017/12/19 0:00,64698.99999999999,0.352158,0.628144,247.99999999999997,124.0,318.0,368.8230659966774
2017/12/26 0:00,65375.14311934543,0.3557631346220366,0.628144,254.25814668759082,124.0,344.7039414721967,364.9848044996961
2018/1/2 0:00,65343.930447936575,0.352158,0.631311757801673,249.39503154345041,135.28823956770412,318.0,363.0
2018/1/9 0:00,64698.99999999999,0.352158,0.628144,247.99999999999997,124.0,318.0,369.12410419608705
2018/1/16 0:00,1085359.8799269802,2.5085568015762405,2.0618802136951153,5589.0,6802.0,16997.456483554946,363.0
2018/1/23 0:00,64698.99999999999,0.352158,1.72208,247.99999999999997,3308.79789130325,318.0,363.0
2018/1/30 0:00,65214.96238353239,0.3549317250358686,0.628144,252.80418804546392,124.0,338.54065408611876,364.5667456307767
2018/2/6 0:00,1000069.3000926559,1.86871,2.624097835821651,4513.859417637526,8451.0,12251.608965360909,363.0
2018/2/13 0:00,880782.316670008,3.561911633077921,0.628144,6359.656927262453,124.0,24419.0,363.0
2018/2/20 0:00,1026187.0,3.6159914932611796,0.628144,6790.305592147985,558.8594116140132,24892.48370795011,363.0
2018/2/27 0:00,64698.99999999999,0.352158,0.628144,247.99999999999997,124.0,318.0,2666.0
2018/3/6 0:00,1236055.8896850953,4.748644211252965,0.628144,8809.0,124.0,33281.28510489248,363.0
2018/3/13 0:00,1563622.9999999998,4.5859401408079075,2.73181,10226.934960220726,10269.825883802754,33113.0,363.0
2018/3/20 0:00,64698.99999999999,0.352158,3.24012,247.99999999999997,7730.9090902542475,318.0,363.0
2018/3/27 0:00,65794.49908823415,0.35680244911555703,0.628144,256.6282116269389,124.0,352.6596896447114,363.46187473774444
2018/4/3 0:00,65045.11186484561,0.35248813436034904,0.6292171586280811,249.28969574705164,128.07567207594346,320.7712370941203,363.0
2018/4/10 0:00,170194.9594431456,0.352158,3.8678030363124596,247.99999999999997,10758.0,318.0,363.0
2018/4/17 0:00,813246.516835856,3.3258,0.628144,5883.829895805596,124.0,22521.449879224958,363.0
2018/4/24 0:00,64698.99999999999,0.35313294913803056,0.628144,249.1982666497446,124.0,324.9969371095815,365.3661595186578
2018/5/1 0:00,64698.99999999999,0.352158,0.6289561469081714,247.99999999999997,124.0,318.0,365.0260849380098
2018/5/8 0:00,1563622.9999999998,6.11292,5.20091,20270.0,29772.0,56760.99999999999,363.0
2018/5/15 0:00,66508.75327301185,0.3570472821515685,0.6291266422052765,258.7384678101421,130.67362889599147,355.23955049290123,363.0
2018/5/22 0:00,1260932.0,4.408478170113209,0.628144,8382.074095004407,685.2541394231317,30860.852131880565,363.0
2018/5/29 0:00,66282.4053442261,0.35640363695608535,0.6290507699392827,257.35480685649605,129.98766631214465,350.3508226923161,363.0
2018/6/5 0:00,1563622.9999999998,6.11292,0.628144,14225.647372995247,124.0,55431.0,363.0
2018/6/12 0:00,64698.99999999999,0.352158,4.12777,247.99999999999997,4266.532939721495,318.0,2646.0
2018/6/19 0:00,1360775.761755583,5.2171285861377905,0.628144,9721.0,124.0,36793.70082764625,363.0
2018/6/26 0:00,752120.4770977718,3.08559,0.628144,5426.908423347763,124.0,20727.105935773125,363.0
2018/7/3 0:00,64698.99999999999,0.352158,0.6314115953563482,247.99999999999997,133.08689520475212,318.0,363.0
2018/7/10 0:00,996921.209726777,4.019410092319684,0.628144,7230.319408945917,124.0,27854.0,363.0
2018/7/17 0:00,64698.99999999999,0.352158,0.6284921926424385,247.99999999999997,124.0,318.0,364.7847196563113
2018/7/24 0:00,752289.1201406755,3.0545547665878714,0.628144,5394.872169902192,124.0,20610.0,363.0
2018/7/31 0:00,692758.1895084695,2.822089050491485,0.628144,4951.161860231716,124.0,18864.0,363.0
2018/8/7 0:00,64779.608856913954,0.352158,0.6286370063693004,248.09058181913895,125.71787313652011,318.0,363.0
2018/8/14 0:00,120318.47245769526,0.352158,2.2738482967753155,247.99999999999997,5530.0,318.0,363.0
2018/8/21 0:00,1123869.0,2.372477879612168,2.402049385173762,5452.375377525909,7806.685885411682,15763.0,363.0
2018/8/28 0:00,64698.99999999999,0.352158,0.6300746403841402,247.99999999999997,125.51199013733975,318.0,365.2406493585214
2018/9/4 0:00,64822.825953204956,0.35432555020878975,0.628144,251.04980515481407,124.0,333.7313204390735,366.8323889738023
2018/9/11 0:00,101400.38050561807,0.352158,1.7295567011510484,247.99999999999997,3741.0,318.0,363.0
2018/9/18 0:00,64698.99999999999,0.3523182916530923,0.628144,247.99999999999997,124.0,318.5636246523133,368.16594914688403
2018/9/25 0:00,64698.99999999999,0.3543324309250545,0.628144,249.65324273451716,124.0,333.1417968564621,372.05068011893053
2018/10/2 0:00,64698.99999999999,0.352158,0.628144,247.99999999999997,124.0,318.0,2154.0
2018/10/9 0:00,1060841.0,0.40542134806509705,4.946714271061204,2346.0,15707.344998579161,1822.2326513180535,363.0
2018/10/16 0:00,136412.8874898122,1.4208170836394487,0.628144,1778.5249806670827,124.0,8116.0,2154.0
2018/10/23 0:00,409917.4889364925,1.2389724900240724,0.748613,2138.0,2466.0,7091.937545432718,363.0
2018/10/30 0:00,64982.816035195516,0.35447406340177995,0.628144,251.64079932141811,124.0,334.98289858457605,365.6806320149992
2018/11/6 0:00,64698.99999999999,0.352158,0.628144,247.99999999999997,124.0,318.0,363.728162542093
2018/11/13 0:00,159693.68406385308,0.729672,0.628144,963.3971174168258,124.0,3136.762476786139,363.0
2018/11/20 0:00,64698.99999999999,0.35277369337409353,0.628144,248.34660529810918,124.0,322.23216690732136,366.01257247488854
2018/11/27 0:00,65678.3638378262,0.35873769599798305,0.628144,258.7795451902218,124.0,366.4451037021409,368.99973568476815
2018/12/4 0:00,261572.43267168707,1.1354,0.628144,1731.7169998710822,124.0,6165.9417180434175,363.0
2018/12/11 0:00,1166071.0,3.054839024975116,1.6170209287588364,6433.917589169994,5502.0,21016.8108372951,363.0
2018/12/18 0:00,64821.175974859354,0.352158,0.6306301023419596,247.99999999999997,132.10252830344905,318.0,363.0
2018/12/25 0:00,66959.58090332616,0.363113475163179,0.628144,267.53673199939396,124.0,399.38542977327006,367.1095864945694
2019/1/1 0:00,881518.201125162,3.418876810736524,0.628144,6219.0,124.0,23310.87982991258,363.0
2019/1/8 0:00,64698.99999999999,0.352158,0.628144,247.99999999999997,124.0,318.0,364.4593745867353
2019/1/15 0:00,410050.2315723165,1.72572,0.628144,2850.220301205522,124.0,10573.575365648718,363.0
2019/1/22 0:00,90773.97210118406,1.83419,0.628144,1754.930183998041,9349.0,8554.829374030456,2997.0
2019/1/29 0:00,64698.99999999999,0.35245766494840886,0.628144,248.00178886686504,124.0,319.9839456019645,365.0841711492305
2019/2/5 0:00,64698.99999999999,0.352158,0.6293608206662056,247.99999999999997,125.88245016333603,318.0,363.34437522061137
2019/2/12 0:00,64698.99999999999,0.352158,0.6311456783986051,247.99999999999997,130.88663172662638,318.0,363.0
2019/2/19 0:00,64698.99999999999,0.352158,0.6300080097151598,247.99999999999997,127.60245698632076,318.0,363.0
2019/2/26 0:00,64698.99999999999,0.35270115785519907,0.628144,247.99999999999997,124.0,321.5925553377902,366.8057230671947
2019/3/5 0:00,64698.99999999999,0.352158,0.628144,247.99999999999997,124.0,318.0,366.1880150940864
2019/3/12 0:00,67196.08572778974,0.3595746658043598,0.6285187124542703,263.66365239199035,130.1056106885261,374.2049795718734,363.0
2019/3/19 0:00,65180.61550051188,0.3529787250503222,0.6291085304416565,250.25098244427969,127.99917669491371,324.4550096607444,363.0
2019/3/26 0:00,65418.14025206414,0.3555490526273734,0.628144,254.09618564437017,124.0,343.2135343279995,364.0907360372408
2019/4/2 0:00,64698.99999999999,0.3526175181214146,0.628144,247.99999999999997,124.0,321.031747362437,366.2815458929998
2019/4/9 0:00,65503.135410960625,0.3554572150684622,0.628144,254.19451742976335,124.0,342.65048325812194,363.08593672151807
2019/4/16 0:00,64698.99999999999,0.352158,0.628144,247.99999999999997,124.0,318.0,2995.0
2019/4/23 0:00,65877.70170104725,0.3573276671436687,0.628144,257.501351575125,124.0,356.53253711999537,363.89388093302136
2019/4/30 0:00,66178.90753153333,0.3557348384038637,0.6295640911420882,256.2491521034268,131.40698724141245,345.4220520082027,363.0
2019/5/7 0:00,1563622.9999999998,6.11292,7.08558,20270.0,28034.536167177423,56760.99999999999,363.0
2019/5/14 0:00,1513553.1259655282,6.11292,0.628144,11162.903500280185,124.0,43330.7088093349,363.0
2019/5/21 0:00,64698.99999999999,0.352158,0.628144,247.99999999999997,124.0,318.0,2984.0
2019/5/28 0:00,65276.752412632166,0.35543865424295323,0.628144,253.60023641086502,124.0,342.2574133595112,365.15655341064166
2019/6/4 0:00,64853.67113942228,0.35241463417830676,0.6284639185332949,248.71413663778446,125.31646375876275,320.0231012047559,363.0
2019/6/11 0:00,65711.40882738293,0.3578360380138263,0.628144,257.72409522564186,124.0,359.99813815215714,366.6162074392119
2019/6/18 0:00,64698.99999999999,0.352158,0.628144,247.99999999999997,124.0,318.0,2810.0
2019/6/25 0:00,853431.0,3.0270159929312466,0.628144,5611.599415233892,492.49852747044525,20458.749852054938,363.0
2019/7/2 0:00,943700.2389516982,0.352158,4.82995,2359.0,15003.137478771449,318.0,363.0
2019/7/9 0:00,64698.99999999999,0.352158,0.628144,247.99999999999997,124.0,318.0,367.55643387668994
2019/7/16 0:00,510728.99533828057,2.12907,0.628144,3612.5168252548597,124.0,13584.309018945665,363.0
2019/7/23 0:00,65549.67268998065,0.35609956865523795,0.628144,255.12314315144516,124.0,347.32374518199003,364.1297933457101
2019/7/30 0:00,651386.1633644407,1.9894681256605522,0.8701656304123123,3795.2570195220965,2098.0,12821.0,363.0
2019/8/6 0:00,64698.99999999999,0.352158,0.628144,247.99999999999997,124.0,318.0,367.6983122941164
2019/8/13 0:00,408867.4950411356,1.7055140814828829,0.628144,2825.1028521815037,124.0,10480.0,363.0
2019/8/20 0:00,64698.99999999999,0.352158,0.6297916528693485,247.99999999999997,129.19889070322486,318.0,363.0
2019/8/27 0:00,64698.99999999999,0.889878,0.628144,805.0,1893.0,9605.0,2946.0
2019/9/3 0:00,64698.99999999999,0.352158,0.6300509916445175,247.99999999999997,125.84856613748778,318.0,364.80525507364297
2019/9/10 0:00,64698.99999999999,0.352158,0.628144,247.99999999999997,124.0,318.0,371.0425144821447
2019/9/17 0:00,116100.84059859056,0.929189,0.628144,1005.0,124.0,4424.713577632302,1178.3740338164637
2019/9/24 0:00,65628.96583747477,0.3533070321016468,0.6306440697137273,251.79617113027118,133.73849702038356,327.33033426758317,363.0
2019/10/1 0:00,102156.69192118048,0.352158,1.798712069789053,247.99999999999997,3965.0,318.0,363.0
2019/10/8 0:00,242191.64368323048,1.0173816164391547,0.628144,1544.0,124.0,5305.903979625046,363.0
2019/10/15 0:00,64698.99999999999,0.352158,0.6287937779073841,247.99999999999997,124.63853756433157,318.0,363.6051554915702
2019/10/22 0:00,98404.36963992189,0.352158,1.6732979447716445,247.99999999999997,3554.0,318.0,363.0
2019/10/29 0:00,64698.99999999999,0.352158,1.1519,247.99999999999997,1642.6732338769534,318.0,363.0
2019/11/5 0:00,770105.4780766241,2.2016773451858773,1.05776,4362.631065937752,3268.0,14428.854175275374,363.0
2019/11/12 0:00,64698.99999999999,0.352158,0.628144,247.99999999999997,124.0,318.0,366.67700952541117
2019/11/19 0:00,64698.99999999999,0.352158,0.628144,247.99999999999997,124.0,318.0,369.26716618121225
2019/11/26 0:00,64698.99999999999,0.35350719695727195,0.628144,249.087036002784,124.0,327.4230662096693,368.3891183884294
2019/12/3 0:00,65372.31576852993,0.352158,0.6322387859481433,248.77667212981868,138.27570509811756,318.0,363.0
2019/12/10 0:00,65355.40785404819,0.3542870323255937,0.628144,252.3440969220512,124.77471943108142,334.0649690333441,363.0
2019/12/17 0:00,65484.04874343568,0.3549710606164065,0.628144,253.5323863760107,124.0,339.1321040498758,363.0
2019/12/24 0:00,64698.99999999999,0.35415336367327793,0.628144,249.4752402020019,124.0,331.87581683406046,371.46030119407396
2019/12/31 0:00,612099.333712939,2.5063806820044015,0.628144,4349.042434414916,124.0,16493.0,363.0
2020/1/7 0:00,64698.99999999999,0.352158,0.628144,247.99999999999997,124.0,318.0,365.99555863507254
2020/1/14 0:00,963403.8988903401,2.5493406041107964,1.4538342411883154,5289.136650944378,4611.0,17233.0,363.0
2020/1/21 0:00,64698.99999999999,0.35472729471839626,0.628144,250.97727165046797,124.0,336.3570147607022,369.9039325094252
2020/1/28 0:00,1563623.0,5.441236119739453,0.628144,10448.32633551725,797.8425270387019,38635.05741486156,363.0
2020/2/4 0:00,66543.13389269878,0.35595256992636914,0.630883185435421,257.4425622902499,136.2960745925909,347.40564211079084,363.0
2020/2/11 0:00,65295.671597109606,0.35484581678480814,0.628144,252.89920113856707,124.0,338.01533306745193,363.61560201526834
2020/2/18 0:00,64698.99999999999,1.55053,0.628144,1691.7274995684197,124.0,8887.050247332072,3362.0
2020/2/25 0:00,370649.25921161956,1.4996450023937233,0.628144,2483.0,124.0,8921.706175066818,363.0
2020/3/3 0:00,64698.99999999999,0.352158,1.44898,247.99999999999997,2513.7069081462782,318.0,363.0
2020/3/10 0:00,64698.99999999999,0.352158,0.6281993037156897,247.99999999999997,124.11443674200794,318.0,363.0
2020/3/17 0:00,543932.1815015074,1.1482783460835588,1.617967986884138,2482.0,4278.0,6593.317392637011,363.0
2020/3/24 0:00,348513.7261778868,1.4179635390818026,0.628144,2323.0,124.0,8308.859872192163,363.0
2020/3/31 0:00,1457151.0,5.077303630095284,0.628144,9720.687589881976,761.286105000904,35895.734244777326,363.0
2020/4/7 0:00,64698.99999999999,0.352158,0.628826336824852,247.99999999999997,124.20540003247149,318.0,364.1698408054248
2020/4/14 0:00,1517183.0,5.282929371892873,0.628144,10131.49455389476,779.9075542264035,37443.33706859754,363.0
2020/4/21 0:00,64698.99999999999,0.352158,0.6299890776999468,247.99999999999997,129.77337868968522,318.0,363.0
2020/4/28 0:00,64698.99999999999,0.352158,0.6302494398371937,247.99999999999997,128.20991685500948,318.0,363.0
2020/5/5 0:00,65705.24833226815,0.352158,0.6342083350065367,249.20834239079937,145.16005174885407,318.0,363.0
2020/5/12 0:00,155522.10823756404,1.9785714805611552,0.628144,2554.0,124.0,12119.543949301165,3260.0
2020/5/19 0:00,1381381.0,0.352158,7.057353203051291,2317.0,22996.851379561263,318.0,363.0
2020/5/26 0:00,64698.99999999999,0.352158,0.628144,247.99999999999997,124.0,318.0,364.62368631891195
2020/6/2 0:00,65085.889353964354,0.35492336055203066,0.628144,252.46815804874254,124.0,338.3324963786909,365.75241922566073
2020/6/9 0:00,64698.99999999999,0.352158,0.6302815878344662,247.99999999999997,129.15084420070303,318.0,363.0
2020/6/16 0:00,64698.99999999999,0.352158,3.5024423460349787,247.99999999999997,3796.0,318.0,3177.0
2020/6/23 0:00,65997.29240157531,0.35491625867055326,0.6299453476238192,254.75734911038282,132.25474641174756,339.3264614607414,363.0
2020/6/30 0:00,64698.99999999999,0.35246412232078106,0.628144,248.35914052549796,124.0,320.1891779689465,363.8062554452577
