date,OT,WEIGHTED_ILI,UNWEIGHTED_ILI,AGE_0_TO_4,AGE_5_TO_24,ILITOTAL,NUM_OF_PROVIDERS
2002/1/1 0:00,545488.1439620913,1.6930163874255681,1.927974084218141,582.0,4441.525804513254,12445.913128626597,1607.0458557320255
2002/1/8 0:00,545489.1974612223,1.33344,1.9280605895663687,3302.4083415185723,4441.479493932821,12445.93575338914,1607.0390194851088
2002/1/15 0:00,545489.5567010309,1.6930360721649482,1.9280627113402062,3302.422680412372,4441.505154639177,12445.98969072165,1607.041237113402
2002/1/22 0:00,545491.0793661857,1.49484,1.25246,3302.305714233191,4441.355286790373,12445.896126279897,1607.035877834197
2002/1/29 0:00,545489.5567010309,1.6930360721649482,1.9280627113402062,3302.422680412371,4441.505154639175,12445.98969072165,1607.041237113402
2002/2/5 0:00,545489.444716016,1.58094,1.9280620499244354,3302.4182105813616,4441.497155485085,12445.972876958698,1607.040545817138
2002/2/12 0:00,545489.5567010309,1.6930360721649482,1.9280627113402062,3302.422680412371,4441.505154639175,12445.98969072165,1607.041237113402
2002/2/19 0:00,545491.0910122233,1.6930328759093196,1.32563,3302.325429196077,4441.384129446959,12445.932768213503,1607.0375481602073
2002/2/26 0:00,545489.5567010309,1.6930360721649482,1.9280627113402062,3302.422680412371,4441.505154639175,12445.98969072165,1607.041237113402
2002/3/5 0:00,545489.5567010309,1.6930360721649482,1.9280627113402062,3302.422680412371,4441.505154639175,12445.98969072165,1607.041237113402
2002/3/12 0:00,545485.3704460656,1.59896,1.928000132232712,3302.4305417408764,1179.0,12445.967588029114,1607.0368725245964
2002/3/19 0:00,216179.0,1.6930315816781247,1.9280754428528974,3302.4098169800823,4441.4388953238895,12445.859981789641,1607.021066026056
2002/3/26 0:00,144287.0,1.6930306013570506,1.9280782222776434,3302.4070087558835,4441.424430210041,12445.831664949046,1607.0166624629696
2002/4/2 0:00,545489.5567010309,1.6930360721649482,1.9280627113402062,3302.422680412371,4441.505154639175,12445.98969072165,1607.041237113402
2002/4/9 0:00,545489.599832185,1.73621,1.9280629660852318,3302.424401972794,4441.5082355223385,12445.9961665613,1607.041503366933
2002/4/16 0:00,545488.4410066202,1.6930205263672873,1.927992719084769,1154.0,4441.521462640919,12445.929226683229,1607.044884614606
2002/4/23 0:00,545489.5567010309,1.6930360721649482,1.9280627113402062,3302.422680412371,4441.505154639175,12445.98969072165,1607.041237113402
2002/4/30 0:00,545489.5567010309,1.6930360721649482,1.9280627113402062,3302.422680412371,4441.505154639175,12445.98969072165,1607.041237113402
2002/5/7 0:00,545486.4022702131,1.6930426434311339,3.16662,3302.622621751054,4441.7539735215305,12446.106719206371,1607.0488213294996
2002/5/14 0:00,253656.0,1.69303786220218,3.0155,3302.586826806383,4441.664895689694,12445.977492737396,1607.0300204288344
2002/5/21 0:00,545487.777540252,1.6930198644205168,1.9279960054431518,1694.0,3689.0,12445.942580814311,1607.04309493886
2002/5/28 0:00,545489.5567010309,1.6930360721649482,1.9280627113402062,3302.422680412371,4441.505154639175,12445.98969072165,1607.041237113402
2002/6/4 0:00,228549.0,1.6930318512004603,1.94707,3302.413368535891,4441.445202696809,12445.866650044454,1607.0219401089573
2002/6/11 0:00,545489.5567010309,1.6930360721649482,1.9280627113402062,3302.422680412371,4441.505154639175,12445.98969072165,1607.041237113402
2002/6/18 0:00,545490.6001306133,1.6930338985070277,1.51837,3302.3565433754293,4441.422849780548,12445.95097978139,1607.038728389676
2002/6/25 0:00,545488.1657730532,1.6930166913338762,1.9279754525125439,624.0,4441.525485704446,12445.914310651733,1607.0457844262005
2002/7/2 0:00,545489.5567010309,1.6930360721649482,1.9280627113402062,3302.422680412371,4441.505154639175,12445.98969072165,1607.041237113402
2002/7/9 0:00,545491.7393151899,1.6930315253736417,1.07108,3302.2843369767443,4441.332991847526,12445.908716358123,1607.035989441668
2002/7/16 0:00,545491.5810683519,0.910135,0.82612,3302.213574697958,4441.227913153233,12445.768140004222,1607.0296612973775
2002/7/23 0:00,545489.5567010309,1.6930360721649482,1.9280627113402062,3302.422680412371,4441.505154639175,12445.98969072165,1607.041237113402
2002/7/30 0:00,545489.5567010309,1.6930360721649482,1.9280627113402062,3302.422680412371,4441.505154639175,12445.98969072165,1607.041237113402
2002/8/6 0:00,545492.83887064,1.6930292347950981,0.63935,3302.2146424418684,4441.246259827083,12445.867923164162,1607.0333457741965
2002/8/13 0:00,545487.9705130132,1.693013970630928,1.9279632030197953,248.0,4441.528339802343,12445.90372871241,1607.0464227831055
2002/8/20 0:00,545473.1997211215,1.6930135934472055,1.928037888955085,3302.456782491792,4441.455466149932,12445.950461406253,406.0
2002/8/27 0:00,545489.5567010309,1.6930360721649482,1.9280627113402062,3302.422680412371,4441.505154639175,12445.98969072165,1607.041237113402
2002/9/3 0:00,545489.5567010309,1.6930360721649482,1.9280627113402062,3302.422680412371,4441.505154639175,12445.98969072165,1607.041237113402
2002/9/10 0:00,545489.5567010309,1.6930360721649482,1.9280627113402062,3302.422680412371,4441.505154639175,12445.98969072165,1607.041237113402
2002/9/17 0:00,545489.5567010309,1.6930360721649482,1.9280627113402062,3302.422680412371,4441.505154639175,12445.98969072165,1607.041237113402
2002/9/24 0:00,71593.0,1.6930033934741653,1.9279989519139455,3302.41953699973,124.0,12445.792456065368,1607.0072015807546
2002/10/1 0:00,64699.0,1.693007445157153,1.9280658369809152,3302.3810791017777,4441.404180664287,318.0,1607.0102038507084
2002/10/8 0:00,545484.162429937,1.6930099587661205,1.9279809537353225,3302.4379876978373,141.0,12445.979156213709,1607.036248638322
2002/10/15 0:00,545489.5567010309,1.6930360721649482,1.9280627113402062,3302.422680412371,4441.505154639175,12445.98969072165,1607.041237113402
2002/10/22 0:00,545489.5567010309,1.6930360721649482,1.9280627113402062,3302.422680412371,4441.505154639175,12445.98969072165,1607.041237113402
2002/10/29 0:00,71466.0,0.352158,1.9280731258524642,3302.3506967286585,4441.314093375043,12445.601858232554,1607.0039328038097
2002/11/5 0:00,545485.3543452882,1.6930142287083019,1.928047408448226,3302.400094809453,4441.500962348757,443.0,1607.0396697855567
2002/11/12 0:00,69003.0,1.6930076912895724,1.9280658019005907,3302.381441034834,4441.405082630498,421.0,1607.0104809309164
2002/11/19 0:00,545489.5567010309,1.6930360721649482,1.9280627113402062,3302.422680412371,4441.505154639175,12445.98969072165,1607.041237113402
2002/11/26 0:00,70000.0,1.6930295883776976,1.9280810942957551,3302.4041069788987,4441.409483207418,12445.802404765198,1607.0121122002001
2002/12/3 0:00,545489.5567010309,1.6930360721649482,1.9280627113402062,3302.422680412371,4441.505154639175,12445.98969072165,1607.041237113402
2002/12/10 0:00,545489.5567010309,1.6930360721649482,1.9280627113402062,3302.422680412371,4441.505154639175,12445.98969072165,1607.041237113402
2002/12/17 0:00,545489.5567010309,1.6930360721649482,1.9280627113402062,3302.422680412371,4441.505154639175,12445.98969072165,1607.041237113402
2002/12/24 0:00,545489.5567010309,1.6930360721649482,1.9280627113402062,3302.422680412371,4441.505154639175,12445.98969072165,1607.041237113402
2002/12/31 0:00,545489.5567010309,1.6930360721649482,1.9280627113402062,3302.422680412371,4441.505154639175,12445.98969072165,1607.041237113402
2003/1/7 0:00,545488.8920540991,1.02773,1.9280587857438851,3302.3961513319623,4441.457678526182,12445.889898656009,1607.0371341721197
2003/1/14 0:00,545489.5567010309,1.6930360721649482,1.9280627113402062,3302.422680412371,4441.505154639175,12445.98969072165,1607.041237113402
2003/1/21 0:00,312412.0,1.6930165681957103,1.9280602850536521,3302.396695609962,4441.45512469487,3475.0,1607.0257891207073
2003/1/28 0:00,545489.5567010309,1.6930360721649482,1.9280627113402062,3302.422680412371,4441.505154639175,12445.98969072165,1607.041237113402
2003/2/4 0:00,545489.5567010309,1.6930360721649482,1.9280627113402062,3302.422680412371,4441.505154639175,12445.98969072165,1607.041237113402
2003/2/11 0:00,545489.5567010309,1.6930360721649482,1.9280627113402062,3302.422680412371,4441.505154639175,12445.98969072165,1607.041237113402
2003/2/18 0:00,545489.5567010309,1.6930360721649482,1.9280627113402062,3302.422680412371,4441.505154639175,12445.98969072165,1607.041237113402
2003/2/25 0:00,545489.5567010309,1.6930360721649482,1.9280627113402062,3302.422680412371,4441.505154639175,12445.98969072165,1607.041237113402
2003/3/4 0:00,545486.3991107194,1.69307196679924,4.8303,3302.87917621521,7817.0,12446.272185181979,1607.0629242407886
2003/3/11 0:00,545489.5567010309,1.6930360721649482,1.9280627113402062,3302.422680412371,4441.505154639175,12445.98969072165,1607.041237113402
2003/3/18 0:00,545489.5567010309,1.6930360721649482,1.9280627113402062,3302.422680412371,4441.505154639175,12445.98969072165,1607.041237113402
2003/3/25 0:00,545490.9462876002,1.6930432951074694,1.9280677715241767,3302.430148759269,4441.506540897459,16415.0,1607.0417553793122
2003/4/1 0:00,545489.1666831191,1.6930340448878998,1.9280612910887236,3302.4205842572082,4441.50476555542,11332.0,1607.041091650721
2003/4/8 0:00,314349.0,1.6930329203266512,1.9280716474914203,3302.413651667802,4441.45864773343,12445.898649016051,1607.0270791817368
2003/4/15 0:00,545489.8597841612,1.6930354407864079,1.80906,3302.4034697051793,4441.481247693648,12445.978446423858,1607.0405084088945
2003/4/22 0:00,545490.1069313617,1.6930349259328146,1.71202,3302.387804456843,4441.461752927789,12445.969277333126,1607.0399141914638
2003/4/29 0:00,545489.5567010309,1.6930360721649482,1.9280627113402062,3302.422680412371,4441.505154639175,12445.98969072165,1607.041237113402
2003/5/6 0:00,545488.5967992052,1.6930226971409161,1.9280024926162174,1454.0,4441.51918543515,12445.937669719922,1607.0443752872882
2003/5/13 0:00,545489.5567010309,1.6930360721649482,1.9280627113402062,3302.422680412371,4441.505154639175,12445.98969072165,1607.041237113402
2003/5/20 0:00,282347.0,1.6930018484104306,1.9279998422680045,3302.44086632103,1255.0,12445.858541415508,1004.0
2003/5/27 0:00,281202.0,1.6930324683333466,1.9280729289913376,3302.412356889419,4441.451978352569,12445.885593066638,1607.025048845877
2003/6/3 0:00,545489.5567010309,1.6930360721649482,1.9280627113402062,3302.422680412371,4441.505154639175,12445.98969072165,1607.041237113402
2003/6/10 0:00,545489.5567010309,1.6930360721649482,1.9280627113402062,3302.422680412371,4441.505154639175,12445.98969072165,1607.041237113402
2003/6/17 0:00,545486.0699682588,1.693017948450344,1.9280500143915795,3302.4039409322572,4441.501676257694,2487.0,1607.039936687237
2003/6/24 0:00,545489.5567010309,1.6930360721649482,1.9280627113402062,3302.422680412371,4441.505154639175,12445.98969072165,1607.041237113402
2003/7/1 0:00,545492.4535436026,1.693030037502996,0.790645,3302.239066120219,4441.276654103675,12445.882218687477,1607.034272218201
2003/7/8 0:00,545489.5567010309,1.6930360721649482,1.9280627113402062,3302.422680412371,4441.505154639175,12445.98969072165,1607.041237113402
2003/7/15 0:00,545489.5567010309,1.6930360721649482,1.9280627113402062,3302.422680412371,4441.505154639175,12445.98969072165,1607.041237113402
2003/7/22 0:00,545489.5567010309,1.6930360721649482,1.9280627113402062,3302.422680412371,4441.505154639175,12445.98969072165,1607.041237113402
2003/7/29 0:00,545489.5567010309,1.6930360721649482,1.9280627113402062,3302.422680412371,4441.505154639175,12445.98969072165,1607.041237113402
2003/8/5 0:00,184038.0,1.693012838358479,1.9280564719021134,3302.4363317682,4441.3919656395965,12445.8153765627,629.0
2003/8/12 0:00,545489.5567010309,1.6930360721649482,1.9280627113402062,3302.422680412371,4441.505154639175,12445.98969072165,1607.041237113402
2003/8/19 0:00,545488.0759326624,1.6930154395210835,1.927969816442742,451.0,4441.5267988931055,12445.909441833906,1607.0460781382872
2003/8/26 0:00,545489.5567010309,1.6930360721649482,1.9280627113402062,3302.422680412371,4441.505154639175,12445.98969072165,1607.041237113402
2003/9/2 0:00,545472.9473395967,0.813309,1.9280336488810832,3302.4203972606906,4441.394592069862,12445.820009916593,452.0
2003/9/9 0:00,545489.5567010309,1.6930360721649482,1.9280627113402062,3302.422680412371,4441.505154639175,12445.98969072165,1607.041237113402
2003/9/16 0:00,128740.0,1.6930082849605335,1.928054414304606,3302.4399356677095,4441.372440992033,12445.786965232139,426.0
2003/9/23 0:00,545472.2526628561,0.513286,1.928031279260134,3302.4092572623204,4441.371982722321,12445.774060980708,423.0
2003/9/30 0:00,545489.5567010309,1.6930360721649482,1.9280627113402062,3302.422680412371,4441.505154639175,12445.98969072165,1607.041237113402
2003/10/7 0:00,545489.5567010309,1.6930360721649482,1.9280627113402062,3302.422680412371,4441.505154639175,12445.98969072165,1607.041237113402
2003/10/14 0:00,545489.5567010309,1.6930360721649482,1.9280627113402062,3302.422680412371,4441.505154639175,12445.98969072165,1607.041237113402
2003/10/21 0:00,545489.5567010309,1.6930360721649482,1.9280627113402062,3302.422680412371,4441.505154639175,12445.98969072165,1607.041237113402
2003/10/28 0:00,92216.0,1.693006607808803,1.928054524317665,3302.4402977849695,4441.362485753812,12445.770521395492,363.0
2003/11/4 0:00,545492.8674107423,1.6930291753407558,0.628144,3302.212833447919,4441.244008607522,12445.866864334497,1607.033277155065
2003/11/11 0:00,545489.5567010309,1.6930360721649482,1.9280627113402062,3302.422680412371,4441.505154639175,12445.98969072165,1607.041237113402
2003/11/18 0:00,545489.5567010309,1.6930360721649482,1.9280627113402062,3302.422680412371,4441.505154639175,12445.98969072165,1607.041237113402
2003/11/25 0:00,545484.4501433673,0.663175,1.9280417856909446,3302.359698970652,4441.427596001578,799.0,1607.0333651200938
2003/12/2 0:00,545489.5567010309,1.6930360721649482,1.9280627113402062,3302.422680412371,4441.505154639175,12445.98969072165,1607.041237113402
2003/12/9 0:00,545489.5567010309,1.6930360721649482,1.9280627113402062,3302.422680412371,4441.505154639175,12445.98969072165,1607.041237113402
2003/12/16 0:00,545489.5567010309,1.6930360721649482,1.9280627113402062,3302.422680412371,4441.505154639175,12445.98969072165,1607.041237113402
2003/12/23 0:00,545489.5567010309,1.6930360721649482,1.9280627113402062,3302.422680412371,4441.505154639175,12445.98969072165,1607.041237113402
2003/12/30 0:00,114857.0,0.782758,1.9279968131215406,3302.3840112969556,382.0,12445.673592447927,1607.0045371981319
2004/1/6 0:00,545489.5567010309,1.6930360721649482,1.9280627113402062,3302.422680412371,4441.505154639175,12445.98969072165,1607.041237113402
2004/1/13 0:00,545491.1889350389,1.01821,1.02248,3302.249582747689,4441.27507293471,12445.802904243119,1607.0315301919743
2004/1/20 0:00,545486.0906107574,1.1768,1.9280489215559393,3302.3862387287113,4441.465372833582,4019.0,1607.0369531060433
2004/1/27 0:00,545489.5567010309,1.6930360721649482,1.9280627113402062,3302.422680412371,4441.505154639175,12445.98969072165,1607.041237113402
2004/2/3 0:00,545485.4023446002,1.6930303630055479,1.928056406934636,3302.431341680755,4441.492534724254,12445.979727234526,1302.0
2004/2/10 0:00,545489.5567010309,1.6930360721649482,1.9280627113402062,3302.422680412371,4441.505154639175,12445.98969072165,1607.041237113402
2004/2/17 0:00,545486.3361912674,1.693020481836909,1.9280139000809653,3302.431819230469,1874.0,12445.983401366686,1607.0382588736322
2004/2/24 0:00,545489.5567010309,1.6930360721649482,1.9280627113402062,3302.422680412371,4441.505154639175,12445.98969072165,1607.041237113402
2004/3/2 0:00,387004.0,1.6930339110520123,1.928068838568245,3302.4164896960824,4441.473266367585,12445.927266387293,1607.0315294804634
2004/3/9 0:00,545489.5567010309,1.6930360721649482,1.9280627113402062,3302.422680412371,4441.505154639175,12445.98969072165,1607.041237113402
2004/3/16 0:00,545489.500056656,1.6930226121169871,1.61745,1670.0,4441.45514557824,12445.914399611815,1607.0421065571168
2004/3/23 0:00,545489.5567010309,1.6930360721649482,1.9280627113402062,3302.422680412371,4441.505154639175,12445.98969072165,1607.041237113402
2004/3/30 0:00,545486.4854570482,1.6930212044251511,1.9280161624093737,3302.4313956600035,1993.0,12445.983692868824,1607.0383969105635
2004/4/6 0:00,545489.5567010309,1.6930360721649482,1.9280627113402062,3302.422680412371,4441.505154639175,12445.98969072165,1607.041237113402
2004/4/13 0:00,545489.5567010309,1.6930360721649482,1.9280627113402062,3302.422680412371,4441.505154639175,12445.98969072165,1607.041237113402
2004/4/20 0:00,545488.6040276695,1.6930314603204553,1.9280482722638401,3302.4253838069253,3682.0,12445.987830239499,1607.0403561070084
2004/4/27 0:00,545490.7054189421,1.6930416300532978,1.928080218455148,3302.4193517292006,5364.0,12422.0,1607.042304051105
2004/5/4 0:00,545489.5567010309,1.6930360721649482,1.9280627113402062,3302.422680412371,4441.505154639175,12445.98969072165,1607.041237113402
2004/5/11 0:00,421461.0,1.6930485341684716,4.59568,3302.8484713346406,4442.016107968677,12446.192895460834,1607.049975018856
2004/5/18 0:00,545489.5567010309,1.6930360721649482,1.9280627113402062,3302.422680412371,4441.505154639175,12445.98969072165,1607.041237113402
2004/5/25 0:00,545489.5567010309,1.6930360721649482,1.9280627113402062,3302.422680412371,4441.505154639175,12445.98969072165,1607.041237113402
2004/6/1 0:00,545489.5567010309,1.6930360721649482,1.9280627113402062,3302.422680412371,4441.505154639175,12445.98969072165,1607.041237113402
2004/6/8 0:00,545489.5567010309,1.6930360721649482,1.9280627113402062,3302.422680412371,4441.505154639175,12445.98969072165,1607.041237113402
2004/6/15 0:00,545488.0656565567,1.6930243005138788,1.9280300797124914,2416.0,4441.510854946513,9502.0,1607.0423576237126
2004/6/22 0:00,545489.5567010309,1.6930360721649482,1.9280627113402062,3302.422680412371,4441.505154639175,12445.98969072165,1607.041237113402
2004/6/29 0:00,545482.692163716,1.6930266385165857,1.9280522941244453,3302.436992039456,4441.484301860091,12445.973227346327,1103.0
2004/7/6 0:00,545481.7934211332,1.54319,1.9280502732608578,3302.43257858408,4441.471333458563,12445.948954850037,1048.0
2004/7/13 0:00,545488.5459069607,1.6930219880215307,1.9279992999292774,1356.0,4441.519929322368,12445.934911661268,1607.0445416675454
2004/7/20 0:00,545489.5567010309,1.6930360721649482,1.9280627113402062,3302.422680412371,4441.505154639175,12445.98969072165,1607.041237113402
2004/7/27 0:00,545485.7554344896,1.6930176704221513,1.9280050979124526,3302.4334672399277,1411.0,12445.982267202908,1607.037721805572
2004/8/3 0:00,277120.0,1.6930123410815194,1.9280102453083967,3302.4239631064015,1136.0,12445.875888089227,1607.0209645125267
2004/8/10 0:00,545489.5567010309,1.6930360721649482,1.9280627113402062,3302.422680412371,4441.505154639175,12445.98969072165,1607.041237113402
2004/8/17 0:00,545481.1137571295,1.6930168364634286,1.06124,3302.3049535903265,4441.298661083132,12445.882242977568,825.0
2004/8/24 0:00,545489.5567010309,1.6930360721649482,1.9280627113402062,3302.422680412371,4441.505154639175,12445.98969072165,1607.041237113402
2004/8/31 0:00,545489.5567010309,1.6930360721649482,1.9280627113402062,3302.422680412371,4441.505154639175,12445.98969072165,1607.041237113402
2004/9/7 0:00,545489.0116754688,1.14747,1.9280594922621677,3302.400925964603,4441.466223149488,12445.907858963963,1607.037872608472
2004/9/14 0:00,545485.7643230273,1.693016359734687,1.9280489013834838,3302.402298238907,4441.501371344532,1614.0,1607.039822692537
2004/9/21 0:00,545489.5567010309,1.6930360721649482,1.9280627113402062,3302.422680412371,4441.505154639175,12445.98969072165,1607.041237113402
2004/9/28 0:00,545485.6750452105,1.693015895676849,1.9280485762780262,3302.401818414389,4441.50128228055,1359.0,1607.039789395116
2004/10/5 0:00,545492.323075655,1.6930303092920007,0.841872,3302.2473357376603,4441.286945307,12445.887059011167,1607.0345859030356
2004/10/12 0:00,157068.0,0.757812,1.9279722511372268,3302.4154917720634,361.0,12445.651050220426,524.0
2004/10/19 0:00,545484.4421464845,1.6930113128600535,1.9279851932246925,3302.4371939481416,364.0,12445.979702474016,1607.0365073125715
2004/10/26 0:00,545489.5567010309,1.6930360721649482,1.9280627113402062,3302.422680412371,4441.505154639175,12445.98969072165,1607.041237113402
2004/11/2 0:00,545489.5567010309,1.6930360721649482,1.9280627113402062,3302.422680412371,4441.505154639175,12445.98969072165,1607.041237113402
2004/11/9 0:00,545474.193908079,1.6930149597170259,1.928039397674401,3302.454709747143,4441.458486245831,12445.95284578735,479.0
2004/11/16 0:00,545488.6119628698,0.747361,1.9280571314443664,3302.3849716177583,4441.437671448415,12445.847844926422,1607.0354051370298
2004/11/23 0:00,545489.5567010309,1.6930360721649482,1.9280627113402062,3302.422680412371,4441.505154639175,12445.98969072165,1607.041237113402
2004/11/30 0:00,151854.0,1.693030704540848,1.928077929729,3302.4073043358167,4441.425952737116,12445.834645441073,1607.017125960464
2004/12/7 0:00,545489.5567010309,1.6930360721649482,1.9280627113402062,3302.422680412371,4441.505154639175,12445.98969072165,1607.041237113402
2004/12/14 0:00,545489.5567010309,1.6930360721649482,1.9280627113402062,3302.422680412371,4441.505154639175,12445.98969072165,1607.041237113402
2004/12/21 0:00,545484.1021589548,1.6929944076754282,1.9279527988809237,368.0,4441.523507663537,1219.0,1607.0447530529552
2004/12/28 0:00,545483.8781471272,0.977808,1.9279832544063449,3302.408247098043,484.0,12445.872716348638,1607.0322356993156
2005/1/4 0:00,545489.5567010309,1.6930360721649482,1.9280627113402062,3302.422680412371,4441.505154639175,12445.98969072165,1607.041237113402
2005/1/11 0:00,545489.5567010309,1.6930360721649482,1.9280627113402062,3302.422680412371,4441.505154639175,12445.98969072165,1607.041237113402
2005/1/18 0:00,545484.2311106502,1.6930287534274036,1.928054629539277,3302.4337835443143,4441.488976803058,12445.976918237617,1216.0
2005/1/25 0:00,545489.5567010309,1.6930360721649482,1.9280627113402062,3302.422680412371,4441.505154639175,12445.98969072165,1607.041237113402
2005/2/1 0:00,545486.9515429359,1.6930225307940145,1.928053224648607,3302.408678964165,4441.502555720856,5005.0,1607.0402654829468
2005/2/8 0:00,545489.5567010309,1.6930360721649482,1.9280627113402062,3302.422680412371,4441.505154639175,12445.98969072165,1607.041237113402
2005/2/15 0:00,545487.0464224981,1.693023023969207,1.9280535701528385,3302.40918889532,4441.502650373167,5276.0,1607.0403008696176
2005/2/22 0:00,545489.5567010309,1.6930360721649482,1.9280627113402062,3302.422680412371,4441.505154639175,12445.98969072165,1607.041237113402
2005/3/1 0:00,402264.0,1.6930203626050782,1.928025178711672,3302.425149652286,2176.0,12445.92772742383,1607.0298362657068
2005/3/8 0:00,545489.8079258153,1.94451,1.9280641951461825,3302.4327079355385,4441.523099770165,12446.027410357414,1607.042787952637
2005/3/15 0:00,545490.2181290108,2.35512,1.928066617924469,3302.4490810097705,4441.552400820571,12446.088999484264,1607.0453201837263
2005/3/22 0:00,545489.5567010309,1.6930360721649482,1.9280627113402062,3302.422680412371,4441.505154639175,12445.98969072165,1607.041237113402
2005/3/29 0:00,545487.1979189268,1.6930246534177698,1.9280269607500113,3302.429373911899,2561.0,12445.98508424037,1607.0390557759163
2005/4/5 0:00,545489.5567010309,1.6930360721649482,1.9280627113402062,3302.422680412371,4441.505154639175,12445.98969072165,1607.041237113402
2005/4/12 0:00,545485.9062475787,1.6930310554984707,1.928057171627988,3302.430291111549,4441.494065457792,12445.980935756454,1339.0
2005/4/19 0:00,545488.2825994184,2.35858,2.05869,3302.4616731911046,4441.577287530784,7858.0,1607.0455423172318
2005/4/26 0:00,545489.5567010309,1.6930360721649482,1.9280627113402062,3302.422680412371,4441.505154639175,12445.98969072165,1607.041237113402
2005/5/3 0:00,545489.1948191217,1.6930343203125737,1.9280572265216578,3302.423707322141,4153.0,12445.98898400006,1607.0409024548626
2005/5/10 0:00,545488.118420235,1.6930390683713976,2.49279,3302.5138448107555,4441.618605033506,12446.04305052945,1607.0446951801646
2005/5/17 0:00,545489.5567010309,1.6930360721649482,1.9280627113402062,3302.422680412371,4441.505154639175,12445.98969072165,1607.041237113402
2005/5/24 0:00,400827.0,1.693027136567902,1.928061015586588,3302.425062939202,4441.462658180223,11901.0,1288.0
2005/5/31 0:00,545484.6589519843,1.6930246230499508,1.9280322809341048,2579.0,4441.496908976822,12445.958485726027,1275.0
2005/6/7 0:00,545488.7583561132,1.6930285725180336,1.9280371439115345,2564.0,4441.51034589184,11261.0,1607.042336042485
2005/6/14 0:00,545489.5567010309,1.6930360721649482,1.9280627113402062,3302.422680412371,4441.505154639175,12445.98969072165,1607.041237113402
2005/6/21 0:00,545488.6378946955,1.693031624269048,1.9280487855652437,3302.425287702702,3709.0,12445.987896378638,1607.0403874263122
2005/6/28 0:00,545489.5567010309,1.6930360721649482,1.9280627113402062,3302.422680412371,4441.505154639175,12445.98969072165,1607.041237113402
2005/7/5 0:00,545489.5567010309,1.6930360721649482,1.9280627113402062,3302.422680412371,4441.505154639175,12445.98969072165,1607.041237113402
2005/7/12 0:00,545486.2684333447,1.44943,1.9280151242616062,3302.4216071198607,2014.0,12445.947204807491,1607.036918951838
2005/7/19 0:00,545489.5567010309,1.6930360721649482,1.9280627113402062,3302.422680412371,4441.505154639175,12445.98969072165,1607.041237113402
2005/7/26 0:00,545489.5567010309,1.6930360721649482,1.9280627113402062,3302.422680412371,4441.505154639175,12445.98969072165,1607.041237113402
2005/8/2 0:00,545481.4867923888,1.06255,1.9279851951071454,3302.3908610161084,1208.0,2780.0,1607.0323359576228
2005/8/9 0:00,276338.0,1.6930324020077234,1.928073117038992,3302.412166893279,4441.450999685767,12445.88367723299,1607.0247509138283
2005/8/16 0:00,545489.5567010309,1.6930360721649482,1.9280627113402062,3302.422680412371,4441.505154639175,12445.98969072165,1607.041237113402
2005/8/23 0:00,545490.8436357164,1.6930117366774495,0.891918,699.0,4441.31676101819,12445.81851843409,1607.039312337071
2005/8/30 0:00,545488.1387690051,1.6930163150664472,1.9279737584337595,572.0,4441.525880420112,12445.91284719204,1607.0458727096022
2005/9/6 0:00,213847.0,1.693031549878916,1.9280755330106132,3302.4097258881825,4441.438426111105,12445.859063260843,1607.0209231852793
2005/9/13 0:00,545489.5567010309,1.6930360721649482,1.9280627113402062,3302.422680412371,4441.505154639175,12445.98969072165,1607.041237113402
2005/9/20 0:00,545489.5567010309,1.6930360721649482,1.9280627113402062,3302.422680412371,4441.505154639175,12445.98969072165,1607.041237113402
2005/9/27 0:00,545489.5567010309,1.6930360721649482,1.9280627113402062,3302.422680412371,4441.505154639175,12445.98969072165,1607.041237113402
2005/10/4 0:00,545489.5567010309,1.6930360721649482,1.9280627113402062,3302.422680412371,4441.505154639175,12445.98969072165,1607.041237113402
2005/10/11 0:00,545489.5567010309,1.6930360721649482,1.9280627113402062,3302.422680412371,4441.505154639175,12445.98969072165,1607.041237113402
2005/10/18 0:00,172654.0,1.6930110067583821,1.927987162739817,541.0,4441.451098917616,12445.765122174018,1607.0230882386782
2005/10/25 0:00,545489.5567010309,1.6930360721649482,1.9280627113402062,3302.422680412371,4441.505154639175,12445.98969072165,1607.041237113402
2005/11/1 0:00,545489.5567010309,1.6930360721649482,1.9280627113402062,3302.422680412371,4441.505154639175,12445.98969072165,1607.041237113402
2005/11/8 0:00,545489.5567010309,1.6930360721649482,1.9280627113402062,3302.422680412371,4441.505154639175,12445.98969072165,1607.041237113402
2005/11/15 0:00,545489.5567010309,1.6930360721649482,1.9280627113402062,3302.422680412371,4441.505154639175,12445.98969072165,1607.041237113402
2005/11/22 0:00,545474.520764065,1.6930154089016243,1.9280398936917105,3302.4540282968474,4441.459479154072,12445.953629693466,503.0
2005/11/29 0:00,545485.9445251386,0.638831,0.797966,398.0,4441.221024029072,1224.0,1607.031281426852
2005/12/6 0:00,545474.357336072,1.693015184309325,1.9280396456830557,3302.4543690219953,4441.458982699952,12445.953237740408,491.0
2005/12/13 0:00,545473.373193966,0.762448,1.9280340721375517,3302.4173753965742,4441.3924106298955,12445.813524256964,487.0
2005/12/20 0:00,545492.0645847444,1.6930308477766525,0.943366,3302.263719998941,4441.307334855288,12445.896648950315,1607.0352073942138
2005/12/27 0:00,160732.0,1.6930308256014737,1.9280775864956377,3302.4076511256458,4441.427739045478,12445.838142310136,1607.0176697599559
2006/1/3 0:00,375076.0,1.6930170954437045,1.9280171615052202,3302.4257854838897,1699.0,12445.915850148818,1607.027617625659
2006/1/10 0:00,545489.5567010309,1.6930360721649482,1.9280627113402062,3302.422680412371,4441.505154639175,12445.98969072165,1607.041237113402
2006/1/17 0:00,545485.9440303422,1.6930093120504703,1.9279955637261532,1543.0,4441.515817341287,4737.0,1607.0432175614587
2006/1/24 0:00,545489.3938246702,1.6930287814416443,1.12552,3302.297726231835,4441.337224687019,12445.908567557746,1445.0
2006/1/31 0:00,545489.5567010309,1.6930360721649482,1.9280627113402062,3302.422680412371,4441.505154639175,12445.98969072165,1607.041237113402
2006/2/7 0:00,545488.9385042752,1.6930274583710754,1.9280239292285273,2112.0,4441.514190763828,12445.95618811374,1607.0432581627047
2006/2/14 0:00,545489.5567010309,1.6930360721649482,1.9280627113402062,3302.422680412371,4441.505154639175,12445.98969072165,1607.041237113402
2006/2/21 0:00,545489.8123871146,1.6930355395232728,1.82767,3302.4064739330397,4441.4849863333075,12445.980204840784,1607.0406223658854
2006/2/28 0:00,545489.5567010309,1.6930360721649482,1.9280627113402062,3302.422680412371,4441.505154639175,12445.98969072165,1607.041237113402
2006/3/7 0:00,545489.5567010309,1.6930360721649482,1.9280627113402062,3302.422680412371,4441.505154639175,12445.98969072165,1607.041237113402
2006/3/14 0:00,545489.5567010309,1.6930360721649482,1.9280627113402062,3302.422680412371,4441.505154639175,12445.98969072165,1607.041237113402
2006/3/21 0:00,545489.5567010309,1.6930360721649482,1.9280627113402062,3302.422680412371,4441.505154639175,12445.98969072165,1607.041237113402
2006/3/28 0:00,545487.5829995548,1.6930265175739914,1.9280327971770812,3302.428281171286,2868.0,12445.985836266893,1607.0394118879994
2006/4/4 0:00,369521.0,1.6930336726533957,1.928069514480486,3302.4158067802687,4441.469748680145,12445.920380178479,1607.0304586034056
2006/4/11 0:00,545487.6494795042,1.6930334511496623,1.928059817053638,3302.426656709972,4441.49936096841,12445.985116589065,1467.0
2006/4/18 0:00,395477.0,2.29396,1.9280720567061915,3302.440782508249,4441.51785300304,12446.02073885094,1607.0357543694226
2006/4/25 0:00,545489.0112346853,1.6930332368813112,1.9280607250227506,3302.4197487980473,4441.50461047931,10888.0,1607.0410336740351
2006/5/2 0:00,545489.5567010309,1.6930360721649482,1.9280627113402062,3302.422680412371,4441.505154639175,12445.98969072165,1607.041237113402
2006/5/9 0:00,545489.5567010309,1.6930360721649482,1.9280627113402062,3302.422680412371,4441.505154639175,12445.98969072165,1607.041237113402
2006/5/16 0:00,545490.1116275407,1.6930389566216433,1.9280647321068798,3302.4256628704406,4441.505708236546,14031.0,1607.0414440810707
2006/5/23 0:00,442099.0,1.6930346623287826,1.9280667085342165,3302.418641800798,4441.484351821426,12445.94896722094,1607.0349041856914
2006/5/30 0:00,545489.5567010309,1.6930360721649482,1.9280627113402062,3302.422680412371,4441.505154639175,12445.98969072165,1607.041237113402
2006/6/6 0:00,428255.0,1.6930313234366263,1.9280650368794694,3302.414843888204,4441.480961739568,10715.0,1607.0338301770157
2006/6/13 0:00,395394.0,1.6930340254582579,1.9280685142015057,3302.4168174237993,4441.474954487337,12445.930571042785,1607.0320433887464
2006/6/20 0:00,385735.0,1.6930287647852698,1.9280632239126518,3302.424221188529,4441.461673628514,12445.917815611501,1333.0
2006/6/27 0:00,545489.5567010309,1.6930360721649482,1.9280627113402062,3302.422680412371,4441.505154639175,12445.98969072165,1607.041237113402
2006/7/4 0:00,545486.9350878089,1.6930224452617857,1.928053164727209,3302.4085905259208,4441.502539305142,4958.0,1607.040259345775
2006/7/11 0:00,545489.5567010309,1.6930360721649482,1.9280627113402062,3302.422680412371,4441.505154639175,12445.98969072165,1607.041237113402
2006/7/18 0:00,545489.5567010309,1.6930360721649482,1.9280627113402062,3302.422680412371,4441.505154639175,12445.98969072165,1607.041237113402
2006/7/25 0:00,545489.5567010309,1.6930360721649482,1.9280627113402062,3302.422680412371,4441.505154639175,12445.98969072165,1607.041237113402
2006/8/1 0:00,545491.9974877432,1.6930309875521876,0.969711,3302.267972894318,4441.312627411003,12445.899138229945,1607.0353687159184
2006/8/8 0:00,545489.5567010309,1.6930360721649482,1.9280627113402062,3302.422680412371,4441.505154639175,12445.98969072165,1607.041237113402
2006/8/15 0:00,545489.5567010309,1.6930360721649482,1.9280627113402062,3302.422680412371,4441.505154639175,12445.98969072165,1607.041237113402
2006/8/22 0:00,545489.5567010309,1.6930360721649482,1.9280627113402062,3302.422680412371,4441.505154639175,12445.98969072165,1607.041237113402
2006/8/29 0:00,545488.2166652976,1.6930174004532617,1.9279786451994836,722.0,4441.524741817228,12445.917068710387,1607.0456180459435
2006/9/5 0:00,545489.5567010309,1.6930360721649482,1.9280627113402062,3302.422680412371,4441.505154639175,12445.98969072165,1607.041237113402
2006/9/12 0:00,545488.1522710291,1.6930165032001616,1.9279746054731517,598.0,4441.525683062278,12445.913578921887,1607.0458285679015
2006/9/19 0:00,545492.75343116,1.6930294127814285,0.672897,3302.220057962128,4441.2529992222835,12445.87109294453,1607.033551196828
2006/9/26 0:00,545488.6576835279,0.793127,1.9280574014837495,3302.386796537062,4441.440937301349,12445.854709561914,1607.0356873758649
2006/10/3 0:00,545488.5337694153,0.66909,1.9280566696112904,3302.3818505615413,4441.432086044952,12445.836104728794,1607.0349224399215
2006/10/10 0:00,545489.5567010309,1.6930360721649482,1.9280627113402062,3302.422680412371,4441.505154639175,12445.98969072165,1607.041237113402
2006/10/17 0:00,545489.5567010309,1.6930360721649482,1.9280627113402062,3302.422680412371,4441.505154639175,12445.98969072165,1607.041237113402
2006/10/24 0:00,205241.0,1.6930109880171385,1.9279838178700806,477.0,4441.458141426919,12445.776156369317,1607.0251929296453
2006/10/31 0:00,545489.5567010309,1.6930360721649482,1.9280627113402062,3302.422680412371,4441.505154639175,12445.98969072165,1607.041237113402
2006/11/7 0:00,545489.5567010309,1.6930360721649482,1.9280627113402062,3302.422680412371,4441.505154639175,12445.98969072165,1607.041237113402
2006/11/14 0:00,545476.7406609701,1.6930184596136888,1.9280432624759367,3302.4494001135895,4441.466222655874,12445.958953722493,666.0
2006/11/21 0:00,545489.5567010309,1.6930360721649482,1.9280627113402062,3302.422680412371,4441.505154639175,12445.98969072165,1607.041237113402
2006/11/28 0:00,545489.5567010309,1.6930360721649482,1.9280627113402062,3302.422680412371,4441.505154639175,12445.98969072165,1607.041237113402
2006/12/5 0:00,187384.0,1.693031189028799,1.9280765560996502,3302.4086921982457,4441.433101592274,12445.848640007176,1607.0193022609767
2006/12/12 0:00,545489.5567010309,1.6930360721649482,1.9280627113402062,3302.422680412371,4441.505154639175,12445.98969072165,1607.041237113402
2006/12/19 0:00,545489.5567010309,1.6930360721649482,1.9280627113402062,3302.422680412371,4441.505154639175,12445.98969072165,1607.041237113402
2006/12/26 0:00,545489.5567010309,1.6930360721649482,1.9280627113402062,3302.422680412371,4441.505154639175,12445.98969072165,1607.041237113402
2007/1/2 0:00,545489.5567010309,1.6930360721649482,1.9280627113402062,3302.422680412371,4441.505154639175,12445.98969072165,1607.041237113402
2007/1/9 0:00,529126.0,1.693035849031088,1.9280633439735233,3302.422041223923,4441.501862190632,12445.983245439467,1607.0402348050193
2007/1/16 0:00,545489.5567010309,1.6930360721649482,1.9280627113402062,3302.422680412371,4441.505154639175,12445.98969072165,1607.041237113402
2007/1/23 0:00,545489.5567010309,1.6930360721649482,1.9280627113402062,3302.422680412371,4441.505154639175,12445.98969072165,1607.041237113402
2007/1/30 0:00,545489.5567010309,1.6930360721649482,1.9280627113402062,3302.422680412371,4441.505154639175,12445.98969072165,1607.041237113402
2007/2/6 0:00,566717.0,1.6930363616228854,1.928061890663619,3302.423509592529,4441.509425731703,12445.998051792814,1607.0425373468875
2007/2/13 0:00,545489.5567010309,1.6930360721649482,1.9280627113402062,3302.422680412371,4441.505154639175,12445.98969072165,1607.041237113402
2007/2/20 0:00,545489.5567010309,1.6930360721649482,1.9280627113402062,3302.422680412371,4441.505154639175,12445.98969072165,1607.041237113402
2007/2/27 0:00,548159.0,1.61865,1.9280621692262516,3302.4198185406667,4441.50038357187,12445.9795846818,1607.0409418846511
2007/3/6 0:00,545489.5567010309,1.6930360721649482,1.9280627113402062,3302.422680412371,4441.505154639175,12445.98969072165,1607.041237113402
2007/3/13 0:00,545489.5567010309,1.6930360721649482,1.9280627113402062,3302.422680412371,4441.505154639175,12445.98969072165,1607.041237113402
2007/3/20 0:00,545487.1535348254,1.693034580021575,1.9280678887219482,3580.0,4441.495309520859,12445.991393424572,1420.0
2007/3/27 0:00,545489.5567010309,1.6930360721649482,1.9280627113402062,3302.422680412371,4441.505154639175,12445.98969072165,1607.041237113402
2007/4/3 0:00,430603.0,2.43939,1.9280359392843778,3302.4546221947876,2568.0,12446.051798614795,1607.036629572802
2007/4/10 0:00,545488.2214774797,1.6930342372227096,1.9280606850839295,3302.425464171955,4441.501098557831,12445.986488424765,1509.0
2007/4/17 0:00,545488.2487154786,1.6930342746547595,1.9280607264187053,3302.4254073844304,4441.501181300184,12445.986553750274,1511.0
2007/4/24 0:00,545489.5567010309,1.6930360721649482,1.9280627113402062,3302.422680412371,4441.505154639175,12445.98969072165,1607.041237113402
2007/5/1 0:00,545489.5567010309,1.6930360721649482,1.9280627113402062,3302.422680412371,4441.505154639175,12445.98969072165,1607.041237113402
2007/5/8 0:00,596692.0,1.6930721661655919,1.9280855290693029,3302.461278866487,4441.5222502017605,31896.0,1607.0469131356977
2007/5/15 0:00,545495.3701810234,5.98318,1.928183857057406,6244.0,4441.788969892957,12446.715973666465,1607.0627003372292
2007/5/22 0:00,545489.5567010309,1.6930360721649482,1.9280627113402062,3302.422680412371,4441.505154639175,12445.98969072165,1607.041237113402
2007/5/29 0:00,545483.6569089878,1.693048362529263,4.24456,3302.7966345065347,4441.970525334273,12446.208571325747,1607.055422017231
2007/6/5 0:00,545489.5567010309,1.6930360721649482,1.9280627113402062,3302.422680412371,4441.505154639175,12445.98969072165,1607.041237113402
2007/6/12 0:00,545489.5567010309,1.6930360721649482,1.9280627113402062,3302.422680412371,4441.505154639175,12445.98969072165,1607.041237113402
2007/6/19 0:00,545489.5567010309,1.6930360721649482,1.9280627113402062,3302.422680412371,4441.505154639175,12445.98969072165,1607.041237113402
2007/6/26 0:00,504350.0,1.6930324298248831,2.0573,3302.4380412879605,4441.522117132216,10376.0,1607.039238293483
2007/7/3 0:00,545489.5567010309,1.6930360721649482,1.9280627113402062,3302.422680412371,4441.505154639175,12445.98969072165,1607.041237113402
2007/7/10 0:00,545485.6202485908,1.693030662461947,1.9280567376128421,3302.4308873805576,4441.493196663081,12445.980249838603,1318.0
2007/7/17 0:00,545489.5567010309,1.6930360721649482,1.9280627113402062,3302.422680412371,4441.505154639175,12445.98969072165,1607.041237113402
2007/7/24 0:00,545489.5567010309,1.6930360721649482,1.9280627113402062,3302.422680412371,4441.505154639175,12445.98969072165,1607.041237113402
2007/7/31 0:00,545485.761706161,1.6930177007830018,1.928005192968268,3302.433449442849,1416.0,12445.982279450896,1607.037727605443
2007/8/7 0:00,545485.7364653184,0.825107,1.9280468362142913,3302.3721999166055,4441.440273294768,4011.0,1607.034783171356
2007/8/14 0:00,545489.5567010309,1.6930360721649482,1.9280627113402062,3302.422680412371,4441.505154639175,12445.98969072165,1607.041237113402
2007/8/21 0:00,545489.5567010309,1.6930360721649482,1.9280627113402062,3302.422680412371,4441.505154639175,12445.98969072165,1607.041237113402
2007/8/28 0:00,348477.0,1.6930195724986983,1.9280550746804235,3302.4359405331866,4441.434980863109,12445.887984902072,869.0
2007/9/4 0:00,545488.4436031632,1.6930205625468477,1.92799288197696,1159.0,4441.521424687489,12445.929367400506,1607.0448761258174
2007/9/11 0:00,545488.5714840132,0.706842,1.9280568923645742,3302.383355922586,4441.4347800203905,12445.841767310603,1607.0351552564339
2007/9/18 0:00,545491.1817865837,0.655943,0.883187,3302.212651165184,4441.221238486152,12445.735404805462,1607.0284431414495
2007/9/25 0:00,545489.5567010309,1.6930360721649482,1.9280627113402062,3302.422680412371,4441.505154639175,12445.98969072165,1607.041237113402
2007/10/2 0:00,545489.5567010309,1.6930360721649482,1.9280627113402062,3302.422680412371,4441.505154639175,12445.98969072165,1607.041237113402
2007/10/9 0:00,545489.5567010309,1.6930360721649482,1.9280627113402062,3302.422680412371,4441.505154639175,12445.98969072165,1607.041237113402
2007/10/16 0:00,545477.1492309527,1.6930190210944367,1.9280438824975736,3302.4485483007197,4441.467463791175,12445.959933605136,696.0
2007/10/23 0:00,545489.5567010309,1.6930360721649482,1.9280627113402062,3302.422680412371,4441.505154639175,12445.98969072165,1607.041237113402
2007/10/30 0:00,545488.2509396663,1.69301787802346,1.9279807953764023,788.0,4441.524240831958,12445.918926178461,1607.0455059939336
2007/11/6 0:00,545489.5567010309,1.6930360721649482,1.9280627113402062,3302.422680412371,4441.505154639175,12445.98969072165,1607.041237113402
2007/11/13 0:00,545484.9200478502,1.6930136263568627,1.9279924364778316,3302.435837810768,745.0,12445.980635770777,1607.0369492627465
2007/11/20 0:00,545484.9313368589,1.6930136810063936,1.9279926075782994,3302.4358057760273,754.0,12445.980657817156,1607.0369597025142
2007/11/27 0:00,545489.5567010309,1.6930360721649482,1.9280627113402062,3302.422680412371,4441.505154639175,12445.98969072165,1607.041237113402
2007/12/4 0:00,293535.0,1.693032636506437,1.9280724521838293,3302.4128386374446,4441.454459828243,12445.890450792047,1607.0258042726775
2007/12/11 0:00,545476.9994219592,1.6930188152181624,1.9280436551563067,3302.448860632105,4441.467008708231,12445.959574314833,685.0
2007/12/18 0:00,545476.9177079626,1.693018702922013,1.9280435311519795,3302.449030994679,4441.46676048117,12445.959378338304,679.0
2007/12/25 0:00,329731.0,1.6930331300759802,1.928071052806178,3302.41425251497,4441.46174268671,12445.904707682412,1607.0280213673402
2008/1/1 0:00,545488.9325639249,1.06828,1.9280590250065905,3302.39776826326,4441.46057216636,12445.895980921647,1607.0373842438928
2008/1/8 0:00,545486.8592486676,1.6930230139318418,1.9280218277359757,3302.430334954132,2291.0,12445.984422848967,1607.038742582879
2008/1/15 0:00,545489.5567010309,1.6930360721649482,1.9280627113402062,3302.422680412371,4441.505154639175,12445.98969072165,1607.041237113402
2008/1/22 0:00,545489.5567010309,1.6930360721649482,1.9280627113402062,3302.422680412371,4441.505154639175,12445.98969072165,1607.041237113402
2008/1/29 0:00,545489.5567010309,1.6930360721649482,1.9280627113402062,3302.422680412371,4441.505154639175,12445.98969072165,1607.041237113402
2008/2/5 0:00,545489.5567010309,1.6930360721649482,1.9280627113402062,3302.422680412371,4441.505154639175,12445.98969072165,1607.041237113402
2008/2/12 0:00,545489.5567010309,1.6930360721649482,1.9280627113402062,3302.422680412371,4441.505154639175,12445.98969072165,1607.041237113402
2008/2/19 0:00,545488.7038548364,1.20448,1.9280369448122037,2600.0,4441.475623242027,12445.896641532916,1607.0394167325662
2008/2/26 0:00,545489.5567010309,1.6930360721649482,1.9280627113402062,3302.422680412371,4441.505154639175,12445.98969072165,1607.041237113402
2008/3/4 0:00,545490.7526110635,1.693033580861885,1.4585,3302.3468785112714,4441.410822249304,12445.945322800124,1607.0383617800553
2008/3/11 0:00,545490.6489284324,1.6930337968520932,1.49921,3302.3534503606097,4441.419000649119,12445.949169396205,1607.0386110647999
2008/3/18 0:00,545487.9342991386,1.6930276390699013,1.9280568033584866,3302.413960797194,4441.5035361231985,7812.0,1607.0406320157335
2008/3/25 0:00,545489.5567010309,1.6930360721649482,1.9280627113402062,3302.422680412371,4441.505154639175,12445.98969072165,1607.041237113402
2008/4/1 0:00,545487.9627164907,1.693033881618236,1.9280602924035595,3302.426003653439,4441.500312505474,12445.985867832424,1490.0
2008/4/8 0:00,545489.5567010309,1.6930360721649482,1.9280627113402062,3302.422680412371,4441.505154639175,12445.98969072165,1607.041237113402
2008/4/15 0:00,545489.5567010309,1.6930360721649482,1.9280627113402062,3302.422680412371,4441.505154639175,12445.98969072165,1607.041237113402
2008/4/22 0:00,582932.0,1.6930365827310228,1.9280612637736696,3302.424142978099,4441.512688289722,12446.004438561442,1607.0435305558044
2008/4/29 0:00,545489.5567010309,1.6930360721649482,1.9280627113402062,3302.422680412371,4441.505154639175,12445.98969072165,1607.041237113402
2008/5/6 0:00,545489.1884264384,1.6930355660604801,1.9280621524684698,3302.4234482148304,4441.504035911376,12445.988807480353,1580.0
2008/5/13 0:00,545489.5567010309,1.6930360721649482,1.9280627113402062,3302.422680412371,4441.505154639175,12445.98969072165,1607.041237113402
2008/5/20 0:00,545489.5567010309,1.6930360721649482,1.9280627113402062,3302.422680412371,4441.505154639175,12445.98969072165,1607.041237113402
2008/5/27 0:00,545491.1582766522,3.2962,1.9280721707073767,3302.486606575875,4441.6195561078675,12446.230156045225,1607.0511238222973
2008/6/3 0:00,545489.5567010309,1.6930360721649482,1.9280627113402062,3302.422680412371,4441.505154639175,12445.98969072165,1607.041237113402
2008/6/10 0:00,545489.5567010309,1.6930360721649482,1.9280627113402062,3302.422680412371,4441.505154639175,12445.98969072165,1607.041237113402
2008/6/17 0:00,545489.5567010309,1.6930360721649482,1.9280627113402062,3302.422680412371,4441.505154639175,12445.98969072165,1607.041237113402
2008/6/24 0:00,545489.5227264692,1.6930355987721837,1.928060579971458,3237.0,4441.5056512421925,12445.987849501345,1607.0413481852631
2008/7/1 0:00,545489.5878640539,1.72423,1.9280628953980008,3302.42392427028,4441.507380631849,12445.994369630538,1607.0414294862958
2008/7/8 0:00,545488.1611698259,1.69302881832276,1.9280576295088256,3302.415180115969,4441.503762450494,8460.0,1607.0407166303562
2008/7/15 0:00,558837.0,1.6930326599224297,1.9280582263224522,3302.4286545595246,4441.499895255143,12445.988675420427,1415.0
2008/7/22 0:00,577836.0,1.6930334804740075,1.9280581118216003,3302.4285448800156,4441.504959106435,12445.99713863438,1445.0
2008/7/29 0:00,545494.0741795225,1.6930579410542743,1.9281311799460954,3302.4098611951576,8043.0,12445.99851293548,1607.045414754549
2008/8/5 0:00,598189.0,1.6930367907758488,1.9280606739210664,3302.4247389425536,4441.515758092231,12446.010447992769,1607.044465084848
2008/8/12 0:00,545489.5567010309,1.6930360721649482,1.9280627113402062,3302.422680412371,4441.505154639175,12445.98969072165,1607.041237113402
2008/8/19 0:00,544432.0,1.693036057744079,1.9280627522265255,3302.4226391024017,4441.504941852244,12445.989274170928,1607.0411723354343
2008/8/26 0:00,545500.2356634173,1.6930934045223536,1.9282540561495436,4496.0,12461.0,12446.042926648894,1607.0485131155042
2008/9/2 0:00,545489.8488522806,1.6930401429249802,1.9280810392306231,3865.0,4441.5008842914485,12446.005523591493,1607.0402819934113
2008/9/9 0:00,545485.3206306036,1.6930302507093984,1.9280562829303085,3302.431512043329,4441.492286497194,12445.979531257997,1296.0
2008/9/16 0:00,545489.5567010309,1.6930360721649482,1.9280627113402062,3302.422680412371,4441.505154639175,12445.98969072165,1607.041237113402
2008/9/23 0:00,545485.6239803843,1.693028818297495,1.71805,3302.398092209702,4441.449392867376,12445.959132363743,1279.0
2008/9/30 0:00,545490.4949962725,1.693034117521417,1.55965,3302.3632072403443,4441.431142690014,12445.954880235486,1607.0389811647742
2008/10/7 0:00,545489.5567010309,1.6930360721649482,1.9280627113402062,3302.422680412371,4441.505154639175,12445.98969072165,1607.041237113402
2008/10/14 0:00,545489.5567010309,1.6930360721649482,1.9280627113402062,3302.422680412371,4441.505154639175,12445.98969072165,1607.041237113402
2008/10/21 0:00,545489.5567010309,1.6930360721649482,1.9280627113402062,3302.422680412371,4441.505154639175,12445.98969072165,1607.041237113402
2008/10/28 0:00,545489.5567010309,1.6930360721649482,1.9280627113402062,3302.422680412371,4441.505154639175,12445.98969072165,1607.041237113402
2008/11/4 0:00,545489.5567010309,1.6930360721649482,1.9280627113402062,3302.422680412371,4441.505154639175,12445.98969072165,1607.041237113402
2008/11/11 0:00,506019.0,1.6930355339434695,1.9280642373158645,3302.4211386250727,4441.497212919702,12445.974144047997,1607.03881944403
2008/11/18 0:00,545488.9670662491,1.6930278563462406,1.928025721042626,2167.0,4441.513773276104,12445.9577360038,1607.0431647860298
2008/11/25 0:00,545489.5567010309,1.6930360721649482,1.9280627113402062,3302.422680412371,4441.505154639175,12445.98969072165,1607.041237113402
2008/12/2 0:00,545489.5567010309,1.6930360721649482,1.9280627113402062,3302.422680412371,4441.505154639175,12445.98969072165,1607.041237113402
2008/12/9 0:00,545491.9144767172,4.05315,1.928076637042887,3302.5167899580138,4441.673571913876,12446.343694170379,1607.0557919315083
2008/12/16 0:00,545484.0567658559,1.6930475295530245,4.08756,3302.7712898652653,4441.9389849567015,12446.19373674985,1607.054460639071
2008/12/23 0:00,545501.7369077201,1.6930950359414334,1.9282473191414404,3302.388116724787,14152.0,12446.013477528406,1607.0525010370131
2008/12/30 0:00,545489.5567010309,1.6930360721649482,1.9280627113402062,3302.422680412371,4441.505154639175,12445.98969072165,1607.041237113402
2009/1/6 0:00,545492.6723332311,1.6930794845790473,1.9282581681989037,9302.0,4441.459613732219,12446.158539559858,1607.0310512846565
2009/1/13 0:00,545489.5567010309,1.6930360721649482,1.9280627113402062,3302.422680412371,4441.505154639175,12445.98969072165,1607.041237113402
2009/1/20 0:00,545489.5567010309,1.6930360721649482,1.9280627113402062,3302.422680412371,4441.505154639175,12445.98969072165,1607.041237113402
2009/1/27 0:00,545489.5567010309,1.6930360721649482,1.9280627113402062,3302.422680412371,4441.505154639175,12445.98969072165,1607.041237113402
2009/2/3 0:00,545489.5567010309,1.6930360721649482,1.9280627113402062,3302.422680412371,4441.505154639175,12445.98969072165,1607.041237113402
2009/2/10 0:00,545489.5567010309,1.6930360721649482,1.9280627113402062,3302.422680412371,4441.505154639175,12445.98969072165,1607.041237113402
2009/2/17 0:00,545502.3640748668,1.693098072026485,1.9282568247229874,3302.386337016949,14652.0,12446.014702327304,1607.0530810241194
2009/2/24 0:00,545489.5567010309,1.6930360721649482,1.9280627113402062,3302.422680412371,4441.505154639175,12445.98969072165,1607.041237113402
2009/3/3 0:00,545496.5699241231,1.6930457101459953,1.928073354192707,3302.4080587956537,4441.5264590891475,12446.00651069344,2122.0
2009/3/10 0:00,545491.9651050387,1.6930485908263262,1.9280714815511626,3302.4356244037695,4441.507557274665,19325.0,1607.0421353616455
2009/3/17 0:00,545489.5567010309,1.6930360721649482,1.9280627113402062,3302.422680412371,4441.505154639175,12445.98969072165,1607.041237113402
2009/3/24 0:00,545489.5567010309,1.6930360721649482,1.9280627113402062,3302.422680412371,4441.505154639175,12445.98969072165,1607.041237113402
2009/3/31 0:00,545489.5567010309,1.6930360721649482,1.9280627113402062,3302.422680412371,4441.505154639175,12445.98969072165,1607.041237113402
2009/4/7 0:00,545489.5567010309,1.6930360721649482,1.9280627113402062,3302.422680412371,4441.505154639175,12445.98969072165,1607.041237113402
2009/4/14 0:00,545489.7308722306,1.86738,1.928063740045505,3302.429632376698,4441.51759578824,12446.015841303191,1607.0423122920736
2009/4/21 0:00,545489.5567010309,1.6930360721649482,1.9280627113402062,3302.422680412371,4441.505154639175,12445.98969072165,1607.041237113402
2009/4/28 0:00,545492.1333255296,1.6930581337910575,1.9281519343262628,5333.0,5655.0,12446.049810758683,1607.0391973077976
2009/5/5 0:00,545489.5567010309,1.6930360721649482,1.9280627113402062,3302.422680412371,4441.505154639175,12445.98969072165,1607.041237113402
2009/5/12 0:00,545490.6958446349,1.6930519446976091,1.9281341746632634,5496.0,4441.488503882749,12446.051425567657,1607.0375129505608
2009/5/19 0:00,545489.4333635534,1.6930363290998574,1.97649,3302.43049807007,4441.514883396941,12445.99426650693,1607.0415336544063
2009/5/26 0:00,545495.6745550745,1.6930558125874489,1.9281272336527613,5040.0,4441.507808690166,12446.051100640041,1990.0
2009/6/2 0:00,545489.5567010309,1.6930360721649482,1.9280627113402062,3302.422680412371,4441.505154639175,12445.98969072165,1607.041237113402
2009/6/9 0:00,545489.5567010309,1.6930360721649482,1.9280627113402062,3302.422680412371,4441.505154639175,12445.98969072165,1607.041237113402
2009/6/16 0:00,545489.5567010309,1.6930360721649482,1.9280627113402062,3302.422680412371,4441.505154639175,12445.98969072165,1607.041237113402
2009/6/23 0:00,545489.5567010309,1.6930360721649482,1.9280627113402062,3302.422680412371,4441.505154639175,12445.98969072165,1607.041237113402
2009/6/30 0:00,545490.7714068833,1.6930335417066964,1.45112,3302.345687151701,4441.409339650664,12445.944625480568,1607.0383165891583
2009/7/7 0:00,545488.2847583331,1.6930294607243945,1.9280580795567728,3302.4158443436354,4441.503885742986,8813.0,1607.040762724433
2009/7/14 0:00,545489.5567010309,1.6930360721649482,1.9280627113402062,3302.422680412371,4441.505154639175,12445.98969072165,1607.041237113402
2009/7/21 0:00,545489.5567010309,1.6930360721649482,1.9280627113402062,3302.422680412371,4441.505154639175,12445.98969072165,1607.041237113402
2009/7/28 0:00,545488.1541676442,1.693028781926067,1.9280576040103583,3302.4151424826737,4441.5037554650835,8440.0,1607.0407140187938
2009/8/4 0:00,545489.5567010309,1.6930360721649482,1.9280627113402062,3302.422680412371,4441.505154639175,12445.98969072165,1607.041237113402
2009/8/11 0:00,545487.8940365937,1.6930274297889156,1.9280566567422999,3302.413744405744,4441.503495957089,7697.0,1607.0406169992496
2009/8/18 0:00,545489.5567010309,1.6930360721649482,1.9280627113402062,3302.422680412371,4441.505154639175,12445.98969072165,1607.041237113402
2009/8/25 0:00,545486.7300522354,1.6930223884983213,1.928019869586177,3302.4307015739464,2188.0,12445.984170540394,1607.038623105535
2009/9/1 0:00,545489.5567010309,1.6930360721649482,1.9280627113402062,3302.422680412371,4441.505154639175,12445.98969072165,1607.041237113402
2009/9/8 0:00,545489.5567010309,1.6930360721649482,1.9280627113402062,3302.422680412371,4441.505154639175,12445.98969072165,1607.041237113402
2009/9/15 0:00,545484.3088273708,1.6930193153537614,1.9280494454851553,3302.4150008727756,4441.494305660266,5316.0,1405.0
2009/9/22 0:00,545489.5567010309,1.6930360721649482,1.9280627113402062,3302.422680412371,4441.505154639175,12445.98969072165,1607.041237113402
2009/9/29 0:00,545486.015199574,1.69303120522667,1.928057336967091,3302.4300639614507,4441.494396427205,12445.981197058492,1347.0
2009/10/6 0:00,545491.3624239747,1.6930194228308912,0.903133,1753.0,4441.3110134628605,12445.849241316399,1607.0375915746704
2009/10/13 0:00,545489.5567010309,1.6930360721649482,1.9280627113402062,3302.422680412371,4441.505154639175,12445.98969072165,1607.041237113402
2009/10/20 0:00,545489.5567010309,1.6930360721649482,1.9280627113402062,3302.422680412371,4441.505154639175,12445.98969072165,1607.041237113402
2009/10/27 0:00,545484.6941566304,1.6930293897722513,1.9280553322304654,3302.4328181563956,4441.490383423065,12445.978028771278,1250.0
2009/11/3 0:00,545487.4780120379,1.6930231667011728,0.786882,3302.2488519438675,4441.260754582384,12445.86990721493,1241.0
2009/11/10 0:00,545489.5567010309,1.6930360721649482,1.9280627113402062,3302.422680412371,4441.505154639175,12445.98969072165,1607.041237113402
2009/11/17 0:00,545489.5567010309,1.6930360721649482,1.9280627113402062,3302.422680412371,4441.505154639175,12445.98969072165,1607.041237113402
2009/11/24 0:00,545489.5567010309,1.6930360721649482,1.9280627113402062,3302.422680412371,4441.505154639175,12445.98969072165,1607.041237113402
2009/12/1 0:00,545483.721698716,1.6930068955282838,1.9280042638499082,3302.417850020918,1866.0,5007.0,1607.0372782245395
2009/12/8 0:00,545489.5567010309,1.6930360721649482,1.9280627113402062,3302.422680412371,4441.505154639175,12445.98969072165,1607.041237113402
2009/12/15 0:00,589930.0,1.6930366781559225,1.9280609932231998,3302.4244163319204,4441.5140963304875,12446.007194935593,1607.0439592006394
2009/12/22 0:00,545489.5567010309,1.6930360721649482,1.9280627113402062,3302.422680412371,4441.505154639175,12445.98969072165,1607.041237113402
2009/12/29 0:00,545489.5567010309,1.6930360721649482,1.9280627113402062,3302.422680412371,4441.505154639175,12445.98969072165,1607.041237113402
2010/1/5 0:00,545489.5567010309,1.6930360721649482,1.9280627113402062,3302.422680412371,4441.505154639175,12445.98969072165,1607.041237113402
2010/1/12 0:00,545489.5567010309,1.6930360721649482,1.9280627113402062,3302.422680412371,4441.505154639175,12445.98969072165,1607.041237113402
2010/1/19 0:00,545489.4224999062,1.693034202241149,1.9280542923328932,3044.0,4441.507116244571,12445.982417814404,1607.0416758525043
2010/1/26 0:00,545489.5170140745,1.6930355191771507,1.9280602216086384,3226.0,4441.505734739738,12445.987539923333,1607.0413668605981
2010/2/2 0:00,545489.5567010309,1.6930360721649482,1.9280627113402062,3302.422680412371,4441.505154639175,12445.98969072165,1607.041237113402
2010/2/9 0:00,545489.8545989599,1.693037514274048,1.9280672263934455,3302.421835069495,4679.0,12445.9902724885,1607.0415126012983
2010/2/16 0:00,545489.5567010309,1.6930360721649482,1.9280627113402062,3302.422680412371,4441.505154639175,12445.98969072165,1607.041237113402
2010/2/23 0:00,545489.5567010309,1.6930360721649482,1.9280627113402062,3302.422680412371,4441.505154639175,12445.98969072165,1607.041237113402
2010/3/2 0:00,545489.5567010309,1.6930360721649482,1.9280627113402062,3302.422680412371,4441.505154639175,12445.98969072165,1607.041237113402
2010/3/9 0:00,545489.5567010309,1.6930360721649482,1.9280627113402062,3302.422680412371,4441.505154639175,12445.98969072165,1607.041237113402
2010/3/16 0:00,545487.9559306287,1.693039406867474,2.55659,3302.5241440981,4441.63142207866,12446.049078847553,1607.0450858548563
2010/3/23 0:00,545489.5567010309,1.6930360721649482,1.9280627113402062,3302.422680412371,4441.505154639175,12445.98969072165,1607.041237113402
2010/3/30 0:00,545491.7251143138,1.6930662862753838,1.9281987451276983,7478.0,4441.473459143298,12446.107205896755,1607.0341479947483
2010/4/6 0:00,545487.612308408,1.6930401226964806,2.69151,3302.545924346508,4441.65852671396,12446.06182713405,1607.0459120277312
2010/4/13 0:00,545489.5567010309,1.6930360721649482,1.9280627113402062,3302.422680412371,4441.505154639175,12445.98969072165,1607.041237113402
2010/4/20 0:00,545489.5567010309,1.6930360721649482,1.9280627113402062,3302.422680412371,4441.505154639175,12445.98969072165,1607.041237113402
2010/4/27 0:00,545494.1865992249,1.6930424348416315,1.928069737399826,3302.4130277040595,4441.519219133224,12446.000794711354,1947.0
2010/5/4 0:00,545489.5567010309,1.6930360721649482,1.9280627113402062,3302.422680412371,4441.505154639175,12445.98969072165,1607.041237113402
2010/5/11 0:00,545489.5567010309,1.6930360721649482,1.9280627113402062,3302.422680412371,4441.505154639175,12445.98969072165,1607.041237113402
2010/5/18 0:00,545498.0016858892,1.6930799684155102,1.9280934637797842,3302.4680680678516,4441.513579396924,36567.0,1607.0443867896151
2010/5/25 0:00,545489.5567010309,1.6930360721649482,1.9280627113402062,3302.422680412371,4441.505154639175,12445.98969072165,1607.041237113402
2010/6/1 0:00,545489.5567010309,1.6930360721649482,1.9280627113402062,3302.422680412371,4441.505154639175,12445.98969072165,1607.041237113402
2010/6/8 0:00,545489.5567010309,1.6930360721649482,1.9280627113402062,3302.422680412371,4441.505154639175,12445.98969072165,1607.041237113402
2010/6/15 0:00,545489.5567010309,1.6930360721649482,1.9280627113402062,3302.422680412371,4441.505154639175,12445.98969072165,1607.041237113402
2010/6/22 0:00,545490.1266823908,1.6930440141379517,1.928098468695039,4400.0,4441.496823274493,12446.020580340266,1607.0393736930282
2010/6/29 0:00,545489.5567010309,1.6930360721649482,1.9280627113402062,3302.422680412371,4441.505154639175,12445.98969072165,1607.041237113402
2010/7/6 0:00,545489.7015701762,1.6930367734692953,1.9280649070315479,3302.422269318208,4557.0,12445.989973637568,1607.0413710844443
2010/7/13 0:00,691707.0,1.6930380659895892,1.9280570584110877,3302.4283919152153,4441.534574490675,12446.047282888148,1607.050193294005
2010/7/20 0:00,545489.5567010309,1.6930360721649482,1.9280627113402062,3302.422680412371,4441.505154639175,12445.98969072165,1607.041237113402
2010/7/27 0:00,545489.0641034752,1.19995,1.9280598019170823,3302.4030186046643,4441.469968112166,12445.915730660652,1607.0381962525323
2010/8/3 0:00,545489.5567010309,1.6930360721649482,1.9280627113402062,3302.422680412371,4441.505154639175,12445.98969072165,1607.041237113402
2010/8/10 0:00,545489.5567010309,1.6930360721649482,1.9280627113402062,3302.422680412371,4441.505154639175,12445.98969072165,1607.041237113402
2010/8/17 0:00,545488.438361695,1.06712,1.9280280874540017,2353.0,4441.467696158336,12445.869086893252,1607.0389889798655
2010/8/24 0:00,545489.5567010309,1.6930360721649482,1.9280627113402062,3302.422680412371,4441.505154639175,12445.98969072165,1607.041237113402
2010/8/31 0:00,545486.4691507024,1.6930211254869398,1.9280159152642533,3302.4314419324073,1980.0,12445.983661024053,1607.0383818308987
2010/9/7 0:00,545487.1413020601,1.6930235171443995,1.9280539156570697,3302.409698826474,4441.5027450254765,5547.0,1607.0403362562886
2010/9/14 0:00,545489.5567010309,1.6930360721649482,1.9280627113402062,3302.422680412371,4441.505154639175,12445.98969072165,1607.041237113402
2010/9/21 0:00,545484.8872266336,1.6930054475788048,1.927949975076982,1604.0,1422.0,12445.934494665104,1607.0406180755156
2010/9/28 0:00,545489.5567010309,1.6930360721649482,1.9280627113402062,3302.422680412371,4441.505154639175,12445.98969072165,1607.041237113402
2010/10/5 0:00,545485.5773190199,1.6930168081739967,1.9280023983272931,3302.433972676954,1269.0,12445.98191936002,1607.0375570892338
2010/10/12 0:00,545484.2855866479,1.6930288282915031,1.9280547122088287,3302.433669969265,4441.4891422877645,12445.977048888635,1220.0
2010/10/19 0:00,545489.5567010309,1.6930360721649482,1.9280627113402062,3302.422680412371,4441.505154639175,12445.98969072165,1607.041237113402
2010/10/26 0:00,514262.0,1.6930356463452196,1.928063918632309,3302.421460610719,4441.498871462147,12445.977390803087,1607.0393243481992
2010/11/2 0:00,545489.5567010309,1.6930360721649482,1.9280627113402062,3302.422680412371,4441.505154639175,12445.98969072165,1607.041237113402
2010/11/9 0:00,545486.4326812713,1.6930198337990505,1.9280513352121833,3302.405890336966,4441.502038101949,3523.0,1607.0400719661707
2010/11/16 0:00,545489.5567010309,1.6930360721649482,1.9280627113402062,3302.422680412371,4441.505154639175,12445.98969072165,1607.041237113402
2010/11/23 0:00,545492.4130969343,1.69303012176093,0.806526,3302.2416298033268,4441.279844503269,12445.883719247347,1607.0343694643575
2010/11/30 0:00,545489.5567010309,1.6930360721649482,1.9280627113402062,3302.422680412371,4441.505154639175,12445.98969072165,1607.041237113402
2010/12/7 0:00,545488.6840430528,1.6930239127741482,1.9280079657938283,1622.0,4441.517910199918,12445.942397820472,1607.0440900639903
2010/12/14 0:00,575887.0,1.69303648666523,1.9280615361412117,3302.4238677883773,4441.511270792266,12446.001663674919,1607.0430990321029
2010/12/21 0:00,545488.9003258959,1.03601,1.9280588345995004,3302.3964814969722,4441.4582693853845,12445.891140608153,1607.037185234864
2010/12/28 0:00,605162.0,1.693032537391164,1.10846,3302.29270216886,4441.3525077335735,12445.935752108278,1607.0398734203673
2011/1/4 0:00,545488.3569238138,1.6930302641029449,1.9280445270647106,3302.4260850118135,3485.0,12445.987347668733,1607.0401275920885
2011/1/11 0:00,545489.5567010309,1.6930360721649482,1.9280627113402062,3302.422680412371,4441.505154639175,12445.98969072165,1607.041237113402
2011/1/18 0:00,545489.5567010309,1.6930360721649482,1.9280627113402062,3302.422680412371,4441.505154639175,12445.98969072165,1607.041237113402
2011/1/25 0:00,545489.1560023377,1.29194,1.9280603446982483,3302.4066867060224,4441.476532500824,12445.929528628989,1607.0387635546874
2011/2/1 0:00,545489.8282579398,1.6930373867584756,1.9280668271590204,3302.4219098172243,4658.0,12445.990221046946,1607.0414882418397
2011/2/8 0:00,545494.1761533773,1.69304536587809,1.9280895700476093,3949.0,4441.513937993315,11496.0,1946.0
2011/2/15 0:00,545489.8789721805,1.6930405626078817,1.9280829287800365,3923.0,4441.500444031666,12446.00715591192,1607.0401835234634
2011/2/22 0:00,626731.0,1.6930371799752606,1.9280595704555752,3302.4258538417785,4441.521500918686,12446.021690123524,1607.0462133530505
2011/3/1 0:00,545489.2181491547,1.6930343124035945,1.928061478502458,3302.42086086193,4441.504816898186,11479.0,1607.041110845705
2011/3/8 0:00,545490.0971711123,1.6930314591199804,1.51811,3302.357930527154,4040.0,12445.949971688435,1607.038261061959
2011/3/15 0:00,545489.4977034675,1.63398,1.9280623628835944,3302.420325551424,4441.500940409255,12445.980832652143,1607.0408729147173
2011/3/22 0:00,545490.4465764988,1.6930484714598029,1.9281185370129463,5016.0,4441.49214741198,12446.037916708945,1607.038327874269
2011/3/29 0:00,545489.5567010309,1.6930360721649482,1.9280627113402062,3302.422680412371,4441.505154639175,12445.98969072165,1607.041237113402
2011/4/5 0:00,545489.9666758347,1.6930352181111676,1.76709,3302.396694452988,4441.472816167236,12445.974480773219,1607.040251408631
2011/4/12 0:00,545489.5567010309,1.6930360721649482,1.9280627113402062,3302.422680412371,4441.505154639175,12445.98969072165,1607.041237113402
2011/4/19 0:00,545489.5567010309,1.6930360721649482,1.9280627113402062,3302.422680412371,4441.505154639175,12445.98969072165,1607.041237113402
2011/4/26 0:00,545489.5567010309,1.6930360721649482,1.9280627113402062,3302.422680412371,4441.505154639175,12445.98969072165,1607.041237113402
2011/5/3 0:00,545489.5567010309,1.6930360721649482,1.9280627113402062,3302.422680412371,4441.505154639175,12445.98969072165,1607.041237113402
2011/5/10 0:00,545489.5567010309,1.6930360721649482,1.9280627113402062,3302.422680412371,4441.505154639175,12445.98969072165,1607.041237113402
2011/5/17 0:00,545489.9627722518,2.09951,1.9280651097138608,3302.4388885607204,4441.53416054027,12446.05065946158,1607.0437438373424
2011/5/24 0:00,545489.5567010309,1.6930360721649482,1.9280627113402062,3302.422680412371,4441.505154639175,12445.98969072165,1607.041237113402
2011/5/31 0:00,788242.0,1.6930434803808816,1.9280578515662155,3302.425945673974,4441.563056509799,12446.092457916691,1826.0
2011/6/7 0:00,545489.5567010309,1.6930360721649482,1.9280627113402062,3302.422680412371,4441.505154639175,12445.98969072165,1607.041237113402
2011/6/14 0:00,545491.203617778,1.6930446326859436,1.9280687085928485,3302.43153178288,4441.50679761129,17150.0,1607.0418513542315
2011/6/21 0:00,545491.1139505904,1.6930436107328313,1.9280863136011925,3302.4182614161555,5683.0,12445.992731884684,1607.0426772154076
2011/6/28 0:00,545491.5445133378,1.693038803932794,1.928065727926575,3302.418536093949,4441.511193124945,12445.99445813693,1753.0
2011/7/5 0:00,545489.5567010309,1.6930360721649482,1.9280627113402062,3302.422680412371,4441.505154639175,12445.98969072165,1607.041237113402
2011/7/12 0:00,545489.0769116981,1.6930337495285839,1.9280554394723268,3302.424041907215,4059.0,12445.988753737867,1607.0407934172865
2011/7/19 0:00,545489.5567010309,1.6930360721649482,1.9280627113402062,3302.422680412371,4441.505154639175,12445.98969072165,1607.041237113402
2011/7/26 0:00,545489.5567010309,1.6930360721649482,1.9280627113402062,3302.422680412371,4441.505154639175,12445.98969072165,1607.041237113402
2011/8/2 0:00,545489.2591700248,1.39521,1.9280609540363394,3302.4108045973935,4441.483901828106,12445.945018532131,1607.0394004205812
2011/8/9 0:00,545488.3356001308,1.6930301608760532,1.928044203874938,3302.42614552188,3468.0,12445.98730602557,1607.040107872527
2011/8/16 0:00,545489.5567010309,1.6930360721649482,1.9280627113402062,3302.422680412371,4441.505154639175,12445.98969072165,1607.041237113402
2011/8/23 0:00,545490.751778847,1.23028,1.27731,3302.299176459155,4441.341400058796,12445.858791829392,1607.03439846036
2011/8/30 0:00,550614.0,1.6930328050292864,1.2991,3302.3213466054945,4441.379830795433,12445.932279870765,1607.0376995905144
2011/9/6 0:00,545487.0658633006,1.6930187407534505,1.9280239839721947,2336.0,4441.510506247979,6765.0,1607.0421360520124
2011/9/13 0:00,545489.5567010309,1.6930360721649482,1.9280627113402062,3302.422680412371,4441.505154639175,12445.98969072165,1607.041237113402
2011/9/20 0:00,545491.7756843369,1.693031449609943,1.0568,3302.282031744405,4441.330123079426,12445.907367073132,1607.0359019991195
2011/9/27 0:00,545488.970406396,1.10616,1.9280592485151302,3302.3992787283046,4441.463275275855,12445.901662702718,1607.0376178497806
2011/10/4 0:00,545489.5567010309,1.6930360721649482,1.9280627113402062,3302.422680412371,4441.505154639175,12445.98969072165,1607.041237113402
2011/10/11 0:00,558637.0,1.6930362514438073,1.9280622030454133,3302.423193973941,4441.507799985864,12445.994869240207,1607.0420424268723
2011/10/18 0:00,545486.1547613745,1.6930116549742205,1.92800477013178,1818.0,4441.513797661146,4931.0,1607.0427760102398
2011/10/25 0:00,545489.5567010309,1.6930360721649482,1.9280627113402062,3302.422680412371,4441.505154639175,12445.98969072165,1607.041237113402
2011/11/1 0:00,545489.5567010309,1.6930360721649482,1.9280627113402062,3302.422680412371,4441.505154639175,12445.98969072165,1607.041237113402
2011/11/8 0:00,545486.9588952267,1.6930225690105423,1.9280532514219977,3302.4087184791256,4441.502563055537,5026.0,1607.0402682250872
2011/11/15 0:00,545486.1869254864,1.6930197592486667,1.9280116377525571,3302.4322428009345,1755.0,12445.983109864548,1607.038120836701
2011/11/22 0:00,545486.6547921778,1.693022024168115,1.9280187289163913,3302.430915138887,2128.0,12445.984023564526,1607.0385535070823
2011/11/29 0:00,545489.5567010309,1.6930360721649482,1.9280627113402062,3302.422680412371,4441.505154639175,12445.98969072165,1607.041237113402
2011/12/6 0:00,545489.5567010309,1.6930360721649482,1.9280627113402062,3302.422680412371,4441.505154639175,12445.98969072165,1607.041237113402
2011/12/13 0:00,545488.9717400267,1.6930279214694495,1.9280260142485695,2176.0,4441.513704959931,12445.9579892949,1607.0431495062103
2011/12/20 0:00,545487.7134503213,1.693027149079682,1.928034774338043,3302.427910992056,2972.0,12445.986091025065,1607.0395325253176
2011/12/27 0:00,545489.0989706378,1.693029694267913,1.9280339959659187,2421.0,4441.511845241886,12445.964884441535,1607.0427335555673
2012/1/3 0:00,545489.5567010309,1.6930360721649482,1.9280627113402062,3302.422680412371,4441.505154639175,12445.98969072165,1607.041237113402
2012/1/10 0:00,545493.1123972024,1.693035662326104,1.9280555201204814,2960.0,4441.520729630656,10158.0,1940.0
2012/1/17 0:00,797444.0,1.6930375150934587,1.9280457349613829,3202.0,4233.0,12446.085593611568,1607.0565985799594
2012/1/24 0:00,545489.0199874124,1.6930332823771777,1.9280607568958346,3302.4197958396667,4441.504619211073,10913.0,1607.041036938488
2012/1/31 0:00,545489.5567010309,1.6930360721649482,1.9280627113402062,3302.422680412371,4441.505154639175,12445.98969072165,1607.041237113402
2012/2/7 0:00,545489.5567010309,1.6930360721649482,1.9280627113402062,3302.422680412371,4441.505154639175,12445.98969072165,1607.041237113402
2012/2/14 0:00,545489.9687830338,1.6930382141291027,1.9280642119381477,3302.424895151212,4441.5055657341745,13623.0,1607.0413908051971
2012/2/21 0:00,545489.5567010309,1.6930360721649482,1.9280627113402062,3302.422680412371,4441.505154639175,12445.98969072165,1607.041237113402
2012/2/28 0:00,545489.5567010309,1.6930360721649482,1.9280627113402062,3302.422680412371,4441.505154639175,12445.98969072165,1607.041237113402
2012/3/6 0:00,545497.6038762238,1.6930750281409441,1.9281846773590439,3302.3998449994424,10857.0,12446.005406103674,1607.048678921983
2012/3/13 0:00,545495.5036575649,1.693066983895221,1.9280843672015906,3302.4546423896686,4441.511087351783,29432.0,1607.0434551147189
2012/3/20 0:00,545493.6554582476,1.693041704916659,1.928068931371698,3302.4141350607897,4441.517605657334,12445.999520863917,1908.0
2012/3/27 0:00,545479.1198833704,1.693057813997609,6.02598,3303.0842106266045,4442.3284021458385,12446.376893683671,1607.066330413931
2012/4/3 0:00,687051.0,1.6930450202378151,1.9280649878354263,3302.4175635539177,4441.54915015999,12446.057696167718,1982.0
2012/4/10 0:00,545489.5567010309,1.6930360721649482,1.9280627113402062,3302.422680412371,4441.505154639175,12445.98969072165,1607.041237113402
2012/4/17 0:00,545489.5567010309,1.6930360721649482,1.9280627113402062,3302.422680412371,4441.505154639175,12445.98969072165,1607.041237113402
2012/4/24 0:00,545492.0782642867,4.2171,1.9280776044194732,3302.5233274644565,4441.685271354256,12446.36828572282,1607.0568030108468
2012/5/1 0:00,545489.5567010309,1.6930360721649482,1.9280627113402062,3302.422680412371,4441.505154639175,12445.98969072165,1607.041237113402
2012/5/8 0:00,545493.9474226803,1.6930588947301635,1.9280787001672428,3302.4462783897357,4441.509534844334,24987.0,1607.042874694969
2012/5/15 0:00,545494.6347480972,3.0197,2.89421,3302.6139155554597,9395.0,12446.292105791548,1607.0610807067437
2012/5/22 0:00,545489.5567010309,1.6930360721649482,1.9280627113402062,3302.422680412371,4441.505154639175,12445.98969072165,1607.041237113402
2012/5/29 0:00,545489.5567010309,1.6930360721649482,1.9280627113402062,3302.422680412371,4441.505154639175,12445.98969072165,1607.041237113402
2012/6/5 0:00,545489.5567010309,1.6930360721649482,1.9280627113402062,3302.422680412371,4441.505154639175,12445.98969072165,1607.041237113402
2012/6/12 0:00,545488.2726070808,1.6930387471715156,2.43225,3302.5040717879374,4441.6064429031985,12446.037330241394,1607.0443244678472
2012/6/19 0:00,545490.5398109521,1.693041182279431,1.9280662913381525,3302.4279641464627,4441.506135394388,15254.0,1607.0416037781133
2012/6/26 0:00,545490.0006429605,1.6930383797340565,1.9280643279561738,3302.4250663827065,4441.505597517792,13714.0,1607.041402687806
2012/7/3 0:00,545489.5567010309,1.6930360721649482,1.9280627113402062,3302.422680412371,4441.505154639175,12445.98969072165,1607.041237113402
2012/7/10 0:00,545490.2915836099,1.43006,1.49713,3110.0,4441.401277487676,12445.904112531587,1607.037303242225
2012/7/17 0:00,545489.5567010309,1.6930360721649482,1.9280627113402062,3302.422680412371,4441.505154639175,12445.98969072165,1607.041237113402
2012/7/24 0:00,545489.1856951768,1.6930309026652333,1.9280394365650917,2588.0,4441.510577597341,12445.969584398628,1607.042450030027
2012/7/31 0:00,545491.4208049993,1.6930321888896185,1.19614,3302.3045255171087,4441.358115666756,12445.920532995458,1607.036755237545
2012/8/7 0:00,545489.8693764093,1.6930365018617268,1.9280631858378643,3302.4220285267143,4441.5061044702115,12445.990440618092,1630.0
2012/8/14 0:00,545488.9377088225,1.07343,1.9280590553938393,3302.397973619516,4441.460939669368,12445.896753391882,1607.037416003933
2012/8/21 0:00,545489.5567010309,1.6930360721649482,1.9280627113402062,3302.422680412371,4441.505154639175,12445.98969072165,1607.041237113402
2012/8/28 0:00,545489.5567010309,1.6930360721649482,1.9280627113402062,3302.422680412371,4441.505154639175,12445.98969072165,1607.041237113402
2012/9/4 0:00,545489.5567010309,1.6930360721649482,1.9280627113402062,3302.422680412371,4441.505154639175,12445.98969072165,1607.041237113402
2012/9/11 0:00,545488.7852090589,0.920779,1.9280581546862865,3302.391886660712,4441.450046523449,12445.873856624139,1607.036474605506
2012/9/18 0:00,545491.9168312645,1.6930311555746365,1.00138,3302.2730852474674,4441.318989527036,12445.902130562328,1607.0355626387525
2012/9/25 0:00,545489.5567010309,1.6930360721649482,1.9280627113402062,3302.422680412371,4441.505154639175,12445.98969072165,1607.041237113402
2012/10/2 0:00,545488.7273244639,0.862837,1.928057812803187,3302.389576223394,4441.445911793504,12445.86516565902,1607.0361172773023
2012/10/9 0:00,543833.0,1.6930360495761005,1.9280627753845323,3302.4226157044395,4441.504821329749,12445.989038236645,1607.0411356452007
2012/10/16 0:00,545489.5567010309,1.6930360721649482,1.9280627113402062,3302.422680412371,4441.505154639175,12445.98969072165,1607.041237113402
2012/10/23 0:00,545485.7155815868,1.6930307934741216,1.9280568822845574,3302.4306886242216,4441.493486261318,12445.980478477886,1325.0
2012/10/30 0:00,487617.0,1.6930292817341108,0.796937,3302.2378212422195,4441.266273814125,12445.860018345928,1607.0307659093523
2012/11/6 0:00,545489.5520958588,1.6930147426238964,0.779136,3302.2214568162776,4441.271418273294,4075.0,1607.0331086755625
2012/11/13 0:00,545489.5567010309,1.6930360721649482,1.9280627113402062,3302.422680412371,4441.505154639175,12445.98969072165,1607.041237113402
2012/11/20 0:00,545485.9056614907,1.6929979380149824,0.825485,3302.239647252182,1561.0,4317.0,1607.0300827785234
2012/11/27 0:00,545488.620168093,1.6930230227569605,1.9280039586459345,1499.0,4441.518843854285,12445.938936175427,1607.0442988881905
2012/12/4 0:00,545489.5567010309,1.6930360721649482,1.9280627113402062,3302.422680412371,4441.505154639175,12445.98969072165,1607.041237113402
2012/12/11 0:00,545490.9736153194,1.693021671758686,1.09107,1926.0,4441.347455713309,12445.871867877477,1607.0384486812288
2012/12/18 0:00,545488.9609557682,1.0967,1.9280591926969997,3302.398901510793,4441.462600212079,12445.90024375739,1607.0375595099786
2012/12/25 0:00,545489.5567010309,1.6930360721649482,1.9280627113402062,3302.422680412371,4441.505154639175,12445.98969072165,1607.041237113402
2013/1/1 0:00,545489.5567010309,1.6930360721649482,1.9280627113402062,3302.422680412371,4441.505154639175,12445.98969072165,1607.041237113402
2013/1/8 0:00,545488.8473836333,1.693032385198691,1.9280601283586167,3302.4188681789315,4441.504447020708,10420.0,1607.0409725634743
2013/1/15 0:00,545488.8523858596,1.6930326626101355,1.928052036474133,3302.424679042621,3880.0,12445.988315259861,1607.0405857819026
2013/1/22 0:00,545495.2761191784,1.6930439321236264,1.9280713907908573,3302.410756203074,4441.5225288273605,12446.003407731736,2027.0
2013/1/29 0:00,545489.576310749,1.6930361740944504,1.9280627827490582,3302.422785804997,4441.505174201925,12502.0,1607.041244427123
2013/2/5 0:00,545495.1399291842,1.693043744963377,1.9280711841169784,3302.411040140697,4441.522115115594,12446.003081104189,2017.0
2013/2/12 0:00,545489.5567010309,1.6930360721649482,1.9280627113402062,3302.422680412371,4441.505154639175,12445.98969072165,1607.041237113402
2013/2/19 0:00,545490.0543387227,1.693035035493065,1.73267,3302.391138003609,4441.465901391464,12445.97122850505,1607.0400406402473
2013/2/26 0:00,665926.0,2.11076,2.09858,3302.472025759217,4313.0,12446.11558144381,1607.0520853341961
2013/3/5 0:00,545489.5567010309,1.6930360721649482,1.9280627113402062,3302.422680412371,4441.505154639175,12445.98969072165,1607.041237113402
2013/3/12 0:00,545489.5567010309,1.6930360721649482,1.9280627113402062,3302.422680412371,4441.505154639175,12445.98969072165,1607.041237113402
2013/3/19 0:00,545491.2457924603,1.693059607528519,1.9281686752292757,6555.0,4441.4804653463825,12446.08122948719,1607.035715025129
2013/3/26 0:00,615148.0,1.6930370220291886,1.9280600182672487,3302.425401390033,4441.519170347639,12446.01712780832,1607.0455038656078
2013/4/2 0:00,545495.3578331749,1.693044044419776,1.9280715147951846,3302.4105858405,4441.522777054421,12446.003603708265,2033.0
2013/4/9 0:00,545495.7119271597,1.6930445310364244,1.9280720521472698,3302.4098476026797,4441.523852705015,12446.004452939887,2059.0
2013/4/16 0:00,855297.0,1.6930402967068392,1.928050733839589,3302.4347820197695,4441.567489807743,12446.111717762027,1607.0602135867405
2013/4/23 0:00,545489.5567010309,1.6930360721649482,1.9280627113402062,3302.422680412371,4441.505154639175,12445.98969072165,1607.041237113402
2013/4/30 0:00,545487.117020732,1.693041154472844,2.88598,3302.577317801207,4441.697594594383,12446.080202165735,1607.0471028507297
2013/5/7 0:00,545491.8910932061,1.6930596053488252,2.62172,3302.523020597247,7711.0,12446.063241781718,1607.0492772034156
2013/5/14 0:00,545489.5567010309,1.6930360721649482,1.9280627113402062,3302.422680412371,4441.505154639175,12445.98969072165,1607.041237113402
2013/5/21 0:00,545489.5567010309,1.6930360721649482,1.9280627113402062,3302.422680412371,4441.505154639175,12445.98969072165,1607.041237113402
2013/5/28 0:00,545489.600310163,1.693035981319014,1.91094,3302.4199162787627,4441.5017147870685,12445.988072835275,1607.041132263716
2013/6/4 0:00,545489.5567010309,1.6930360721649482,1.9280627113402062,3302.422680412371,4441.505154639175,12445.98969072165,1607.041237113402
2013/6/11 0:00,545489.5567010309,1.6930360721649482,1.9280627113402062,3302.422680412371,4441.505154639175,12445.98969072165,1607.041237113402
2013/6/18 0:00,545489.5567010309,1.6930360721649482,1.9280627113402062,3302.422680412371,4441.505154639175,12445.98969072165,1607.041237113402
2013/6/25 0:00,805133.0,1.6930448523844928,1.9280584592520147,3302.424873445756,4441.568978724966,12446.101103376424,1887.0
2013/7/2 0:00,545490.3237936464,1.6930400594414465,1.9280655047104376,3302.4268031592956,4441.505919894479,14637.0,1607.0415232114124
2013/7/9 0:00,545489.5567010309,1.6930360721649482,1.9280627113402062,3302.422680412371,4441.505154639175,12445.98969072165,1607.041237113402
2013/7/16 0:00,545490.4014140117,1.693032901083868,1.51636,3302.356797322844,4279.0,12445.950391788756,1607.0385275797973
2013/7/23 0:00,545489.3196768,1.693032769530554,1.9280478418021372,2846.0,4441.508619200379,12445.976845410187,1607.042012008534
2013/7/30 0:00,545489.5567010309,1.6930360721649482,1.9280627113402062,3302.422680412371,4441.505154639175,12445.98969072165,1607.041237113402
2013/8/6 0:00,545489.5567010309,1.6930360721649482,1.9280627113402062,3302.422680412371,4441.505154639175,12445.98969072165,1607.041237113402
2013/8/13 0:00,545489.5567010309,1.6930360721649482,1.9280627113402062,3302.422680412371,4441.505154639175,12445.98969072165,1607.041237113402
2013/8/20 0:00,679395.0,1.6930261982783916,1.29483,3302.3305765772197,3068.0,12445.97923616835,1607.0439683681764
2013/8/27 0:00,545489.5567010309,1.6930360721649482,1.9280627113402062,3302.422680412371,4441.505154639175,12445.98969072165,1607.041237113402
2013/9/3 0:00,631143.0,1.19291,1.928056448920546,3302.4060836543126,4441.486699740249,12445.948411902978,1607.0433993224433
2013/9/10 0:00,545488.9982247661,1.6930282905009664,1.9280276757489156,2227.0,4441.51331783495,12445.95942461114,1607.0430629205662
2013/9/17 0:00,545488.9629117802,1.693027798458944,1.9280254604151206,2159.0,4441.513834001591,12445.957510856155,1607.0431783680915
2013/9/24 0:00,545486.6622924225,1.693015341026882,1.9280137070911576,2049.0,4441.512430855166,6038.0,1607.0425283781856
2013/10/1 0:00,538049.0,1.6930318711240788,1.928058471990199,3302.428609176354,4441.494595559547,12445.979605542932,1388.0
2013/10/8 0:00,545489.5567010309,1.6930360721649482,1.9280627113402062,3302.422680412371,4441.505154639175,12445.98969072165,1607.041237113402
2013/10/15 0:00,545488.6632707082,1.6930236233376643,1.928006662656302,1582.0,4441.518213827355,12445.941272082246,1607.0441579742994
2013/10/22 0:00,545489.5567010309,1.6930360721649482,1.9280627113402062,3302.422680412371,4441.505154639175,12445.98969072165,1607.041237113402
2013/10/29 0:00,545488.7172894159,0.852792,1.9280577535333012,3302.389175679007,4441.445194984241,12445.863658967075,1607.0360553298065
2013/11/5 0:00,545489.5567010309,1.6930360721649482,1.9280627113402062,3302.422680412371,4441.505154639175,12445.98969072165,1607.041237113402
2013/11/12 0:00,545484.1789002751,0.761098,1.9279459736072264,1528.0,1631.0,12445.79308240379,1607.0352422793937
2013/11/19 0:00,545489.5567010309,1.6930360721649482,1.9280627113402062,3302.422680412371,4441.505154639175,12445.98969072165,1607.041237113402
2013/11/26 0:00,545492.1597990693,1.6930306494275018,0.905981,3302.257684907133,4441.299824428437,12445.893116525984,1607.0349784698665
2013/12/3 0:00,545489.5567010309,1.6930360721649482,1.9280627113402062,3302.422680412371,4441.505154639175,12445.98969072165,1607.041237113402
2013/12/10 0:00,545489.5567010309,1.6930360721649482,1.9280627113402062,3302.422680412371,4441.505154639175,12445.98969072165,1607.041237113402
2013/12/17 0:00,545489.5567010309,1.6930360721649482,1.9280627113402062,3302.422680412371,4441.505154639175,12445.98969072165,1607.041237113402
2013/12/24 0:00,545488.3092591106,1.6930300333604809,1.928043804640513,3302.426220269609,3447.0,12445.987254584017,1607.0400835130686
2013/12/31 0:00,545489.5567010309,1.6930360721649482,1.9280627113402062,3302.422680412371,4441.505154639175,12445.98969072165,1607.041237113402
2014/1/7 0:00,545489.0367434239,1.6930333714905306,1.9280607528427003,3302.4199323019307,4437.0,10977.0,1607.0410400696246
2014/1/14 0:00,545489.5567010309,1.6930360721649482,1.9280627113402062,3302.422680412371,4441.505154639175,12445.98969072165,1607.041237113402
2014/1/21 0:00,545496.9414851698,1.6930440280007926,1.42547,3302.328333981339,4955.0,12445.956556143507,2008.0
2014/1/28 0:00,545490.7083345363,1.42791,1.43909,3632.0,4441.385501831057,12445.912996859168,1607.0360483498985
2014/2/4 0:00,545489.5567010309,1.6930360721649482,1.9280627113402062,3302.422680412371,4441.505154639175,12445.98969072165,1607.041237113402
2014/2/11 0:00,545489.5234579265,1.65976,1.9280625149968509,3302.421353528954,4441.502780065083,12445.984699503146,1607.0410318999284
2014/2/18 0:00,545489.5567010309,1.6930360721649482,1.9280627113402062,3302.422680412371,4441.505154639175,12445.98969072165,1607.041237113402
2014/2/25 0:00,545491.3618670846,1.6930454552512093,1.9280692848582084,3302.432382295359,4441.506955481563,17602.0,1607.0419103755423
2014/3/4 0:00,545489.5567010309,1.6930360721649482,1.9280627113402062,3302.422680412371,4441.505154639175,12445.98969072165,1607.041237113402
2014/3/11 0:00,545491.6970716484,1.6930658955361306,1.9281969858920374,7424.0,4441.4738690403365,12446.10568615015,1607.0342396736653
2014/3/18 0:00,545489.5567010309,1.6930360721649482,1.9280627113402062,3302.422680412371,4441.505154639175,12445.98969072165,1607.041237113402
2014/3/25 0:00,545489.5567010309,1.6930360721649482,1.9280627113402062,3302.422680412371,4441.505154639175,12445.98969072165,1607.041237113402
2014/4/1 0:00,545492.8956359363,1.6930825960212488,1.928272176927313,9732.0,4441.456349737283,12446.170641245788,1607.0303212488345
2014/4/8 0:00,545491.5599741735,1.6930639852553373,1.928188385184363,7160.0,4441.475872981413,12446.098256277857,1607.034687881705
2014/4/15 0:00,545501.509623027,4.21022,1.9282206132231783,3302.4962703195342,11966.0,12446.385685748559,1607.0654888018823
2014/4/22 0:00,545489.5567010309,1.6930360721649482,1.9280627113402062,3302.422680412371,4441.505154639175,12445.98969072165,1607.041237113402
2014/4/29 0:00,545489.5567010309,1.6930360721649482,1.9280627113402062,3302.422680412371,4441.505154639175,12445.98969072165,1607.041237113402
2014/5/6 0:00,545489.5567010309,1.6930360721649482,1.9280627113402062,3302.422680412371,4441.505154639175,12445.98969072165,1607.041237113402
2014/5/13 0:00,545489.5567010309,1.6930360721649482,1.9280627113402062,3302.422680412371,4441.505154639175,12445.98969072165,1607.041237113402
2014/5/20 0:00,545489.5567010309,1.6930360721649482,1.9280627113402062,3302.422680412371,4441.505154639175,12445.98969072165,1607.041237113402
2014/5/27 0:00,545489.5567010309,1.6930360721649482,1.9280627113402062,3302.422680412371,4441.505154639175,12445.98969072165,1607.041237113402
2014/6/3 0:00,545488.5210022422,1.6930382297181874,2.33472,3302.488327438491,4441.58684969922,12446.028114851666,1607.0437272499369
2014/6/10 0:00,545489.4943189479,2.35665,2.21286,3302.4951170829536,4441.609724103088,12446.116138828886,1607.04707355486
2014/6/17 0:00,545489.5567010309,1.6930360721649482,1.9280627113402062,3302.422680412371,4441.505154639175,12445.98969072165,1607.041237113402
2014/6/24 0:00,545491.5153375642,1.6930455538272642,1.9280923971733828,3302.417122403139,6003.0,12445.99351575598,1607.0430484071555
2014/7/1 0:00,545490.0093186434,1.6930423788218179,1.9280911059680148,4174.0,4441.498538769506,12446.014219919289,1607.0397573862742
2014/7/8 0:00,545489.5567010309,1.6930360721649482,1.9280627113402062,3302.422680412371,4441.505154639175,12445.98969072165,1607.041237113402
2014/7/15 0:00,800974.0,1.6930395559570794,1.928052834027238,3302.4326600706913,4441.556559685064,12446.09032100395,1607.0568861684246
2014/7/22 0:00,545489.5567010309,1.6930360721649482,1.9280627113402062,3302.422680412371,4441.505154639175,12445.98969072165,1607.041237113402
2014/7/29 0:00,545489.5567010309,1.6930360721649482,1.9280627113402062,3302.422680412371,4441.505154639175,12445.98969072165,1607.041237113402
2014/8/5 0:00,545489.5567010309,1.6930360721649482,1.9280627113402062,3302.422680412371,4441.505154639175,12445.98969072165,1607.041237113402
2014/8/12 0:00,545490.6592783756,1.6930375873911732,1.928064384546362,3302.4203816885,4441.50850399846,12445.992335057868,1688.0
2014/8/19 0:00,545491.0775138703,1.6930329040288996,1.33093,3302.3262847795086,4441.38519418582,12445.93326899855,1607.0375806143745
2014/8/26 0:00,545489.174807439,1.6930355473444552,1.9280621318010818,3302.423476608593,4441.5039945401995,12445.988774817599,1579.0
2014/9/2 0:00,545489.5567010309,1.6930360721649482,1.9280627113402062,3302.422680412371,4441.505154639175,12445.98969072165,1607.041237113402
2014/9/9 0:00,611184.0,1.6930369679759874,1.928060171519901,3302.4252465494287,4441.518372766388,12446.015566466918,1607.0452610607883
2014/9/16 0:00,545489.5567010309,1.6930360721649482,1.9280627113402062,3302.422680412371,4441.505154639175,12445.98969072165,1607.041237113402
2014/9/23 0:00,545489.5567010309,1.6930360721649482,1.9280627113402062,3302.422680412371,4441.505154639175,12445.98969072165,1607.041237113402
2014/9/30 0:00,545484.4428462005,1.6930193870799493,1.9280495864002476,3302.414502087787,4441.4947727756635,5232.0,1417.0
2014/10/7 0:00,545488.7286041948,0.864118,1.9280578203616465,3302.38962730327,4441.446003205417,12445.865357801616,1607.0361251772267
2014/10/14 0:00,545489.5567010309,1.6930360721649482,1.9280627113402062,3302.422680412371,4441.505154639175,12445.98969072165,1607.041237113402
2014/10/21 0:00,545485.8012779526,0.742747,1.9280528458855826,3302.3906379204172,4441.428818025837,12445.840422978687,1401.0
2014/10/28 0:00,545489.5567010309,1.6930360721649482,1.9280627113402062,3302.422680412371,4441.505154639175,12445.98969072165,1607.041237113402
2014/11/4 0:00,545489.5567010309,1.6930360721649482,1.9280627113402062,3302.422680412371,4441.505154639175,12445.98969072165,1607.041237113402
2014/11/11 0:00,579668.0,0.805251,1.9280561516439796,3302.3886150498943,4441.448679381264,12445.869990306423,1607.0378556588666
2014/11/18 0:00,545487.0103612622,1.6930228365262372,1.928053438835732,3302.4089950838475,4441.502614398303,5173.0,1607.040287420071
2014/11/25 0:00,545486.53563042,1.6930214473119554,1.9280169228558974,3302.4312532833765,2033.0,12445.983790852735,1607.038443309532
2014/12/2 0:00,545489.5567010309,1.6930360721649482,1.9280627113402062,3302.422680412371,4441.505154639175,12445.98969072165,1607.041237113402
2014/12/9 0:00,583853.0,1.6930133163724261,1.9280012234461632,1714.0,4441.522668945975,5970.0,1607.045438103645
2014/12/16 0:00,545489.5567010309,1.6930360721649482,1.9280627113402062,3302.422680412371,4441.505154639175,12445.98969072165,1607.041237113402
2014/12/23 0:00,545487.6820919641,1.6930269972754295,1.9280342990589658,3302.4279999774476,2947.0,12445.98602978512,1607.0395035259623
2014/12/30 0:00,545487.8691788487,1.6930273005806549,1.9280565662227411,3302.4136108075454,4441.503471158882,7626.0,1607.040607728203
2015/1/6 0:00,545489.5567010309,1.6930360721649482,1.9280627113402062,3302.422680412371,4441.505154639175,12445.98969072165,1607.041237113402
2015/1/13 0:00,545489.5567010309,1.6930360721649482,1.9280627113402062,3302.422680412371,4441.505154639175,12445.98969072165,1607.041237113402
2015/1/20 0:00,545489.5567010309,1.6930360721649482,1.9280627113402062,3302.422680412371,4441.505154639175,12445.98969072165,1607.041237113402
2015/1/27 0:00,545489.1078647928,1.6930337391556771,1.9280610769015987,3302.4202681375255,4441.504706877972,11164.0,1607.0410697135965
2015/2/3 0:00,545489.5567010309,1.6930360721649482,1.9280627113402062,3302.422680412371,4441.505154639175,12445.98969072165,1607.041237113402
2015/2/10 0:00,545495.098541718,1.50165,1.9280702821968536,3302.4030962894594,4441.50891292534,12445.974733589796,2028.0
2015/2/17 0:00,545489.5567010309,1.6930360721649482,1.9280627113402062,3302.422680412371,4441.505154639175,12445.98969072165,1607.041237113402
2015/2/24 0:00,545488.993644571,1.693033310445345,1.9280553384638253,3302.4234501753385,4073.0,12158.0,1607.0407720517728
2015/3/3 0:00,545489.5567010309,1.6930360721649482,1.9280627113402062,3302.422680412371,4441.505154639175,12445.98969072165,1607.041237113402
2015/3/10 0:00,545489.5567010309,1.6930360721649482,1.9280627113402062,3302.422680412371,4441.505154639175,12445.98969072165,1607.041237113402
2015/3/17 0:00,545489.5567010309,1.6930360721649482,1.9280627113402062,3302.422680412371,4441.505154639175,12445.98969072165,1607.041237113402
2015/3/24 0:00,545494.6087882068,1.6930430150384046,1.9280703780888506,3302.4121474974277,4441.520501639702,12446.001807256753,1978.0
2015/3/31 0:00,650356.0,2.40991,1.9281480636748007,5700.0,4441.573358379694,12446.217167917102,1949.0
2015/4/7 0:00,787192.0,1.6930400079154613,1.98859,3302.441705842094,4494.0,12446.090740224274,1607.0564735139321
2015/4/14 0:00,545489.3993375167,1.6930363999824214,1.98985,3302.4326547860405,4441.517567342446,12445.995528863197,1607.0416154634013
2015/4/21 0:00,545495.0173581894,1.6930435765191527,1.9280709981104873,3302.411295684558,4441.521742775003,12446.002787139396,2008.0
2015/4/28 0:00,545490.1142320469,2.25112,1.9280660042790592,3302.4449340096485,4441.544979400629,12446.073400085339,1607.044678815924
2015/5/5 0:00,545489.5567010309,1.6930360721649482,1.9280627113402062,3302.422680412371,4441.505154639175,12445.98969072165,1607.041237113402
2015/5/12 0:00,545489.5567010309,1.6930360721649482,1.9280627113402062,3302.422680412371,4441.505154639175,12445.98969072165,1607.041237113402
2015/5/19 0:00,816098.0,1.6930469858021446,1.9280602260760258,3302.422292018561,4441.575570295331,12446.108884525625,1993.0
2015/5/26 0:00,545491.0140496843,3.15183,1.9280713188613399,3302.480849821956,4441.609253892511,12446.208501379622,1607.050233492782
2015/6/2 0:00,545489.5567010309,1.6930360721649482,1.9280627113402062,3302.422680412371,4441.505154639175,12445.98969072165,1607.041237113402
2015/6/9 0:00,545485.3193966898,1.693044899258121,3.5918,3302.6912589139533,4441.839389685457,12446.146893505605,1607.0514248885193
2015/6/16 0:00,545489.5567010309,1.6930360721649482,1.9280627113402062,3302.422680412371,4441.505154639175,12445.98969072165,1607.041237113402
2015/6/23 0:00,545489.5567010309,1.6930360721649482,1.9280627113402062,3302.422680412371,4441.505154639175,12445.98969072165,1607.041237113402
2015/6/30 0:00,545492.0624353645,1.6930490967403613,1.9280718359798574,3302.4361475065775,4441.507654371868,19603.0,1607.0421716623632
2015/7/7 0:00,545489.5567010309,1.6930360721649482,1.9280627113402062,3302.422680412371,4441.505154639175,12445.98969072165,1607.041237113402
2015/7/14 0:00,545489.5567010309,1.6930360721649482,1.9280627113402062,3302.422680412371,4441.505154639175,12445.98969072165,1607.041237113402
2015/7/21 0:00,545489.4000506372,1.6930363984968586,1.98957,3302.432609585406,4441.517511092091,12445.99550240663,1607.0416137488417
2015/7/28 0:00,545489.5567010309,1.6930360721649482,1.9280627113402062,3302.422680412371,4441.505154639175,12445.98969072165,1607.041237113402
2015/8/4 0:00,545491.3947043442,1.6930385980565197,1.9280655005853082,3302.4188484253345,4441.510738042001,12445.994098846626,1742.0
2015/8/11 0:00,545489.5567010309,1.6930360721649482,1.9280627113402062,3302.422680412371,4441.505154639175,12445.98969072165,1607.041237113402
2015/8/18 0:00,545489.5567010309,1.6930360721649482,1.9280627113402062,3302.422680412371,4441.505154639175,12445.98969072165,1607.041237113402
2015/8/25 0:00,545486.9096050732,1.6930279312631396,1.9280367454741782,2612.0,4441.503443357166,12445.964771151845,1439.0
2015/9/1 0:00,545489.5567010309,1.6930360721649482,1.9280627113402062,3302.422680412371,4441.505154639175,12445.98969072165,1607.041237113402
2015/9/8 0:00,545486.8868440221,1.693023147519584,1.928022245981564,3302.430256646987,2313.0,12445.984476740117,1607.0387681023117
2015/9/15 0:00,545487.5687852534,1.6930257391625176,1.9280554723384957,3302.4119963391668,4441.503171484778,6768.0,1607.0404956921748
2015/9/22 0:00,545489.5567010309,1.6930360721649482,1.9280627113402062,3302.422680412371,4441.505154639175,12445.98969072165,1607.041237113402
2015/9/29 0:00,545487.189967223,1.693023770101417,1.9280540928714172,3302.409960377878,4441.502793574079,5686.0,1607.0403544066473
2015/10/6 0:00,545489.5567010309,1.6930360721649482,1.9280627113402062,3302.422680412371,4441.505154639175,12445.98969072165,1607.041237113402
2015/10/13 0:00,545492.3199022687,1.6930303159027549,0.843118,3302.2475368804817,4441.287195621078,12445.887176742897,1607.0345935328266
2015/10/20 0:00,545489.5567010309,1.6930360721649482,1.9280627113402062,3302.422680412371,4441.505154639175,12445.98969072165,1607.041237113402
2015/10/27 0:00,545489.5567010309,1.6930360721649482,1.9280627113402062,3302.422680412371,4441.505154639175,12445.98969072165,1607.041237113402
2015/11/3 0:00,545485.7798332416,0.663501,1.9280466284984956,3302.36685665106,4441.428945445029,4596.0,1607.0338629356622
2015/11/10 0:00,585923.0,1.6930255982112485,0.830826,3302.2550266087383,4441.281358795544,12445.892859642487,1329.0
2015/11/17 0:00,545488.5746678557,0.710029,1.928056911169266,3302.383483004214,4441.435007444096,12445.842245342184,1607.0351749106567
2015/11/24 0:00,545483.5318846088,1.6930187587062058,1.9280180271842573,3302.437203122006,2364.0,12445.97640197124,1356.0
2015/12/1 0:00,545489.5567010309,1.6930360721649482,1.9280627113402062,3302.422680412371,4441.505154639175,12445.98969072165,1607.041237113402
2015/12/8 0:00,545489.5567010309,1.6930360721649482,1.9280627113402062,3302.422680412371,4441.505154639175,12445.98969072165,1607.041237113402
2015/12/15 0:00,545489.5567010309,1.6930360721649482,1.9280627113402062,3302.422680412371,4441.505154639175,12445.98969072165,1607.041237113402
2015/12/22 0:00,545488.965880884,1.10163,1.9280592217861523,3302.399098094549,4441.462952015929,12445.9009832289,1607.0375899132794
2015/12/29 0:00,545489.5567010309,1.6930360721649482,1.9280627113402062,3302.422680412371,4441.505154639175,12445.98969072165,1607.041237113402
2016/1/5 0:00,545489.5567010309,1.6930360721649482,1.9280627113402062,3302.422680412371,4441.505154639175,12445.98969072165,1607.041237113402
2016/1/12 0:00,545489.0511902295,1.6930331744296885,1.9280526919625327,3207.0,4078.0,12445.986114756251,1607.0409774613895
2016/1/19 0:00,545489.5567010309,1.6930360721649482,1.9280627113402062,3302.422680412371,4441.505154639175,12445.98969072165,1607.041237113402
2016/1/26 0:00,545489.5567010309,1.6930360721649482,1.9280627113402062,3302.422680412371,4441.505154639175,12445.98969072165,1607.041237113402
2016/2/2 0:00,545494.8947871947,1.6930434080749281,1.9280708121039962,3302.411551228419,4441.521370434413,12446.002493174603,1999.0
2016/2/9 0:00,545489.5567010309,1.6930360721649482,1.9280627113402062,3302.422680412371,4441.505154639175,12445.98969072165,1607.041237113402
2016/2/16 0:00,545489.5567010309,1.6930360721649482,1.9280627113402062,3302.422680412371,4441.505154639175,12445.98969072165,1607.041237113402
2016/2/23 0:00,545489.5567010309,1.6930360721649482,1.9280627113402062,3302.422680412371,4441.505154639175,12445.98969072165,1607.041237113402
2016/3/1 0:00,545490.5468030619,1.6930498679908375,1.9281248246515112,5209.0,4441.490682409601,12446.043348395886,1607.038000207028
2016/3/8 0:00,545489.5567010309,1.6930360721649482,1.9280627113402062,3302.422680412371,4441.505154639175,12445.98969072165,1607.041237113402
2016/3/15 0:00,545490.8246331719,1.693053739203809,1.9281422541159272,5744.0,4441.486621392645,12446.058405144659,1607.0370919066447
2016/3/22 0:00,545489.5567010309,1.6930360721649482,1.9280627113402062,3302.422680412371,4441.505154639175,12445.98969072165,1607.041237113402
2016/3/29 0:00,545495.5905873595,3.36832,1.9280884741555708,3302.512916633489,4441.629052395781,24900.0,1607.0531948074706
2016/4/5 0:00,545489.5567010309,1.6930360721649482,1.9280627113402062,3302.422680412371,4441.505154639175,12445.98969072165,1607.041237113402
2016/4/12 0:00,545489.5567010309,1.6930360721649482,1.9280627113402062,3302.422680412371,4441.505154639175,12445.98969072165,1607.041237113402
2016/4/19 0:00,845391.0,1.6930401616283803,1.9280511168165757,3302.434395074506,4441.56549665944,12446.10781598404,1607.059606819702
2016/4/26 0:00,545491.6642748462,3.8027,1.928075159278532,3302.5068032639697,4441.655699850179,12446.306128117873,1607.0542474068345
2016/5/3 0:00,545489.5567010309,1.6930360721649482,1.9280627113402062,3302.422680412371,4441.505154639175,12445.98969072165,1607.041237113402
2016/5/10 0:00,545492.9234061468,5.06308,1.928082596070857,3302.557060917949,4441.745640323893,12446.495177833416,1607.0620201678985
2016/5/17 0:00,545482.6201590814,1.6930505222721757,4.65163,3302.8623481569916,4442.052303305602,12446.247034451928,1607.0579146809737
2016/5/24 0:00,545489.5567010309,1.6930360721649482,1.9280627113402062,3302.422680412371,4441.505154639175,12445.98969072165,1607.041237113402
2016/5/31 0:00,545501.0501996541,1.6930756116369299,1.9280933427632745,3302.4450399110133,4441.527399964472,30183.0,1995.0
2016/6/7 0:00,545489.5567010309,1.6930360721649482,1.9280627113402062,3302.422680412371,4441.505154639175,12445.98969072165,1607.041237113402
2016/6/14 0:00,545492.4935726251,3.21511,3.16426,3302.7074666386998,4441.866668105933,25484.0,1607.0598959841227
2016/6/21 0:00,545495.3165148473,1.6930854037676129,3.14433,3302.5938886622616,11503.0,12446.121910896743,1607.0568759902167
2016/6/28 0:00,545490.5135673104,1.6930494048924634,1.928122739631469,5145.0,4441.491168213499,12446.041547214723,1607.0381088635224
2016/7/5 0:00,545489.5567010309,1.6930360721649482,1.9280627113402062,3302.422680412371,4441.505154639175,12445.98969072165,1607.041237113402
2016/7/12 0:00,545490.6427430232,1.6930417173108205,1.9280666661656212,3302.4285173559074,4441.506238079921,15548.0,1607.041642168081
2016/7/19 0:00,545489.5567010309,1.6930360721649482,1.9280627113402062,3302.422680412371,4441.505154639175,12445.98969072165,1607.041237113402
2016/7/26 0:00,545489.5567010309,1.6930360721649482,1.9280627113402062,3302.422680412371,4441.505154639175,12445.98969072165,1607.041237113402
2016/8/2 0:00,781240.0,1.6930392868637718,1.928053596965645,3302.4318892269766,4441.552589082539,12446.082548170642,1607.055677412041
2016/8/9 0:00,545489.5567010309,1.6930360721649482,1.9280627113402062,3302.422680412371,4441.505154639175,12445.98969072165,1607.041237113402
2016/8/16 0:00,545489.5567010309,1.6930360721649482,1.9280627113402062,3302.422680412371,4441.505154639175,12445.98969072165,1607.041237113402
2016/8/23 0:00,545489.5567010309,1.6930360721649482,1.9280627113402062,3302.422680412371,4441.505154639175,12445.98969072165,1607.041237113402
2016/8/30 0:00,545489.5567010309,1.6930360721649482,1.9280627113402062,3302.422680412371,4441.505154639175,12445.98969072165,1607.041237113402
2016/9/6 0:00,545489.5567010309,1.6930360721649482,1.9280627113402062,3302.422680412371,4441.505154639175,12445.98969072165,1607.041237113402
2016/9/13 0:00,545489.5567010309,1.6930360721649482,1.9280627113402062,3302.422680412371,4441.505154639175,12445.98969072165,1607.041237113402
2016/9/20 0:00,545489.5567010309,1.6930360721649482,1.9280627113402062,3302.422680412371,4441.505154639175,12445.98969072165,1607.041237113402
2016/9/27 0:00,545489.6198940506,1.6930184786858853,0.961603,3302.2537746287762,4441.308606061996,5596.0,1607.0344246083805
2016/10/4 0:00,545488.6835288967,0.818998,1.9280575541339455,3302.387828143217,4441.442783450919,12445.858590062391,1607.0358469222726
2016/10/11 0:00,545486.0160398626,1.6930090644556084,0.827597,3302.2609604284785,1578.0,12445.87209653932,1405.0
2016/10/18 0:00,545489.5567010309,1.6930360721649482,1.9280627113402062,3302.422680412371,4441.505154639175,12445.98969072165,1607.041237113402
2016/10/25 0:00,545489.5567010309,1.6930360721649482,1.9280627113402062,3302.422680412371,4441.505154639175,12445.98969072165,1607.041237113402
2016/11/1 0:00,545489.5567010309,1.6930360721649482,1.9280627113402062,3302.422680412371,4441.505154639175,12445.98969072165,1607.041237113402
2016/11/8 0:00,545486.9200331182,1.6930223670088953,1.9280531099055045,3302.4085096143353,4441.5025242865095,4915.0,1607.0402537309158
2016/11/15 0:00,545487.0303174801,1.6930229402568127,1.9280535115063637,3302.40910233874,4441.502634306723,5230.0,1607.040294863024
2016/11/22 0:00,545489.5567010309,1.6930360721649482,1.9280627113402062,3302.422680412371,4441.505154639175,12445.98969072165,1607.041237113402
2016/11/29 0:00,545489.5567010309,1.6930360721649482,1.9280627113402062,3302.422680412371,4441.505154639175,12445.98969072165,1607.041237113402
2016/12/6 0:00,545488.9182512391,1.6930271761705036,1.928022658669439,2073.0,4441.514486800578,12445.95509051897,1607.043324375256
2016/12/13 0:00,545488.1065528085,1.6930285344285534,1.928057430620781,3302.414886576264,4441.503707964293,8304.0,1607.0406962601694
2016/12/20 0:00,545486.5215325251,1.693026702922868,1.928055217884958,3302.418867531083,4441.498708064595,8563.0,1484.0
2016/12/27 0:00,545489.5567010309,1.6930360721649482,1.9280627113402062,3302.422680412371,4441.505154639175,12445.98969072165,1607.041237113402
2017/1/3 0:00,545489.5567010309,1.6930360721649482,1.9280627113402062,3302.422680412371,4441.505154639175,12445.98969072165,1607.041237113402
2017/1/10 0:00,545489.5567010309,1.6930360721649482,1.9280627113402062,3302.422680412371,4441.505154639175,12445.98969072165,1607.041237113402
2017/1/17 0:00,545489.5567010309,1.6930360721649482,1.9280627113402062,3302.422680412371,4441.505154639175,12445.98969072165,1607.041237113402
2017/1/24 0:00,545489.5567010309,1.6930360721649482,1.9280627113402062,3302.422680412371,4441.505154639175,12445.98969072165,1607.041237113402
2017/1/31 0:00,545491.6796553567,1.6930463492815477,1.928094887635748,3302.4166561196853,6134.0,12445.99383665329,1607.0432003637775
2017/2/7 0:00,545489.5567010309,1.6930360721649482,1.9280627113402062,3302.422680412371,4441.505154639175,12445.98969072165,1607.041237113402
2017/2/14 0:00,545489.5567010309,1.6930360721649482,1.9280627113402062,3302.422680412371,4441.505154639175,12445.98969072165,1607.041237113402
2017/2/21 0:00,545489.5567010309,1.6930360721649482,1.9280627113402062,3302.422680412371,4441.505154639175,12445.98969072165,1607.041237113402
2017/2/28 0:00,545502.5118693104,1.6930670623864479,1.9281342502266945,3302.392807065277,7474.0,12446.019067138623,2279.0
2017/3/7 0:00,545498.6127740358,1.6930485175497358,1.9280764543008908,3302.4037997313058,4441.532664765652,12446.011410106654,2272.0
2017/3/14 0:00,545489.5567010309,1.6930360721649482,1.9280627113402062,3302.422680412371,4441.505154639175,12445.98969072165,1607.041237113402
2017/3/21 0:00,545501.7544684001,1.6930951209518146,1.9282475852977234,3302.3880668929673,14166.0,12446.013511822777,1607.052517276652
2017/3/28 0:00,545493.5691157869,5.70943,1.9280864098180759,3302.5828341249585,4441.791763735234,12446.592126597794,1607.06600620712
2017/4/4 0:00,545492.7284185617,1.693080266057554,1.928261686670225,9410.0,4441.458793938142,12446.161579053067,1607.030867926822
2017/4/11 0:00,545505.0717887597,1.693116718156607,1.9281192095821729,3302.506066406355,4441.520632565751,56761.0,1607.0470236841993
2017/4/18 0:00,545489.5567010309,1.6930360721649482,1.9280627113402062,3302.422680412371,4441.505154639175,12445.98969072165,1607.041237113402
2017/4/25 0:00,545489.5567010309,1.6930360721649482,1.9280627113402062,3302.422680412371,4441.505154639175,12445.98969072165,1607.041237113402
2017/5/2 0:00,545489.5567010309,1.6930360721649482,1.9280627113402062,3302.422680412371,4441.505154639175,12445.98969072165,1607.041237113402
2017/5/9 0:00,545489.5567010309,1.6930360721649482,1.9280627113402062,3302.422680412371,4441.505154639175,12445.98969072165,1607.041237113402
2017/5/16 0:00,545497.999919062,1.6930476753286134,1.9280755242684355,3302.40507745061,4441.5308030627,12446.00994028269,2227.0
2017/5/23 0:00,545503.7637812166,1.6931099192543222,1.9281144464684894,3302.499036506749,4441.519327691098,53025.0,1607.0465358443375
2017/5/30 0:00,545489.5567010309,1.6930360721649482,1.9280627113402062,3302.422680412371,4441.505154639175,12445.98969072165,1607.041237113402
2017/6/6 0:00,545486.8134351354,1.6930417868981154,3.00518,3302.5965603568716,4441.7215411740435,12446.091465104888,1607.0478327633202
2017/6/13 0:00,545502.3695004666,1.6930717419399408,1.9280921881955049,3302.4312031289983,4441.534439773526,25938.0,2201.0
2017/6/20 0:00,545490.5540733825,1.6930499692936067,1.9281252807496456,5223.0,4441.490576139999,12446.043742404265,1607.03797643842
2017/6/27 0:00,875658.0,1.6930508390507204,1.9280961616941468,4721.0,4441.56081859168,12446.159661226146,1607.0590523478236
2017/7/4 0:00,545491.7850194373,1.6930468593438364,1.9280964845734478,3302.416357128768,6218.0,12445.994042419505,1607.0432978016113
2017/7/11 0:00,545489.5567010309,1.6930360721649482,1.9280627113402062,3302.422680412371,4441.505154639175,12445.98969072165,1607.041237113402
2017/7/18 0:00,545496.433734129,1.693045522985746,1.928073147518828,3302.408342733277,4441.52604537738,12446.006184065891,2112.0
2017/7/25 0:00,545489.5567010309,1.6930360721649482,1.9280627113402062,3302.422680412371,4441.505154639175,12445.98969072165,1607.041237113402
2017/8/1 0:00,545495.4493939701,1.6930453014584497,1.9280722821077514,3302.41260177307,4441.522451623958,13291.0,2018.0
2017/8/8 0:00,545489.5567010309,1.6930360721649482,1.9280627113402062,3302.422680412371,4441.505154639175,12445.98969072165,1607.041237113402
2017/8/15 0:00,545489.5567010309,1.6930360721649482,1.9280627113402062,3302.422680412371,4441.505154639175,12445.98969072165,1607.041237113402
2017/8/22 0:00,545493.9938925199,1.693031641060594,1.23235,3302.3057702279716,3429.0,12445.930912355507,1896.0
2017/8/29 0:00,785606.0,1.14131,1.9280501727464965,3302.410059692612,4441.5140964825705,12446.00151212983,1607.052542346718
2017/9/5 0:00,545491.7998794977,1.6930313992069224,1.0473,3302.280498151461,4441.328214585241,12445.906469439558,1607.0358438265557
2017/9/12 0:00,545489.5567010309,1.6930360721649482,1.9280627113402062,3302.422680412371,4441.505154639175,12445.98969072165,1607.041237113402
2017/9/19 0:00,545489.5567010309,1.6930360721649482,1.9280627113402062,3302.422680412371,4441.505154639175,12445.98969072165,1607.041237113402
2017/9/26 0:00,545489.5567010309,1.6930360721649482,1.9280627113402062,3302.422680412371,4441.505154639175,12445.98969072165,1607.041237113402
2017/10/3 0:00,760130.0,1.6930233358132138,1.9280053737085452,3302.4402461654404,1862.0,12446.067914607938,1607.051392212788
2017/10/10 0:00,545489.5567010309,1.6930360721649482,1.9280627113402062,3302.422680412371,4441.505154639175,12445.98969072165,1607.041237113402
2017/10/17 0:00,545489.5567010309,1.6930360721649482,1.9280627113402062,3302.422680412371,4441.505154639175,12445.98969072165,1607.041237113402
2017/10/24 0:00,545489.5567010309,1.6930360721649482,1.9280627113402062,3302.422680412371,4441.505154639175,12445.98969072165,1607.041237113402
2017/10/31 0:00,545489.5567010309,1.6930360721649482,1.9280627113402062,3302.422680412371,4441.505154639175,12445.98969072165,1607.041237113402
2017/11/7 0:00,545488.5702802071,0.705637,1.9280568852545483,3302.3833078732096,4441.434694031823,12445.841586567567,1607.0351478252012
2017/11/14 0:00,545489.5567010309,1.6930360721649482,1.9280627113402062,3302.422680412371,4441.505154639175,12445.98969072165,1607.041237113402
2017/11/21 0:00,775731.0,0.822659,1.9280140296949222,2239.0,4441.497442805301,12445.919898364755,1607.0517777924663
2017/11/28 0:00,545488.7243544094,0.859864,1.928057795261189,3302.3894576750154,4441.445699640797,12445.864719726203,1607.0360989428168
2017/12/5 0:00,835027.0,1.6930400203046223,1.9280515175003523,3302.43399023898,4441.563411358712,12446.10373380889,1607.0589719990287
2017/12/12 0:00,545489.281767271,1.6930322413089711,1.9280454635761515,2773.0,4441.50917332045,12445.974790937924,1607.042135944848
2017/12/19 0:00,545489.5567010309,1.6930360721649482,1.9280627113402062,3302.422680412371,4441.505154639175,12445.98969072165,1607.041237113402
2017/12/26 0:00,545489.5567010309,1.6930360721649482,1.9280627113402062,3302.422680412371,4441.505154639175,12445.98969072165,1607.041237113402
2018/1/2 0:00,545489.5567010309,1.6930360721649482,1.9280627113402062,3302.422680412371,4441.505154639175,12445.98969072165,1607.041237113402
2018/1/9 0:00,545489.5567010309,1.6930360721649482,1.9280627113402062,3302.422680412371,4441.505154639175,12445.98969072165,1607.041237113402
2018/1/16 0:00,545493.70498997,1.6930669509636622,1.9281820802105014,5589.0,6802.0,12446.059825172,1607.0400931722415
2018/1/23 0:00,545490.0813099599,1.6930349793069608,1.72208,3302.3894284510543,4441.463773922684,12445.970227879836,1607.039975793147
2018/1/30 0:00,545489.5567010309,1.6930360721649482,1.9280627113402062,3302.422680412371,4441.505154639175,12445.98969072165,1607.041237113402
2018/2/6 0:00,545494.7614477961,1.86871,1.9281399730535176,3302.4154139516404,8451.0,12446.025862445234,1607.0469714048068
2018/2/13 0:00,545493.7485607198,1.6930578610640774,1.9280779760107727,3302.4452096041427,4441.509336458679,24419.0,1607.042800526596
2018/2/20 0:00,1026187.0,1.6930426269670682,1.9280441270419644,3302.441457274781,4441.601873929839,12446.179027961896,1607.0706810225588
2018/2/27 0:00,545503.9786598065,1.6930558916635605,1.92808459725172,3302.3926125889525,4441.548965009271,12446.024279232035,2666.0
2018/3/6 0:00,545492.4163140829,1.693075917274384,1.9282421070288904,8809.0,4441.4633559403665,12446.144664836222,1607.0318882792153
2018/3/13 0:00,545494.7453780663,1.6930779470530517,2.73181,3302.5913183945454,4441.673841124566,33113.0,1607.048857461252
2018/3/20 0:00,545486.2150760742,1.6930430333913473,3.24012,3302.6344869175086,4441.768739239693,12446.113664055596,1607.0492714014406
2018/3/27 0:00,545489.5567010309,1.6930360721649482,1.9280627113402062,3302.422680412371,4441.505154639175,12445.98969072165,1607.041237113402
2018/4/3 0:00,545489.5567010309,1.6930360721649482,1.9280627113402062,3302.422680412371,4441.505154639175,12445.98969072165,1607.041237113402
2018/4/10 0:00,545497.4796971288,1.693074426996104,1.9281827952538972,3302.400197381595,10758.0,12446.00516359349,1607.048564084536
2018/4/17 0:00,545491.1878473266,3.3258,1.9280723453603013,3302.4877868759104,4441.621668358158,12446.23459587415,1607.0513063654412
2018/4/24 0:00,545489.5567010309,1.6930360721649482,1.9280627113402062,3302.422680412371,4441.505154639175,12445.98969072165,1607.041237113402
2018/5/1 0:00,545489.5567010309,1.6930360721649482,1.9280627113402062,3302.422680412371,4441.505154639175,12445.98969072165,1607.041237113402
2018/5/8 0:00,545512.9941287021,1.693207247595276,5.20091,3302.8608571261952,29772.0,12446.360984204572,1607.09066087819
2018/5/15 0:00,545489.5567010309,1.6930360721649482,1.9280627113402062,3302.422680412371,4441.505154639175,12445.98969072165,1607.041237113402
2018/5/22 0:00,1260932.0,1.6930458279556422,1.9280350515389602,3302.4506268150562,4441.64910607181,12446.271489386607,1607.0850597353046
2018/5/29 0:00,545489.5567010309,1.6930360721649482,1.9280627113402062,3302.422680412371,4441.505154639175,12445.98969072165,1607.041237113402
2018/6/5 0:00,545504.6061436761,1.6931142977765108,1.9281175139341002,3302.503563792202,4441.520168035963,55431.0,1607.0468500152977
2018/6/12 0:00,545498.1039354415,1.6930671880685555,4.12777,3302.748281051013,4441.990045856016,12446.231471357349,2646.0
2018/6/19 0:00,545492.8899235416,1.6930825164262158,1.9282718185644927,9721.0,4441.456433234828,12446.170331667776,1607.0303399241693
2018/6/26 0:00,545490.9478753104,3.08559,1.9280709280164172,3302.478208501878,4441.604527018887,12446.198565762461,1607.0498249908278
2018/7/3 0:00,545489.5567010309,1.6930360721649482,1.9280627113402062,3302.422680412371,4441.505154639175,12445.98969072165,1607.041237113402
2018/7/10 0:00,545494.9511854281,1.6930641121961296,1.928082355372524,3302.451673122651,4441.510536202907,27854.0,1607.0432490624432
2018/7/17 0:00,545489.5567010309,1.6930360721649482,1.9280627113402062,3302.422680412371,4441.505154639175,12445.98969072165,1607.041237113402
2018/7/24 0:00,545492.4149952135,1.6930509293138625,1.9280731198276837,3302.4380423430075,4441.508006087279,20610.0,1607.0423031545315
2018/7/31 0:00,545491.8037047504,1.6930477518825486,1.9280708938114923,3302.4347569563074,4441.507396260956,18864.0,1607.0420751651316
2018/8/7 0:00,545489.5567010309,1.6930360721649482,1.9280627113402062,3302.422680412371,4441.505154639175,12445.98969072165,1607.041237113402
2018/8/14 0:00,545490.9220374435,1.6930426816908055,1.928083404893239,3302.418806006754,5530.0,12445.992357096222,1607.0424997393532
2018/8/21 0:00,1123869.0,1.6930499953715383,1.9280445794810486,3302.451514401851,4441.622686684675,15763.0,1607.0770974160055
2018/8/28 0:00,545489.5567010309,1.6930360721649482,1.9280627113402062,3302.422680412371,4441.505154639175,12445.98969072165,1607.041237113402
2018/9/4 0:00,545489.5567010309,1.6930360721649482,1.9280627113402062,3302.422680412371,4441.505154639175,12445.98969072165,1607.041237113402
2018/9/11 0:00,545488.6780333929,1.6930318185784912,1.9280493939224628,3302.4251738014004,3741.0,12445.987974765769,1607.040424545487
2018/9/18 0:00,545489.5567010309,1.6930360721649482,1.9280627113402062,3302.422680412371,4441.505154639175,12445.98969072165,1607.041237113402
2018/9/25 0:00,545489.5567010309,1.6930360721649482,1.9280627113402062,3302.422680412371,4441.505154639175,12445.98969072165,1607.041237113402
2018/10/2 0:00,545497.0057321044,1.6930463090587933,1.9280740155491196,3302.4071501952594,4441.527782966801,12446.007555901591,2154.0
2018/10/9 0:00,1060841.0,1.6930361789194193,1.9280116285226,2346.0,4441.616106432548,12446.165760449592,1607.0744274398965
2018/10/16 0:00,545495.4897633741,1.6930384291934826,1.928068495144102,3302.3990026061747,4441.526270629062,8116.0,2154.0
2018/10/23 0:00,545489.4779545878,1.6930093932353132,0.748613,2138.0,2466.0,12445.840637107465,1607.0337002108508
2018/10/30 0:00,545489.5567010309,1.6930360721649482,1.9280627113402062,3302.422680412371,4441.505154639175,12445.98969072165,1607.041237113402
2018/11/6 0:00,545489.5567010309,1.6930360721649482,1.9280627113402062,3302.422680412371,4441.505154639175,12445.98969072165,1607.041237113402
2018/11/13 0:00,545488.5942913948,0.729672,1.9280570270715427,3302.3842662688626,4441.436409164787,12445.845191678656,1607.0352960490004
2018/11/20 0:00,545489.5567010309,1.6930360721649482,1.9280627113402062,3302.422680412371,4441.505154639175,12445.98969072165,1607.041237113402
2018/11/27 0:00,545489.5567010309,1.6930360721649482,1.9280627113402062,3302.422680412371,4441.505154639175,12445.98969072165,1607.041237113402
2018/12/4 0:00,545488.9996174269,1.1354,1.9280594210438975,3302.400444673339,4441.465361836616,12445.906048533723,1607.0377981728052
2018/12/11 0:00,1166071.0,1.6930509739338155,1.9280588802112797,3302.443146640544,5502.0,12446.236723295853,1607.0804794107441
2018/12/18 0:00,545489.5567010309,1.6930360721649482,1.9280627113402062,3302.422680412371,4441.505154639175,12445.98969072165,1607.041237113402
2018/12/25 0:00,545489.5567010309,1.6930360721649482,1.9280627113402062,3302.422680412371,4441.505154639175,12445.98969072165,1607.041237113402
2019/1/1 0:00,545491.071304765,1.6930571762620545,1.9281577288740537,6219.0,4441.483015816844,12446.071773286092,1607.036285471725
2019/1/8 0:00,545489.5567010309,1.6930360721649482,1.9280627113402062,3302.422680412371,4441.505154639175,12445.98969072165,1607.041237113402
2019/1/15 0:00,545489.5893525777,1.72572,1.9280629041896513,3302.4239836840316,4441.507486957962,12445.994593121926,1607.041438675123
2019/1/22 0:00,545514.7832017746,1.83419,1.9281855682118096,3302.371374952576,9349.0,12446.068284265777,2997.0
2019/1/29 0:00,545489.5567010309,1.6930360721649482,1.9280627113402062,3302.422680412371,4441.505154639175,12445.98969072165,1607.041237113402
2019/2/5 0:00,545489.5567010309,1.6930360721649482,1.9280627113402062,3302.422680412371,4441.505154639175,12445.98969072165,1607.041237113402
2019/2/12 0:00,545489.5567010309,1.6930360721649482,1.9280627113402062,3302.422680412371,4441.505154639175,12445.98969072165,1607.041237113402
2019/2/19 0:00,545489.5567010309,1.6930360721649482,1.9280627113402062,3302.422680412371,4441.505154639175,12445.98969072165,1607.041237113402
2019/2/26 0:00,545489.5567010309,1.6930360721649482,1.9280627113402062,3302.422680412371,4441.505154639175,12445.98969072165,1607.041237113402
2019/3/5 0:00,545489.5567010309,1.6930360721649482,1.9280627113402062,3302.422680412371,4441.505154639175,12445.98969072165,1607.041237113402
2019/3/12 0:00,545489.5567010309,1.6930360721649482,1.9280627113402062,3302.422680412371,4441.505154639175,12445.98969072165,1607.041237113402
2019/3/19 0:00,545489.5567010309,1.6930360721649482,1.9280627113402062,3302.422680412371,4441.505154639175,12445.98969072165,1607.041237113402
2019/3/26 0:00,545489.5567010309,1.6930360721649482,1.9280627113402062,3302.422680412371,4441.505154639175,12445.98969072165,1607.041237113402
2019/4/2 0:00,545489.5567010309,1.6930360721649482,1.9280627113402062,3302.422680412371,4441.505154639175,12445.98969072165,1607.041237113402
2019/4/9 0:00,545489.5567010309,1.6930360721649482,1.9280627113402062,3302.422680412371,4441.505154639175,12445.98969072165,1607.041237113402
2019/4/16 0:00,545508.4593106152,1.6930620492357642,1.9280913968223363,3302.38327104115,4441.5625761264055,12446.035025278354,2995.0
2019/4/23 0:00,545489.5567010309,1.6930360721649482,1.9280627113402062,3302.422680412371,4441.505154639175,12445.98969072165,1607.041237113402
2019/4/30 0:00,545489.5567010309,1.6930360721649482,1.9280627113402062,3302.422680412371,4441.505154639175,12445.98969072165,1607.041237113402
2019/5/7 0:00,545485.2326406504,1.6931862116893506,7.08558,20270.0,4442.412474010444,12446.954539157583,1607.0440119625152
2019/5/14 0:00,545493.9722060362,6.11292,1.9280887905852533,3302.598923289181,4441.820556703814,12446.65264776579,1607.0684945291828
2019/5/21 0:00,545508.3095016215,1.69306184335949,1.9280911694810696,3302.383583372535,4441.562121043461,12446.034665988052,2984.0
2019/5/28 0:00,545489.5567010309,1.6930360721649482,1.9280627113402062,3302.422680412371,4441.505154639175,12445.98969072165,1607.041237113402
2019/6/4 0:00,545489.5567010309,1.6930360721649482,1.9280627113402062,3302.422680412371,4441.505154639175,12445.98969072165,1607.041237113402
2019/6/11 0:00,545489.5567010309,1.6930360721649482,1.9280627113402062,3302.422680412371,4441.505154639175,12445.98969072165,1607.041237113402
2019/6/18 0:00,545505.9397957228,1.6930585867711512,1.9280875733555765,3302.388523887179,4441.554922458716,12446.028982668722,2810.0
2019/6/25 0:00,853431.0,1.6930402712620174,1.928050805981226,3302.4347091306254,4441.5671143570335,12446.110982781436,1607.060099289618
2019/7/2 0:00,545481.6760756514,1.6930446418398188,4.82995,2359.0,4442.0952879711485,12446.237332332174,1607.0606083137584
2019/7/9 0:00,545489.5567010309,1.6930360721649482,1.9280627113402062,3302.422680412371,4441.505154639175,12445.98969072165,1607.041237113402
2019/7/16 0:00,545489.9923029658,2.12907,1.9280652841307677,3302.4400672657553,4441.5362699361685,12446.055093290737,1607.043926133806
2019/7/23 0:00,545489.5567010309,1.6930360721649482,1.9280627113402062,3302.422680412371,4441.505154639175,12445.98969072165,1607.041237113402
2019/7/30 0:00,545486.7484566654,1.6930225244597703,1.9280186366909031,3302.4317275650474,2098.0,12821.0,1607.0385676759977
2019/8/6 0:00,545489.5567010309,1.6930360721649482,1.9280627113402062,3302.422680412371,4441.505154639175,12445.98969072165,1607.041237113402
2019/8/13 0:00,545488.8683901784,1.6930324943887705,1.9280602048540185,3302.4189810788184,4441.504467976939,10480.0,1607.0409803981615
2019/8/20 0:00,545489.5567010309,1.6930360721649482,1.9280627113402062,3302.422680412371,4441.505154639175,12445.98969072165,1607.041237113402
2019/8/27 0:00,545501.5013504539,0.889878,1.92795221091539,805.0,1893.0,9605.0,2946.0
2019/9/3 0:00,545489.5567010309,1.6930360721649482,1.9280627113402062,3302.422680412371,4441.505154639175,12445.98969072165,1607.041237113402
2019/9/10 0:00,545489.5567010309,1.6930360721649482,1.9280627113402062,3302.422680412371,4441.505154639175,12445.98969072165,1607.041237113402
2019/9/17 0:00,545487.6005393321,0.929189,1.9279833578662355,1005.0,4441.468085673369,12445.81046066222,1607.0404269370651
2019/9/24 0:00,545489.5567010309,1.6930360721649482,1.9280627113402062,3302.422680412371,4441.505154639175,12445.98969072165,1607.041237113402
2019/10/1 0:00,545488.9590042746,1.6930331787445942,1.928053652422996,3302.4243764922885,3965.0,12445.988523475675,1607.0406843797107
2019/10/8 0:00,545488.6435369807,1.6930233483730048,1.9280054246756517,1544.0,4441.518502273419,12445.94020263093,1607.0442224890928
2019/10/15 0:00,545489.5567010309,1.6930360721649482,1.9280627113402062,3302.422680412371,4441.505154639175,12445.98969072165,1607.041237113402
2019/10/22 0:00,545488.44347288,1.693030683082682,1.9280458388349642,3302.4258394121316,3554.0,12445.98751669098,1607.0402076303092
2019/10/29 0:00,545491.5334780429,1.693031954170709,1.1519,3302.297383816919,4441.349228110681,12445.91635285764,1607.0364843371005
2019/11/5 0:00,545490.3012715934,1.6930243289803852,1.05776,3302.2863637106516,3268.0,12445.904583165728,1607.0345466418926
2019/11/12 0:00,545489.5567010309,1.6930360721649482,1.9280627113402062,3302.422680412371,4441.505154639175,12445.98969072165,1607.041237113402
2019/11/19 0:00,545489.5567010309,1.6930360721649482,1.9280627113402062,3302.422680412371,4441.505154639175,12445.98969072165,1607.041237113402
2019/11/26 0:00,545489.5567010309,1.6930360721649482,1.9280627113402062,3302.422680412371,4441.505154639175,12445.98969072165,1607.041237113402
2019/12/3 0:00,545489.5567010309,1.6930360721649482,1.9280627113402062,3302.422680412371,4441.505154639175,12445.98969072165,1607.041237113402
2019/12/10 0:00,545489.5567010309,1.6930360721649482,1.9280627113402062,3302.422680412371,4441.505154639175,12445.98969072165,1607.041237113402
2019/12/17 0:00,545489.5567010309,1.6930360721649482,1.9280627113402062,3302.422680412371,4441.505154639175,12445.98969072165,1607.041237113402
2019/12/24 0:00,545489.5567010309,1.6930360721649482,1.9280627113402062,3302.422680412371,4441.505154639175,12445.98969072165,1607.041237113402
2019/12/31 0:00,545490.9735961088,1.6930434370545728,1.928067870968199,3302.4302955291214,4441.5065681405595,16493.0,1607.0417655644058
2020/1/7 0:00,545489.5567010309,1.6930360721649482,1.9280627113402062,3302.422680412371,4441.505154639175,12445.98969072165,1607.041237113402
2020/1/14 0:00,545491.4452800292,1.693045812933753,1.9280720367056363,3302.4310846584467,4611.0,17233.0,1607.0420588018653
2020/1/21 0:00,545489.5567010309,1.6930360721649482,1.9280627113402062,3302.422680412371,4441.505154639175,12445.98969072165,1607.041237113402
2020/1/28 0:00,1563623.0,1.6930499554575382,1.9280233491679624,3302.4624504420353,4441.710009368091,12446.390713400355,1607.1036003088627
2020/2/4 0:00,545489.5567010309,1.6930360721649482,1.9280627113402062,3302.422680412371,4441.505154639175,12445.98969072165,1607.041237113402
2020/2/11 0:00,545489.5567010309,1.6930360721649482,1.9280627113402062,3302.422680412371,4441.505154639175,12445.98969072165,1607.041237113402
2020/2/18 0:00,545513.3151185148,1.55053,1.9280981409056437,3302.367168100584,4441.567590142428,12446.025637422154,3362.0
2020/2/25 0:00,545489.1311677721,1.6930301428944632,1.9280360158290848,2483.0,4441.51137461936,12445.966629335786,1607.0426282945884
2020/3/3 0:00,545490.7768571615,1.6930335303527526,1.44898,3302.3453416897114,4441.408909737237,12445.944423276795,1607.0383034850229
2020/3/10 0:00,545489.5567010309,1.6930360721649482,1.9280627113402062,3302.422680412371,4441.505154639175,12445.98969072165,1607.041237113402
2020/3/17 0:00,545488.9255583409,1.6930291428274393,1.928032874827485,2482.0,4278.0,12445.966200670464,1607.042440330583
2020/3/24 0:00,545489.0480783933,1.6930289851485276,1.928030803278979,2323.0,4441.512589129104,12445.962126382881,1607.0428999358246
2020/3/31 0:00,1457151.0,1.6930485036027363,1.9280274654940006,3302.4582914640287,4441.688586544943,12446.348776179915,1607.0970786351165
2020/4/7 0:00,545489.5567010309,1.6930360721649482,1.9280627113402062,3302.422680412371,4441.505154639175,12445.98969072165,1607.041237113402
2020/4/14 0:00,1517183.0,1.6930493222005598,1.9280251445900565,3302.460636416389,4441.700665353636,12446.372421600467,1607.100755743824
2020/4/21 0:00,545489.5567010309,1.6930360721649482,1.9280627113402062,3302.422680412371,4441.505154639175,12445.98969072165,1607.041237113402
2020/4/28 0:00,545489.5567010309,1.6930360721649482,1.9280627113402062,3302.422680412371,4441.505154639175,12445.98969072165,1607.041237113402
2020/5/5 0:00,545489.5567010309,1.6930360721649482,1.9280627113402062,3302.422680412371,4441.505154639175,12445.98969072165,1607.041237113402
2020/5/12 0:00,545511.6796831139,1.693061593461646,1.9280724912381157,2554.0,4441.579220529717,12446.022617707855,3260.0
2020/5/19 0:00,1381381.0,1.6930403399692657,1.9279982913146871,2317.0,4441.680821187616,12446.291198672121,1607.0941105438928
2020/5/26 0:00,545489.5567010309,1.6930360721649482,1.9280627113402062,3302.422680412371,4441.505154639175,12445.98969072165,1607.041237113402
2020/6/2 0:00,545489.5567010309,1.6930360721649482,1.9280627113402062,3302.422680412371,4441.505154639175,12445.98969072165,1607.041237113402
2020/6/9 0:00,545489.5567010309,1.6930360721649482,1.9280627113402062,3302.422680412371,4441.505154639175,12445.98969072165,1607.041237113402
2020/6/16 0:00,545510.1282892574,1.6930615359352015,1.9280828864831594,3302.3804009975747,3796.0,12446.03938867172,3177.0
2020/6/23 0:00,545489.5567010309,1.6930360721649482,1.9280627113402062,3302.422680412371,4441.505154639175,12445.98969072165,1607.041237113402
2020/6/30 0:00,545489.5567010309,1.6930360721649482,1.9280627113402062,3302.422680412371,4441.505154639175,12445.98969072165,1607.041237113402
