date,OT,WEIGHTED_ILI,UNWEIGHTED_ILI,AGE_0_TO_4,AGE_5_TO_24,ILITOTAL,NUM_OF_PROVIDERS
2002/1/1 0:00,254160.78022727274,0.8798361459999993,1.2896608283333342,582.0,1132.1333333333334,2823.415,925.9628809523809
2002/1/8 0:00,655526.538411105,1.33344,1.188051350833334,3941.290261904762,3677.7494047619048,10815.181214285714,1931.7991666666662
2002/1/15 0:00,596427.4383424554,1.7423961196031743,1.7826979947119554,3798.6479999999997,4048.9395238095235,13426.52067063492,1619.8012579365081
2002/1/22 0:00,556584.378490566,1.49484,1.25246,3523.461666666666,2170.886833333334,9113.352833333332,1444.9716666666668
2002/1/29 0:00,596427.4383424554,1.7423961196031743,1.7826979947119554,3798.6479999999997,4048.9395238095235,13426.52067063492,1619.8012579365081
2002/2/5 0:00,560530.0882716856,1.58094,1.199717033333333,3648.015,2276.8225,8955.180333333332,1476.73
2002/2/12 0:00,596427.4383424554,1.7423961196031743,1.7826979947119554,3798.6479999999997,4048.9395238095235,13426.52067063492,1619.8012579365081
2002/2/19 0:00,562406.0284039859,1.4617548899999988,1.32563,3438.7866666666664,2076.9585,8967.226166666665,1461.628333333333
2002/2/26 0:00,596427.4383424554,1.7423961196031743,1.7826979947119554,3798.6479999999997,4048.9395238095235,13426.52067063492,1619.8012579365081
2002/3/5 0:00,596427.4383424554,1.7423961196031743,1.7826979947119554,3798.6479999999997,4048.9395238095235,13426.52067063492,1619.8012579365081
2002/3/12 0:00,340853.53,1.59896,2.3853681910173186,2328.730833333333,1179.0,21954.56572438672,1384.87
2002/3/19 0:00,216179.0,0.8612929617142853,1.7054237633333316,575.2131666666668,679.28,2443.1725,669.3109642857141
2002/3/26 0:00,144287.0,0.7604619059999999,1.5421095533333322,486.8308333333334,299.04,1761.415,468.31
2002/4/2 0:00,596427.4383424554,1.7423961196031743,1.7826979947119554,3798.6479999999997,4048.9395238095235,13426.52067063492,1619.8012579365081
2002/4/9 0:00,596427.4383424554,1.73621,1.7826979947119554,3798.6479999999997,4050.0095238095237,13417.59067063492,1619.8012579365081
2002/4/16 0:00,514340.4277022101,1.3423321409706954,1.0295787037222217,1154.0,2129.815,6878.336666666667,1409.595
2002/4/23 0:00,596427.4383424554,1.7423961196031743,1.7826979947119554,3798.6479999999997,4048.9395238095235,13426.52067063492,1619.8012579365081
2002/4/30 0:00,596427.4383424554,1.7423961196031743,1.7826979947119554,3798.6479999999997,4048.9395238095235,13426.52067063492,1619.8012579365081
2002/5/7 0:00,311903.0997232966,1.7125043862500007,3.16662,2947.6858333333344,4105.11988095238,17151.182142857146,1737.6066666666668
2002/5/14 0:00,253656.0,1.5958809500000004,3.0155,2572.4825,3797.5990476190473,16610.459642857146,1692.7595000000001
2002/5/21 0:00,804352.1955844157,1.0315853400000008,1.3701081900000005,1694.0,3689.0,7854.724103174603,1737.614
2002/5/28 0:00,596427.4383424554,1.7423961196031743,1.7826979947119554,3798.6479999999997,4048.9395238095235,13426.52067063492,1619.8012579365081
2002/6/4 0:00,228549.0,0.8580876917142852,1.94707,573.2981666666667,925.7,2715.585,763.7677976190478
2002/6/11 0:00,596427.4383424554,1.7423961196031743,1.7826979947119554,3798.6479999999997,4048.9395238095235,13426.52067063492,1619.8012579365081
2002/6/18 0:00,565353.2392667576,1.4471927799999986,1.51837,3426.478333333333,2675.5193333333336,9076.840333333334,1480.235
2002/6/25 0:00,254160.78022727274,0.8816989059999993,1.2896608283333342,624.0,1144.3833333333334,2798.795,925.9628809523809
2002/7/2 0:00,596427.4383424554,1.7423961196031743,1.7826979947119554,3798.6479999999997,4048.9395238095235,13426.52067063492,1619.8012579365081
2002/7/9 0:00,590294.8669754146,1.6677013261507931,1.07108,3577.8183333333336,2698.8534999999997,9212.90569047619,1549.028722222222
2002/7/16 0:00,573037.21,0.910135,0.82612,1876.3687460317462,2057.7966666666666,6470.06,1433.8266666666668
2002/7/23 0:00,596427.4383424554,1.7423961196031743,1.7826979947119554,3798.6479999999997,4048.9395238095235,13426.52067063492,1619.8012579365081
2002/7/30 0:00,596427.4383424554,1.7423961196031743,1.7826979947119554,3798.6479999999997,4048.9395238095235,13426.52067063492,1619.8012579365081
2002/8/6 0:00,521765.3684848484,1.9673707876373632,0.63935,1763.2958333333333,2119.7116666666666,6983.933333333333,1414.9040476190476
2002/8/13 0:00,268499.06022727274,0.8562245922499993,1.1889149816666678,248.0,1112.8708333333334,3709.42,975.7032857142857
2002/8/20 0:00,129797.17,0.6830757799999997,1.5432478733333328,486.89583333333337,307.6,1694.035,406.0
2002/8/27 0:00,596427.4383424554,1.7423961196031743,1.7826979947119554,3798.6479999999997,4048.9395238095235,13426.52067063492,1619.8012579365081
2002/9/3 0:00,596427.4383424554,1.7423961196031743,1.7826979947119554,3798.6479999999997,4048.9395238095235,13426.52067063492,1619.8012579365081
2002/9/10 0:00,596427.4383424554,1.7423961196031743,1.7826979947119554,3798.6479999999997,4048.9395238095235,13426.52067063492,1619.8012579365081
2002/9/17 0:00,596427.4383424554,1.7423961196031743,1.7826979947119554,3798.6479999999997,4048.9395238095235,13426.52067063492,1619.8012579365081
2002/9/24 0:00,71593.0,0.578637470000001,1.428353686666666,496.7658333333334,124.0,1537.3125,393.28
2002/10/1 0:00,64699.0,0.49320205000000067,1.2081985350000002,395.03166666666664,183.14,318.0,401.05500000000006
2002/10/8 0:00,153646.82,0.8277033600000004,1.4886508966666656,494.90083333333337,141.0,1876.645,487.3981428571429
2002/10/15 0:00,596427.4383424554,1.7423961196031743,1.7826979947119554,3798.6479999999997,4048.9395238095235,13426.52067063492,1619.8012579365081
2002/10/22 0:00,596427.4383424554,1.7423961196031743,1.7826979947119554,3798.6479999999997,4048.9395238095235,13426.52067063492,1619.8012579365081
2002/10/29 0:00,71466.0,0.352158,1.4649205933333327,486.89583333333337,181.72,1466.9375,390.34
2002/11/5 0:00,105608.67,0.6615967400000007,1.2090507450000003,395.03166666666664,204.8,443.0,400.7750000000001
2002/11/12 0:00,69003.0,0.49320205000000067,1.2081985350000002,395.03166666666664,183.14,421.0,401.05500000000006
2002/11/19 0:00,596427.4383424554,1.7423961196031743,1.7826979947119554,3798.6479999999997,4048.9395238095235,13426.52067063492,1619.8012579365081
2002/11/26 0:00,70000.0,0.48860931000000063,1.4649205933333327,486.89583333333337,181.72,1466.9375,390.34
2002/12/3 0:00,596427.4383424554,1.7423961196031743,1.7826979947119554,3798.6479999999997,4048.9395238095235,13426.52067063492,1619.8012579365081
2002/12/10 0:00,596427.4383424554,1.7423961196031743,1.7826979947119554,3798.6479999999997,4048.9395238095235,13426.52067063492,1619.8012579365081
2002/12/17 0:00,596427.4383424554,1.7423961196031743,1.7826979947119554,3798.6479999999997,4048.9395238095235,13426.52067063492,1619.8012579365081
2002/12/24 0:00,596427.4383424554,1.7423961196031743,1.7826979947119554,3798.6479999999997,4048.9395238095235,13426.52067063492,1619.8012579365081
2002/12/31 0:00,596427.4383424554,1.7423961196031743,1.7826979947119554,3798.6479999999997,4048.9395238095235,13426.52067063492,1619.8012579365081
2003/1/7 0:00,721088.3873707317,1.02773,1.0689494150000007,1825.1014285714284,2943.0966666666664,6401.968214285714,1727.5597222222223
2003/1/14 0:00,596427.4383424554,1.7423961196031743,1.7826979947119554,3798.6479999999997,4048.9395238095235,13426.52067063492,1619.8012579365081
2003/1/21 0:00,312412.0,1.0754202700000004,1.0149786364696964,970.8766666666666,1469.2808333333335,3475.0,1442.9
2003/1/28 0:00,596427.4383424554,1.7423961196031743,1.7826979947119554,3798.6479999999997,4048.9395238095235,13426.52067063492,1619.8012579365081
2003/2/4 0:00,596427.4383424554,1.7423961196031743,1.7826979947119554,3798.6479999999997,4048.9395238095235,13426.52067063492,1619.8012579365081
2003/2/11 0:00,596427.4383424554,1.7423961196031743,1.7826979947119554,3798.6479999999997,4048.9395238095235,13426.52067063492,1619.8012579365081
2003/2/18 0:00,596427.4383424554,1.7423961196031743,1.7826979947119554,3798.6479999999997,4048.9395238095235,13426.52067063492,1619.8012579365081
2003/2/25 0:00,596427.4383424554,1.7423961196031743,1.7826979947119554,3798.6479999999997,4048.9395238095235,13426.52067063492,1619.8012579365081
2003/3/4 0:00,850657.62,2.18588693030303,4.8303,4577.024166666666,7817.0,21786.80875,2383.915
2003/3/11 0:00,596427.4383424554,1.7423961196031743,1.7826979947119554,3798.6479999999997,4048.9395238095235,13426.52067063492,1619.8012579365081
2003/3/18 0:00,596427.4383424554,1.7423961196031743,1.7826979947119554,3798.6479999999997,4048.9395238095235,13426.52067063492,1619.8012579365081
2003/3/25 0:00,957850.0650525651,1.207945016744368,1.721105346666667,2608.4,4602.478666666666,16415.0,1496.2866666666669
2003/4/1 0:00,487212.83971038787,2.5211898005880187,1.4111777800000005,5723.936333333334,3779.335,11332.0,1674.5295833333337
2003/4/8 0:00,314349.0,1.0329702579642857,1.1811318543506497,973.5383333333333,1371.8101666666666,4484.984,933.738
2003/4/15 0:00,596427.4383424554,1.7423961196031743,1.80906,3798.6479999999997,4037.2795238095237,13426.52067063492,1619.8012579365081
2003/4/22 0:00,596427.4383424554,1.7423961196031743,1.71202,3800.8379999999997,4014.619523809524,12963.47892063492,1635.6079246031745
2003/4/29 0:00,596427.4383424554,1.7423961196031743,1.7826979947119554,3798.6479999999997,4048.9395238095235,13426.52067063492,1619.8012579365081
2003/5/6 0:00,821199.7777022102,0.9470493900000011,1.3495216000000008,1454.0,3702.6100000000006,7754.174103174603,1733.354
2003/5/13 0:00,596427.4383424554,1.7423961196031743,1.7826979947119554,3798.6479999999997,4048.9395238095235,13426.52067063492,1619.8012579365081
2003/5/20 0:00,282347.0,0.92782467,1.2263017066666666,921.044,1255.0,4056.39,1004.0
2003/5/27 0:00,281202.0,0.8201807979642856,1.103329371666667,447.0145,1153.1308333333334,4033.27,984.8662857142858
2003/6/3 0:00,596427.4383424554,1.7423961196031743,1.7826979947119554,3798.6479999999997,4048.9395238095235,13426.52067063492,1619.8012579365081
2003/6/10 0:00,596427.4383424554,1.7423961196031743,1.7826979947119554,3798.6479999999997,4048.9395238095235,13426.52067063492,1619.8012579365081
2003/6/17 0:00,235218.0,0.8540280699999998,1.362728544999999,503.6681666666667,882.36,2487.0,666.7380476190476
2003/6/24 0:00,596427.4383424554,1.7423961196031743,1.7826979947119554,3798.6479999999997,4048.9395238095235,13426.52067063492,1619.8012579365081
2003/7/1 0:00,521765.3684848484,1.9673707876373632,0.790645,1763.2958333333333,2119.7116666666666,6983.933333333333,1414.9040476190476
2003/7/8 0:00,596427.4383424554,1.7423961196031743,1.7826979947119554,3798.6479999999997,4048.9395238095235,13426.52067063492,1619.8012579365081
2003/7/15 0:00,596427.4383424554,1.7423961196031743,1.7826979947119554,3798.6479999999997,4048.9395238095235,13426.52067063492,1619.8012579365081
2003/7/22 0:00,596427.4383424554,1.7423961196031743,1.7826979947119554,3798.6479999999997,4048.9395238095235,13426.52067063492,1619.8012579365081
2003/7/29 0:00,596427.4383424554,1.7423961196031743,1.7826979947119554,3798.6479999999997,4048.9395238095235,13426.52067063492,1619.8012579365081
2003/8/5 0:00,184038.0,0.8086129800000005,1.6016264733333327,500.11083333333335,564.22,2009.1525,629.0
2003/8/12 0:00,596427.4383424554,1.7423961196031743,1.7826979947119554,3798.6479999999997,4048.9395238095235,13426.52067063492,1619.8012579365081
2003/8/19 0:00,268499.06022727274,0.8562245922499993,1.1889149816666678,451.0,1112.8708333333334,3810.4,975.7032857142857
2003/8/26 0:00,596427.4383424554,1.7423961196031743,1.7826979947119554,3798.6479999999997,4048.9395238095235,13426.52067063492,1619.8012579365081
2003/9/2 0:00,134940.74,0.813309,1.6016264733333327,493.35083333333336,305.95,1875.35,452.0
2003/9/9 0:00,596427.4383424554,1.7423961196031743,1.7826979947119554,3798.6479999999997,4048.9395238095235,13426.52067063492,1619.8012579365081
2003/9/16 0:00,128740.0,0.6830757799999997,1.5432478733333328,486.89583333333337,307.6,1694.035,426.0
2003/9/23 0:00,121502.48,0.513286,1.5423956633333327,486.89583333333337,297.91,1627.04,423.0
2003/9/30 0:00,596427.4383424554,1.7423961196031743,1.7826979947119554,3798.6479999999997,4048.9395238095235,13426.52067063492,1619.8012579365081
2003/10/7 0:00,596427.4383424554,1.7423961196031743,1.7826979947119554,3798.6479999999997,4048.9395238095235,13426.52067063492,1619.8012579365081
2003/10/14 0:00,596427.4383424554,1.7423961196031743,1.7826979947119554,3798.6479999999997,4048.9395238095235,13426.52067063492,1619.8012579365081
2003/10/21 0:00,596427.4383424554,1.7423961196031743,1.7826979947119554,3798.6479999999997,4048.9395238095235,13426.52067063492,1619.8012579365081
2003/10/28 0:00,92216.0,0.5569963100000002,1.5423956633333327,486.89583333333337,271.52,1538.925,363.0
2003/11/4 0:00,521765.3684848484,1.9673707876373632,0.628144,1763.2958333333333,2119.7116666666666,6983.933333333333,1414.9040476190476
2003/11/11 0:00,596427.4383424554,1.7423961196031743,1.7826979947119554,3798.6479999999997,4048.9395238095235,13426.52067063492,1619.8012579365081
2003/11/18 0:00,596427.4383424554,1.7423961196031743,1.7826979947119554,3798.6479999999997,4048.9395238095235,13426.52067063492,1619.8012579365081
2003/11/25 0:00,96783.38,0.663175,1.2090507450000003,395.03166666666664,204.8,799.0,400.7750000000001
2003/12/2 0:00,596427.4383424554,1.7423961196031743,1.7826979947119554,3798.6479999999997,4048.9395238095235,13426.52067063492,1619.8012579365081
2003/12/9 0:00,596427.4383424554,1.7423961196031743,1.7826979947119554,3798.6479999999997,4048.9395238095235,13426.52067063492,1619.8012579365081
2003/12/16 0:00,596427.4383424554,1.7423961196031743,1.7826979947119554,3798.6479999999997,4048.9395238095235,13426.52067063492,1619.8012579365081
2003/12/23 0:00,596427.4383424554,1.7423961196031743,1.7826979947119554,3798.6479999999997,4048.9395238095235,13426.52067063492,1619.8012579365081
2003/12/30 0:00,114857.0,0.782758,1.4951926866666656,500.16083333333336,382.0,1755.195,444.89
2004/1/6 0:00,596427.4383424554,1.7423961196031743,1.7826979947119554,3798.6479999999997,4048.9395238095235,13426.52067063492,1619.8012579365081
2004/1/13 0:00,671106.97,1.01821,1.02248,1815.99,2857.47,6175.113928571428,1723.2697222222223
2004/1/20 0:00,309995.27,1.1768,1.0788582096363633,1078.0025,1464.1308333333334,4019.0,1147.57
2004/1/27 0:00,596427.4383424554,1.7423961196031743,1.7826979947119554,3798.6479999999997,4048.9395238095235,13426.52067063492,1619.8012579365081
2004/2/3 0:00,463837.0568181818,0.7529789485277779,1.4301380893333353,1170.9363809523811,2133.6649999999995,7632.47,1302.0
2004/2/10 0:00,596427.4383424554,1.7423961196031743,1.7826979947119554,3798.6479999999997,4048.9395238095235,13426.52067063492,1619.8012579365081
2004/2/17 0:00,641466.09,1.4477429666666688,1.37800876,3554.0516666666667,1874.0,8308.869626373626,1752.9423333333332
2004/2/24 0:00,596427.4383424554,1.7423961196031743,1.7826979947119554,3798.6479999999997,4048.9395238095235,13426.52067063492,1619.8012579365081
2004/3/2 0:00,387004.0,1.923441042853174,1.993237489761904,2623.6605,1847.5629999999999,7624.659365079365,1234.32
2004/3/9 0:00,596427.4383424554,1.7423961196031743,1.7826979947119554,3798.6479999999997,4048.9395238095235,13426.52067063492,1619.8012579365081
2004/3/16 0:00,821199.7777022102,1.0350494700000004,1.61745,1670.0,4361.353952380952,8043.36776984127,1724.9106666666664
2004/3/23 0:00,596427.4383424554,1.7423961196031743,1.7826979947119554,3798.6479999999997,4048.9395238095235,13426.52067063492,1619.8012579365081
2004/3/30 0:00,645816.17,1.4667566500000024,1.3142709033333335,3574.515,1993.0,8773.983150183149,1909.4158333333332
2004/4/6 0:00,596427.4383424554,1.7423961196031743,1.7826979947119554,3798.6479999999997,4048.9395238095235,13426.52067063492,1619.8012579365081
2004/4/13 0:00,596427.4383424554,1.7423961196031743,1.7826979947119554,3798.6479999999997,4048.9395238095235,13426.52067063492,1619.8012579365081
2004/4/20 0:00,653000.602677265,1.3705346681818182,1.4197524823809522,3493.146666666667,3682.0,11251.066853174601,1946.716666666667
2004/4/27 0:00,1023917.9663160506,1.207945016744368,1.9736956899999993,2748.43,5364.0,12422.0,1576.4921212121212
2004/5/4 0:00,596427.4383424554,1.7423961196031743,1.7826979947119554,3798.6479999999997,4048.9395238095235,13426.52067063492,1619.8012579365081
2004/5/11 0:00,421461.0,2.2116839012500003,4.59568,5470.399499999999,4390.888333333333,16720.572142857145,1859.9247619047621
2004/5/18 0:00,596427.4383424554,1.7423961196031743,1.7826979947119554,3798.6479999999997,4048.9395238095235,13426.52067063492,1619.8012579365081
2004/5/25 0:00,596427.4383424554,1.7423961196031743,1.7826979947119554,3798.6479999999997,4048.9395238095235,13426.52067063492,1619.8012579365081
2004/6/1 0:00,596427.4383424554,1.7423961196031743,1.7826979947119554,3798.6479999999997,4048.9395238095235,13426.52067063492,1619.8012579365081
2004/6/8 0:00,596427.4383424554,1.7423961196031743,1.7826979947119554,3798.6479999999997,4048.9395238095235,13426.52067063492,1619.8012579365081
2004/6/15 0:00,1004020.2777380953,1.1052116900000015,1.5498774900000014,2416.0,4565.131714285714,9502.0,1835.4129166666667
2004/6/22 0:00,596427.4383424554,1.7423961196031743,1.7826979947119554,3798.6479999999997,4048.9395238095235,13426.52067063492,1619.8012579365081
2004/6/29 0:00,407474.2568181819,1.8903313444285716,2.0653990520238112,2680.0704999999994,2079.4708333333333,9915.54,1103.0
2004/7/6 0:00,366650.05,1.54319,1.6787314398809527,1646.7171666666668,1659.9386666666664,5328.718026529028,1048.0
2004/7/13 0:00,514340.4277022101,1.3423321409706954,1.0368340237222216,1356.0,2118.875,7054.903666666667,1410.311666666667
2004/7/20 0:00,596427.4383424554,1.7423961196031743,1.7826979947119554,3798.6479999999997,4048.9395238095235,13426.52067063492,1619.8012579365081
2004/7/27 0:00,342584.05,1.495901086250001,1.97645762435065,2156.233833333333,1411.0,6952.314854256855,1025.3533333333335
2004/8/3 0:00,277120.0,0.93086998625,1.058175844166667,960.4706666666666,1136.0,3973.94,1007.3380000000001
2004/8/10 0:00,596427.4383424554,1.7423961196031743,1.7826979947119554,3798.6479999999997,4048.9395238095235,13426.52067063492,1619.8012579365081
2004/8/17 0:00,298089.38,0.9130379757142858,1.06124,937.8166666666667,1444.2875,4091.62,825.0
2004/8/24 0:00,596427.4383424554,1.7423961196031743,1.7826979947119554,3798.6479999999997,4048.9395238095235,13426.52067063492,1619.8012579365081
2004/8/31 0:00,596427.4383424554,1.7423961196031743,1.7826979947119554,3798.6479999999997,4048.9395238095235,13426.52067063492,1619.8012579365081
2004/9/7 0:00,721088.3873707317,1.14747,1.2145050066666672,2704.652511904762,3791.935,10103.91838888889,1708.79
2004/9/14 0:00,105608.67,0.6606229800000007,1.2090507450000003,398.03166666666664,204.8,1614.0,407.8950000000001
2004/9/21 0:00,596427.4383424554,1.7423961196031743,1.7826979947119554,3798.6479999999997,4048.9395238095235,13426.52067063492,1619.8012579365081
2004/9/28 0:00,105608.67,0.6606229800000007,1.2090507450000003,398.03166666666664,204.8,1359.0,400.7750000000001
2004/10/5 0:00,540676.4069754145,1.3091825733333335,0.841872,1970.7533333333333,2134.9750000000004,6504.91,1434.37
2004/10/12 0:00,157068.0,0.757812,1.5728615766666658,496.7008333333334,361.0,1737.505,524.0
2004/10/19 0:00,160970.11,0.8797663300000004,1.490203026666665,585.6542857142858,364.0,1907.215,537.8048095238096
2004/10/26 0:00,596427.4383424554,1.7423961196031743,1.7826979947119554,3798.6479999999997,4048.9395238095235,13426.52067063492,1619.8012579365081
2004/11/2 0:00,596427.4383424554,1.7423961196031743,1.7826979947119554,3798.6479999999997,4048.9395238095235,13426.52067063492,1619.8012579365081
2004/11/9 0:00,141375.21,0.76684137,1.6059043733333325,486.8308333333334,303.11,1761.415,479.0
2004/11/16 0:00,518092.89,0.747361,1.0209016858888893,1172.905,1872.793333333333,6180.456833333334,1404.573333333333
2004/11/23 0:00,596427.4383424554,1.7423961196031743,1.7826979947119554,3798.6479999999997,4048.9395238095235,13426.52067063492,1619.8012579365081
2004/11/30 0:00,151854.0,0.759675136,1.5421095533333322,486.8308333333334,299.04,1761.415,472.63
2004/12/7 0:00,596427.4383424554,1.7423961196031743,1.7826979947119554,3798.6479999999997,4048.9395238095235,13426.52067063492,1619.8012579365081
2004/12/14 0:00,596427.4383424554,1.7423961196031743,1.7826979947119554,3798.6479999999997,4048.9395238095235,13426.52067063492,1619.8012579365081
2004/12/21 0:00,168645.98,0.7442649299999999,1.0562808700000006,368.0,289.49,1219.0,467.92500000000007
2004/12/28 0:00,163293.5,0.977808,1.4751745524999986,930.5466666666667,484.0,2048.51,718.4769047619047
2005/1/4 0:00,596427.4383424554,1.7423961196031743,1.7826979947119554,3798.6479999999997,4048.9395238095235,13426.52067063492,1619.8012579365081
2005/1/11 0:00,596427.4383424554,1.7423961196031743,1.7826979947119554,3798.6479999999997,4048.9395238095235,13426.52067063492,1619.8012579365081
2005/1/18 0:00,463837.0568181818,0.8021106285277776,1.4362968190476204,1171.996380952381,2133.6649999999995,7695.91,1216.0
2005/1/25 0:00,596427.4383424554,1.7423961196031743,1.7826979947119554,3798.6479999999997,4048.9395238095235,13426.52067063492,1619.8012579365081
2005/2/1 0:00,354866.697098473,1.5871289599999998,1.6752349416666668,1639.3271666666667,1462.586214285714,5005.0,1091.52
2005/2/8 0:00,596427.4383424554,1.7423961196031743,1.7826979947119554,3798.6479999999997,4048.9395238095235,13426.52067063492,1619.8012579365081
2005/2/15 0:00,354866.697098473,1.5871289599999998,1.6752349416666668,1639.3271666666667,1462.586214285714,5276.0,1093.52
2005/2/22 0:00,596427.4383424554,1.7423961196031743,1.7826979947119554,3798.6479999999997,4048.9395238095235,13426.52067063492,1619.8012579365081
2005/3/1 0:00,402264.0,2.1029716008055566,2.3880702549285697,3265.8558333333335,2176.0,23500.697520923513,1520.09375
2005/3/8 0:00,600056.383371585,1.94451,1.9485595101370856,3750.744666666667,4248.7671666666665,13092.107480158731,1695.0585912698414
2005/3/15 0:00,495202.1446659269,2.35512,1.7199258700000017,5029.569166666665,3144.6141666666667,11262.299416666667,1558.2190119047623
2005/3/22 0:00,596427.4383424554,1.7423961196031743,1.7826979947119554,3798.6479999999997,4048.9395238095235,13426.52067063492,1619.8012579365081
2005/3/29 0:00,466195.7049428611,0.9218470500595237,0.9891366833809525,1356.1588888888887,2561.0,6519.21,1333.8013809523814
2005/4/5 0:00,596427.4383424554,1.7423961196031743,1.7826979947119554,3798.6479999999997,4048.9395238095235,13426.52067063492,1619.8012579365081
2005/4/12 0:00,453188.82328877004,0.9174827808968243,1.1087361575476193,1337.7925555555557,2024.0266666666666,7414.347,1339.0
2005/4/19 0:00,457259.3712121213,2.35858,2.05869,5649.819166666666,2483.075,7858.0,1304.3296666666665
2005/4/26 0:00,596427.4383424554,1.7423961196031743,1.7826979947119554,3798.6479999999997,4048.9395238095235,13426.52067063492,1619.8012579365081
2005/5/3 0:00,623115.282452373,1.354146386666667,1.2372559225000004,3782.1274999999996,4153.0,10973.229353174604,1716.8879722222223
2005/5/10 0:00,447415.5946575595,1.9026946550595247,2.49279,3041.6741666666676,2510.8275,23897.65252092351,1489.3370833333333
2005/5/17 0:00,596427.4383424554,1.7423961196031743,1.7826979947119554,3798.6479999999997,4048.9395238095235,13426.52067063492,1619.8012579365081
2005/5/24 0:00,400827.0,1.906689678714286,2.079162863095239,2680.0704999999994,2003.9008333333334,11901.0,1288.0
2005/5/31 0:00,881319.71,1.1671939100000008,1.7650991300000003,2579.0,4550.706547619047,13608.63340764791,1275.0
2005/6/7 0:00,998187.1283630952,1.1968248400000012,1.7088272700000002,2564.0,4521.116547619047,11261.0,1747.0829166666665
2005/6/14 0:00,596427.4383424554,1.7423961196031743,1.7826979947119554,3798.6479999999997,4048.9395238095235,13426.52067063492,1619.8012579365081
2005/6/21 0:00,652596.532677265,1.3812993681818182,1.428584682380952,3493.146666666667,3709.0,11251.126853174603,1960.5366666666669
2005/6/28 0:00,596427.4383424554,1.7423961196031743,1.7826979947119554,3798.6479999999997,4048.9395238095235,13426.52067063492,1619.8012579365081
2005/7/5 0:00,596427.4383424554,1.7423961196031743,1.7826979947119554,3798.6479999999997,4048.9395238095235,13426.52067063492,1619.8012579365081
2005/7/12 0:00,642384.1,1.44943,1.37800876,3554.0516666666667,2014.0,8993.913150183149,1826.397333333333
2005/7/19 0:00,596427.4383424554,1.7423961196031743,1.7826979947119554,3798.6479999999997,4048.9395238095235,13426.52067063492,1619.8012579365081
2005/7/26 0:00,596427.4383424554,1.7423961196031743,1.7826979947119554,3798.6479999999997,4048.9395238095235,13426.52067063492,1619.8012579365081
2005/8/2 0:00,249175.5,1.06255,1.255184412833333,982.405,1208.0,2780.0,888.2997619047618
2005/8/9 0:00,276338.0,0.8316607679642855,1.103329371666667,442.3995,1112.9908333333335,4033.91,984.8662857142858
2005/8/16 0:00,596427.4383424554,1.7423961196031743,1.7826979947119554,3798.6479999999997,4048.9395238095235,13426.52067063492,1619.8012579365081
2005/8/23 0:00,253880.81,0.8570732699999997,0.891918,699.0,1179.0533333333335,2734.09,907.7585238095238
2005/8/30 0:00,254160.78022727274,0.8798361459999993,1.2896608283333342,572.0,1132.1333333333334,2823.415,925.9628809523809
2005/9/6 0:00,213847.0,0.8612929617142853,1.7054237633333316,575.2131666666668,679.28,2443.1725,669.3109642857141
2005/9/13 0:00,596427.4383424554,1.7423961196031743,1.7826979947119554,3798.6479999999997,4048.9395238095235,13426.52067063492,1619.8012579365081
2005/9/20 0:00,596427.4383424554,1.7423961196031743,1.7826979947119554,3798.6479999999997,4048.9395238095235,13426.52067063492,1619.8012579365081
2005/9/27 0:00,596427.4383424554,1.7423961196031743,1.7826979947119554,3798.6479999999997,4048.9395238095235,13426.52067063492,1619.8012579365081
2005/10/4 0:00,596427.4383424554,1.7423961196031743,1.7826979947119554,3798.6479999999997,4048.9395238095235,13426.52067063492,1619.8012579365081
2005/10/11 0:00,596427.4383424554,1.7423961196031743,1.7826979947119554,3798.6479999999997,4048.9395238095235,13426.52067063492,1619.8012579365081
2005/10/18 0:00,172654.0,0.806572996,1.371654221666666,541.0,327.93,1936.28,532.8966428571428
2005/10/25 0:00,596427.4383424554,1.7423961196031743,1.7826979947119554,3798.6479999999997,4048.9395238095235,13426.52067063492,1619.8012579365081
2005/11/1 0:00,596427.4383424554,1.7423961196031743,1.7826979947119554,3798.6479999999997,4048.9395238095235,13426.52067063492,1619.8012579365081
2005/11/8 0:00,596427.4383424554,1.7423961196031743,1.7826979947119554,3798.6479999999997,4048.9395238095235,13426.52067063492,1619.8012579365081
2005/11/15 0:00,596427.4383424554,1.7423961196031743,1.7826979947119554,3798.6479999999997,4048.9395238095235,13426.52067063492,1619.8012579365081
2005/11/22 0:00,154230.29,0.7800776900000002,1.6059043733333325,490.29083333333335,303.53,1761.415,503.0
2005/11/29 0:00,169545.99,0.638831,0.797966,398.0,268.27,1224.0,463.5350000000001
2005/12/6 0:00,141375.21,0.7648709499999998,1.6059043733333325,486.8308333333334,303.11,1761.415,491.0
2005/12/13 0:00,142022.37,0.762448,1.6059043733333325,486.8308333333334,303.11,1761.415,487.0
2005/12/20 0:00,540676.4069754145,1.3113440733333335,0.943366,1970.7533333333333,2167.4150000000004,6413.78,1433.57
2005/12/27 0:00,160732.0,0.8051292060000002,1.5335527533333322,491.27083333333337,346.98,1885.355,500.9829166666667
2006/1/3 0:00,375076.0,1.7472642622500012,2.6815501336507945,2943.6725000000006,1699.0,15102.864761904762,1402.274583333333
2006/1/10 0:00,596427.4383424554,1.7423961196031743,1.7826979947119554,3798.6479999999997,4048.9395238095235,13426.52067063492,1619.8012579365081
2006/1/17 0:00,587331.74,1.0666894471428567,1.165794735833334,1543.0,2830.505,4737.0,1429.7856666666664
2006/1/24 0:00,574620.87,1.0859424399999984,1.12552,1774.1942499999998,2074.521666666667,6608.25,1445.0
2006/1/31 0:00,596427.4383424554,1.7423961196031743,1.7826979947119554,3798.6479999999997,4048.9395238095235,13426.52067063492,1619.8012579365081
2006/2/7 0:00,970175.5567360265,1.0059143400000012,1.4532029950000007,2112.0,4400.934214285715,8907.896841269841,1714.69
2006/2/14 0:00,596427.4383424554,1.7423961196031743,1.7826979947119554,3798.6479999999997,4048.9395238095235,13426.52067063492,1619.8012579365081
2006/2/21 0:00,596427.4383424554,1.7423961196031743,1.82767,3798.6479999999997,4225.267523809524,13260.530670634918,1702.1635912698414
2006/2/28 0:00,596427.4383424554,1.7423961196031743,1.7826979947119554,3798.6479999999997,4048.9395238095235,13426.52067063492,1619.8012579365081
2006/3/7 0:00,596427.4383424554,1.7423961196031743,1.7826979947119554,3798.6479999999997,4048.9395238095235,13426.52067063492,1619.8012579365081
2006/3/14 0:00,596427.4383424554,1.7423961196031743,1.7826979947119554,3798.6479999999997,4048.9395238095235,13426.52067063492,1619.8012579365081
2006/3/21 0:00,596427.4383424554,1.7423961196031743,1.7826979947119554,3798.6479999999997,4048.9395238095235,13426.52067063492,1619.8012579365081
2006/3/28 0:00,595546.6729617256,1.6725717485714287,1.189824469224942,3815.866666666667,2868.0,9448.074321428572,1770.787734126984
2006/4/4 0:00,369521.0,1.6985175679642857,1.9862497001587318,2652.1005,1681.2616666666665,7242.237572150073,1237.7733333333335
2006/4/11 0:00,566342.62328877,1.5260383371428565,1.2973780309523804,3496.2866666666664,2126.7415,9238.222833333331,1467.0
2006/4/18 0:00,395477.0,2.29396,2.783726848571429,5881.097,3104.64,16825.239642857145,1543.2576666666666
2006/4/25 0:00,489132.7997103879,2.5211898005880187,1.4111777800000005,5723.936333333334,3779.335,10888.0,1661.8155833333335
2006/5/2 0:00,596427.4383424554,1.7423961196031743,1.7826979947119554,3798.6479999999997,4048.9395238095235,13426.52067063492,1619.8012579365081
2006/5/9 0:00,596427.4383424554,1.7423961196031743,1.7826979947119554,3798.6479999999997,4048.9395238095235,13426.52067063492,1619.8012579365081
2006/5/16 0:00,596427.4383424554,1.7423961196031743,1.7826979947119554,3798.6479999999997,4048.9395238095235,14031.0,1617.171257936508
2006/5/23 0:00,442099.0,1.1320541210238084,1.0537352689047619,1341.3183333333334,2116.7533333333336,6817.037833333335,1348.204
2006/5/30 0:00,596427.4383424554,1.7423961196031743,1.7826979947119554,3798.6479999999997,4048.9395238095235,13426.52067063492,1619.8012579365081
2006/6/6 0:00,428255.0,1.4848048893174604,1.4922804498809523,1709.7724999999998,2182.0225,10715.0,1529.2873333333334
2006/6/13 0:00,395394.0,1.929415882853174,1.982885389761904,2687.245499999999,1989.2713333333334,9352.028333333332,1252.33
2006/6/20 0:00,385735.0,1.9191251387142854,2.558521729047618,2913.4825000000005,2665.17,23340.77168759018,1333.0
2006/6/27 0:00,596427.4383424554,1.7423961196031743,1.7826979947119554,3798.6479999999997,4048.9395238095235,13426.52067063492,1619.8012579365081
2006/7/4 0:00,354866.697098473,1.5871289599999998,1.6752349416666668,1639.3271666666667,1462.586214285714,4958.0,1091.52
2006/7/11 0:00,596427.4383424554,1.7423961196031743,1.7826979947119554,3798.6479999999997,4048.9395238095235,13426.52067063492,1619.8012579365081
2006/7/18 0:00,596427.4383424554,1.7423961196031743,1.7826979947119554,3798.6479999999997,4048.9395238095235,13426.52067063492,1619.8012579365081
2006/7/25 0:00,596427.4383424554,1.7423961196031743,1.7826979947119554,3798.6479999999997,4048.9395238095235,13426.52067063492,1619.8012579365081
2006/8/1 0:00,578269.6969754145,0.9957063699999985,0.969711,1777.735,2068.9066666666668,6429.3,1448.5406666666665
2006/8/8 0:00,596427.4383424554,1.7423961196031743,1.7826979947119554,3798.6479999999997,4048.9395238095235,13426.52067063492,1619.8012579365081
2006/8/15 0:00,596427.4383424554,1.7423961196031743,1.7826979947119554,3798.6479999999997,4048.9395238095235,13426.52067063492,1619.8012579365081
2006/8/22 0:00,596427.4383424554,1.7423961196031743,1.7826979947119554,3798.6479999999997,4048.9395238095235,13426.52067063492,1619.8012579365081
2006/8/29 0:00,254160.78022727274,0.8846024859999992,1.261804545833334,722.0,1210.2633333333333,2896.555,996.4469047619048
2006/9/5 0:00,596427.4383424554,1.7423961196031743,1.7826979947119554,3798.6479999999997,4048.9395238095235,13426.52067063492,1619.8012579365081
2006/9/12 0:00,254160.78022727274,0.8798361459999993,1.2896608283333342,598.0,1132.1333333333334,2823.415,925.9628809523809
2006/9/19 0:00,521765.3684848484,1.9673707876373632,0.672897,1763.2958333333333,2119.7116666666666,6983.933333333333,1414.9040476190476
2006/9/26 0:00,550736.65,0.793127,1.0891604617222226,1867.7912142857144,1827.405,6094.265816849816,1419.1533333333332
2006/10/3 0:00,468103.09,0.66909,1.1069316960000015,1155.2076666666667,2162.4153333333334,6878.0633333333335,1327.2775714285717
2006/10/10 0:00,596427.4383424554,1.7423961196031743,1.7826979947119554,3798.6479999999997,4048.9395238095235,13426.52067063492,1619.8012579365081
2006/10/17 0:00,596427.4383424554,1.7423961196031743,1.7826979947119554,3798.6479999999997,4048.9395238095235,13426.52067063492,1619.8012579365081
2006/10/24 0:00,205241.0,0.8219364859999998,1.440600461666666,477.0,494.54,2138.22,662.6956071428572
2006/10/31 0:00,596427.4383424554,1.7423961196031743,1.7826979947119554,3798.6479999999997,4048.9395238095235,13426.52067063492,1619.8012579365081
2006/11/7 0:00,596427.4383424554,1.7423961196031743,1.7826979947119554,3798.6479999999997,4048.9395238095235,13426.52067063492,1619.8012579365081
2006/11/14 0:00,201225.76,0.8205822500000005,1.6453004333333323,486.6408333333334,571.18,2077.9225,666.0
2006/11/21 0:00,596427.4383424554,1.7423961196031743,1.7826979947119554,3798.6479999999997,4048.9395238095235,13426.52067063492,1619.8012579365081
2006/11/28 0:00,596427.4383424554,1.7423961196031743,1.7826979947119554,3798.6479999999997,4048.9395238095235,13426.52067063492,1619.8012579365081
2006/12/5 0:00,187384.0,0.8040890060000001,1.5335527533333322,501.2008333333334,592.53,2044.3425,637.2574999999999
2006/12/12 0:00,596427.4383424554,1.7423961196031743,1.7826979947119554,3798.6479999999997,4048.9395238095235,13426.52067063492,1619.8012579365081
2006/12/19 0:00,596427.4383424554,1.7423961196031743,1.7826979947119554,3798.6479999999997,4048.9395238095235,13426.52067063492,1619.8012579365081
2006/12/26 0:00,596427.4383424554,1.7423961196031743,1.7826979947119554,3798.6479999999997,4048.9395238095235,13426.52067063492,1619.8012579365081
2007/1/2 0:00,596427.4383424554,1.7423961196031743,1.7826979947119554,3798.6479999999997,4048.9395238095235,13426.52067063492,1619.8012579365081
2007/1/9 0:00,529126.0,2.0130784057142876,0.793278176265873,1916.9425,2106.0616666666665,6836.713333333334,1428.5567142857142
2007/1/16 0:00,596427.4383424554,1.7423961196031743,1.7826979947119554,3798.6479999999997,4048.9395238095235,13426.52067063492,1619.8012579365081
2007/1/23 0:00,596427.4383424554,1.7423961196031743,1.7826979947119554,3798.6479999999997,4048.9395238095235,13426.52067063492,1619.8012579365081
2007/1/30 0:00,596427.4383424554,1.7423961196031743,1.7826979947119554,3798.6479999999997,4048.9395238095235,13426.52067063492,1619.8012579365081
2007/2/6 0:00,566717.0,1.5260383371428565,1.2973780309523804,3530.4949999999994,2101.974833333333,9207.132833333331,1487.49
2007/2/13 0:00,596427.4383424554,1.7423961196031743,1.7826979947119554,3798.6479999999997,4048.9395238095235,13426.52067063492,1619.8012579365081
2007/2/20 0:00,596427.4383424554,1.7423961196031743,1.7826979947119554,3798.6479999999997,4048.9395238095235,13426.52067063492,1619.8012579365081
2007/2/27 0:00,548159.0,1.61865,1.090641001666666,2404.4016666666666,2091.5425000000005,8974.875333333332,1505.2316666666666
2007/3/6 0:00,596427.4383424554,1.7423961196031743,1.7826979947119554,3798.6479999999997,4048.9395238095235,13426.52067063492,1619.8012579365081
2007/3/13 0:00,596427.4383424554,1.7423961196031743,1.7826979947119554,3798.6479999999997,4048.9395238095235,13426.52067063492,1619.8012579365081
2007/3/20 0:00,559123.00328877,1.5454682071428567,1.247786266666666,3580.0,2205.172166666667,9201.920333333332,1420.0
2007/3/27 0:00,596427.4383424554,1.7423961196031743,1.7826979947119554,3798.6479999999997,4048.9395238095235,13426.52067063492,1619.8012579365081
2007/4/3 0:00,430603.0,2.43939,2.0528737066666682,6350.824333333334,2568.0,9285.239166666668,1352.0355833333335
2007/4/10 0:00,578809.4881231376,1.1167525176190467,1.0846961341666668,1895.398333333333,2159.146666666667,6257.09,1509.0
2007/4/17 0:00,578809.4881231376,1.1167525176190467,1.0846961341666668,1895.398333333333,2159.146666666667,6257.09,1511.0
2007/4/24 0:00,596427.4383424554,1.7423961196031743,1.7826979947119554,3798.6479999999997,4048.9395238095235,13426.52067063492,1619.8012579365081
2007/5/1 0:00,596427.4383424554,1.7423961196031743,1.7826979947119554,3798.6479999999997,4048.9395238095235,13426.52067063492,1619.8012579365081
2007/5/8 0:00,596692.0,2.790559960238097,2.707969905,5750.570333333333,5097.019,31896.0,1927.2209484126981
2007/5/15 0:00,673056.6628964659,5.98318,3.5354735350000026,6244.0,11134.037628066377,21308.393297619048,2207.93
2007/5/22 0:00,596427.4383424554,1.7423961196031743,1.7826979947119554,3798.6479999999997,4048.9395238095235,13426.52067063492,1619.8012579365081
2007/5/29 0:00,376448.3864066338,2.17005642125,4.24456,3324.6941666666667,4318.987666666667,15965.50130952381,1879.54025
2007/6/5 0:00,596427.4383424554,1.7423961196031743,1.7826979947119554,3798.6479999999997,4048.9395238095235,13426.52067063492,1619.8012579365081
2007/6/12 0:00,596427.4383424554,1.7423961196031743,1.7826979947119554,3798.6479999999997,4048.9395238095235,13426.52067063492,1619.8012579365081
2007/6/19 0:00,596427.4383424554,1.7423961196031743,1.7826979947119554,3798.6479999999997,4048.9395238095235,13426.52067063492,1619.8012579365081
2007/6/26 0:00,504350.0,4.085879958709519,2.0573,9561.918229780022,7658.168587662338,10376.0,1685.2551666666666
2007/7/3 0:00,596427.4383424554,1.7423961196031743,1.7826979947119554,3798.6479999999997,4048.9395238095235,13426.52067063492,1619.8012579365081
2007/7/10 0:00,487850.44328877004,2.506106070588019,1.0084928700000007,5663.284666666666,2680.560119047619,9152.753333333332,1318.0
2007/7/17 0:00,596427.4383424554,1.7423961196031743,1.7826979947119554,3798.6479999999997,4048.9395238095235,13426.52067063492,1619.8012579365081
2007/7/24 0:00,596427.4383424554,1.7423961196031743,1.7826979947119554,3798.6479999999997,4048.9395238095235,13426.52067063492,1619.8012579365081
2007/7/31 0:00,342584.05,1.495901086250001,1.97645762435065,2156.233833333333,1416.0,6952.314854256855,1025.3533333333335
2007/8/7 0:00,303526.76,0.825107,0.9203387833333325,455.6741666666666,1443.9475,4011.0,1189.5677857142857
2007/8/14 0:00,596427.4383424554,1.7423961196031743,1.7826979947119554,3798.6479999999997,4048.9395238095235,13426.52067063492,1619.8012579365081
2007/8/21 0:00,596427.4383424554,1.7423961196031743,1.7826979947119554,3798.6479999999997,4048.9395238095235,13426.52067063492,1619.8012579365081
2007/8/28 0:00,348477.0,1.432045805714286,2.097094348517316,2099.705833333333,1366.8072142857145,6256.642092352093,869.0
2007/9/4 0:00,514340.4277022101,1.3423321409706954,1.0295787037222217,1159.0,2129.815,6878.336666666667,1409.595
2007/9/11 0:00,468103.09,0.706842,1.1267713660000014,1151.3976666666667,2162.4153333333334,6882.263333333333,1331.9475714285718
2007/9/18 0:00,447084.49,0.655943,0.883187,1154.765,1837.5866666666668,6142.566833333333,1313.0533333333335
2007/9/25 0:00,596427.4383424554,1.7423961196031743,1.7826979947119554,3798.6479999999997,4048.9395238095235,13426.52067063492,1619.8012579365081
2007/10/2 0:00,596427.4383424554,1.7423961196031743,1.7826979947119554,3798.6479999999997,4048.9395238095235,13426.52067063492,1619.8012579365081
2007/10/9 0:00,596427.4383424554,1.7423961196031743,1.7826979947119554,3798.6479999999997,4048.9395238095235,13426.52067063492,1619.8012579365081
2007/10/16 0:00,201225.76,0.8205822500000005,1.6453004333333323,486.6408333333334,571.18,2077.9225,696.0
2007/10/23 0:00,596427.4383424554,1.7423961196031743,1.7826979947119554,3798.6479999999997,4048.9395238095235,13426.52067063492,1619.8012579365081
2007/10/30 0:00,254160.78022727274,0.8846024859999992,1.261804545833334,788.0,1285.8833333333334,2982.585,996.4469047619048
2007/11/6 0:00,596427.4383424554,1.7423961196031743,1.7826979947119554,3798.6479999999997,4048.9395238095235,13426.52067063492,1619.8012579365081
2007/11/13 0:00,201231.29,0.8944932800000003,1.5223596141666649,713.0416666666665,745.0,2315.57,769.979761904762
2007/11/20 0:00,206542.35,0.9065199800000003,1.5223596141666649,720.6616666666665,754.0,2545.06,773.229761904762
2007/11/27 0:00,596427.4383424554,1.7423961196031743,1.7826979947119554,3798.6479999999997,4048.9395238095235,13426.52067063492,1619.8012579365081
2007/12/4 0:00,293535.0,0.8320065379642856,1.1032846573809527,442.3995,1297.6408333333334,4030.09,977.7062857142857
2007/12/11 0:00,201225.76,0.8205822500000005,1.6453004333333323,486.6408333333334,571.18,2077.9225,685.0
2007/12/18 0:00,201225.76,0.8205822500000005,1.6453004333333323,486.6408333333334,571.18,2077.9225,679.0
2007/12/25 0:00,329731.0,1.2977405779642859,1.3884883443744596,1370.9169285714286,1358.4051666666667,5386.614317460318,1013.2146666666667
2008/1/1 0:00,721088.3873707317,1.06828,1.0598584600000005,1911.3664285714285,2961.023333333333,6383.308214285714,1727.0130555555556
2008/1/8 0:00,462094.00875238486,1.0611881036309525,0.9606617595476186,1303.0199999999998,2291.0,6652.06,1321.5363809523813
2008/1/15 0:00,596427.4383424554,1.7423961196031743,1.7826979947119554,3798.6479999999997,4048.9395238095235,13426.52067063492,1619.8012579365081
2008/1/22 0:00,596427.4383424554,1.7423961196031743,1.7826979947119554,3798.6479999999997,4048.9395238095235,13426.52067063492,1619.8012579365081
2008/1/29 0:00,596427.4383424554,1.7423961196031743,1.7826979947119554,3798.6479999999997,4048.9395238095235,13426.52067063492,1619.8012579365081
2008/2/5 0:00,596427.4383424554,1.7423961196031743,1.7826979947119554,3798.6479999999997,4048.9395238095235,13426.52067063492,1619.8012579365081
2008/2/12 0:00,596427.4383424554,1.7423961196031743,1.7826979947119554,3798.6479999999997,4048.9395238095235,13426.52067063492,1619.8012579365081
2008/2/19 0:00,1034671.42,1.20448,1.7088272700000002,2600.0,5313.275095238096,14066.756452380952,1581.476666666667
2008/2/26 0:00,596427.4383424554,1.7423961196031743,1.7826979947119554,3798.6479999999997,4048.9395238095235,13426.52067063492,1619.8012579365081
2008/3/4 0:00,566996.0184037237,1.3847650499999984,1.4585,3400.048333333333,2762.0443333333333,9107.797833333334,1482.8235714285715
2008/3/11 0:00,566996.0184037237,1.3847650499999984,1.49921,3389.3683333333333,2773.0243333333333,9144.360333333334,1499.9235714285717
2008/3/18 0:00,482668.9694809086,2.521224400588019,1.4175925600000008,5723.936333333334,2996.0233333333335,7812.0,1371.5755000000001
2008/3/25 0:00,596427.4383424554,1.7423961196031743,1.7826979947119554,3798.6479999999997,4048.9395238095235,13426.52067063492,1619.8012579365081
2008/4/1 0:00,574179.7004448446,1.113303287142856,1.0918213191666661,1885.5383333333332,2126.626666666667,6356.8,1490.0
2008/4/8 0:00,596427.4383424554,1.7423961196031743,1.7826979947119554,3798.6479999999997,4048.9395238095235,13426.52067063492,1619.8012579365081
2008/4/15 0:00,596427.4383424554,1.7423961196031743,1.7826979947119554,3798.6479999999997,4048.9395238095235,13426.52067063492,1619.8012579365081
2008/4/22 0:00,582932.0,1.1439395686904752,1.1151052991666672,2297.79625,2791.333333333333,7495.006166666666,1462.6456666666666
2008/4/29 0:00,596427.4383424554,1.7423961196031743,1.7826979947119554,3798.6479999999997,4048.9395238095235,13426.52067063492,1619.8012579365081
2008/5/6 0:00,596427.4383424554,1.7423961196031743,1.7826979947119554,3798.6479999999997,4048.9395238095235,13426.52067063492,1580.0
2008/5/13 0:00,596427.4383424554,1.7423961196031743,1.7826979947119554,3798.6479999999997,4048.9395238095235,13426.52067063492,1619.8012579365081
2008/5/20 0:00,596427.4383424554,1.7423961196031743,1.7826979947119554,3798.6479999999997,4048.9395238095235,13426.52067063492,1619.8012579365081
2008/5/27 0:00,495964.92618766613,3.2962,2.185937953333335,6339.7570000000005,7605.315254329004,17289.803916666668,1682.3709880952383
2008/6/3 0:00,596427.4383424554,1.7423961196031743,1.7826979947119554,3798.6479999999997,4048.9395238095235,13426.52067063492,1619.8012579365081
2008/6/10 0:00,596427.4383424554,1.7423961196031743,1.7826979947119554,3798.6479999999997,4048.9395238095235,13426.52067063492,1619.8012579365081
2008/6/17 0:00,596427.4383424554,1.7423961196031743,1.7826979947119554,3798.6479999999997,4048.9395238095235,13426.52067063492,1619.8012579365081
2008/6/24 0:00,796055.0922261006,1.1571458595870805,1.3152168366666674,3237.0,3674.298,10399.34213888889,1898.2621547619046
2008/7/1 0:00,596427.4383424554,1.72423,1.698257971577035,3795.018,4015.6895238095235,12954.54892063492,1635.6079246031745
2008/7/8 0:00,495937.8543532451,4.12653621870952,2.6486644100000016,10022.32158661763,8947.06108766234,8460.0,1490.9333333333334
2008/7/15 0:00,558837.0,1.5321092371428566,1.255992766666666,3497.3033333333333,2237.1335000000004,9163.450333333332,1415.0
2008/7/22 0:00,577836.0,1.0975706871428563,1.0946578241666658,1861.523333333333,2121.876666666667,6429.34,1445.0
2008/7/29 0:00,1023917.9663160506,1.702278355506991,2.4826238977777764,3363.896666666667,8043.0,25028.832139971135,2803.9923333333327
2008/8/5 0:00,598189.0,1.7423961196031743,1.7826979947119554,3798.6479999999997,4049.9795238095235,13435.257253968255,1619.8012579365081
2008/8/12 0:00,596427.4383424554,1.7423961196031743,1.7826979947119554,3798.6479999999997,4048.9395238095235,13426.52067063492,1619.8012579365081
2008/8/19 0:00,544432.0,1.3805040885714295,1.302648031428571,2474.7591666666667,2375.3481190476186,8564.454166666666,1432.4416666666668
2008/8/26 0:00,1059057.4256185498,3.283318099999996,4.3368903400000045,4496.0,12461.0,21120.479154761902,2356.06
2008/9/2 0:00,596427.4383424554,1.7423961196031743,1.7826979947119554,3865.0,4051.3395238095236,13426.52067063492,1619.8012579365081
2008/9/9 0:00,463837.0568181818,0.7529789485277779,1.4301380893333353,1170.9363809523811,2133.6649999999995,7632.47,1296.0
2008/9/16 0:00,596427.4383424554,1.7423961196031743,1.7826979947119554,3798.6479999999997,4048.9395238095235,13426.52067063492,1619.8012579365081
2008/9/23 0:00,463837.0568181818,0.7529789485277779,1.71805,1175.818380952381,2130.543333333333,7785.034000000001,1279.0
2008/9/30 0:00,565353.2392667576,1.4471927799999986,1.55965,3423.578333333333,2677.5893333333333,9308.378666666666,1559.9906666666668
2008/10/7 0:00,596427.4383424554,1.7423961196031743,1.7826979947119554,3798.6479999999997,4048.9395238095235,13426.52067063492,1619.8012579365081
2008/10/14 0:00,596427.4383424554,1.7423961196031743,1.7826979947119554,3798.6479999999997,4048.9395238095235,13426.52067063492,1619.8012579365081
2008/10/21 0:00,596427.4383424554,1.7423961196031743,1.7826979947119554,3798.6479999999997,4048.9395238095235,13426.52067063492,1619.8012579365081
2008/10/28 0:00,596427.4383424554,1.7423961196031743,1.7826979947119554,3798.6479999999997,4048.9395238095235,13426.52067063492,1619.8012579365081
2008/11/4 0:00,596427.4383424554,1.7423961196031743,1.7826979947119554,3798.6479999999997,4048.9395238095235,13426.52067063492,1619.8012579365081
2008/11/11 0:00,506019.0,4.12653621870952,2.8097891550000007,10022.32158661763,10356.86330988456,9332.696833333332,1534.8258333333333
2008/11/18 0:00,970175.5567360265,1.0059143400000012,1.4532029950000007,2167.0,4400.934214285715,9135.216841269841,1714.69
2008/11/25 0:00,596427.4383424554,1.7423961196031743,1.7826979947119554,3798.6479999999997,4048.9395238095235,13426.52067063492,1619.8012579365081
2008/12/2 0:00,596427.4383424554,1.7423961196031743,1.7826979947119554,3798.6479999999997,4048.9395238095235,13426.52067063492,1619.8012579365081
2008/12/9 0:00,495964.92618766613,4.05315,2.6156193900000018,10022.32158661763,8731.308587662337,8595.123500000002,1490.9333333333334
2008/12/16 0:00,376448.3864066338,2.17005642125,4.08756,3381.4891666666667,4293.3893333333335,15974.471309523811,1886.7202499999999
2008/12/23 0:00,1023917.9663160506,3.2880879384615356,4.3368903400000045,4872.0886666666665,14152.0,21120.479154761902,2326.22
2008/12/30 0:00,596427.4383424554,1.7423961196031743,1.7826979947119554,3798.6479999999997,4048.9395238095235,13426.52067063492,1619.8012579365081
2009/1/6 0:00,764606.6651732416,4.219085054545457,3.663957415000001,9302.0,11306.439143217893,17170.439202380952,2277.1319642857143
2009/1/13 0:00,596427.4383424554,1.7423961196031743,1.7826979947119554,3798.6479999999997,4048.9395238095235,13426.52067063492,1619.8012579365081
2009/1/20 0:00,596427.4383424554,1.7423961196031743,1.7826979947119554,3798.6479999999997,4048.9395238095235,13426.52067063492,1619.8012579365081
2009/1/27 0:00,596427.4383424554,1.7423961196031743,1.7826979947119554,3798.6479999999997,4048.9395238095235,13426.52067063492,1619.8012579365081
2009/2/3 0:00,596427.4383424554,1.7423961196031743,1.7826979947119554,3798.6479999999997,4048.9395238095235,13426.52067063492,1619.8012579365081
2009/2/10 0:00,596427.4383424554,1.7423961196031743,1.7826979947119554,3798.6479999999997,4048.9395238095235,13426.52067063492,1619.8012579365081
2009/2/17 0:00,1023917.9663160506,3.2880879384615356,4.3368903400000045,4872.0886666666665,14652.0,21120.479154761902,2326.22
2009/2/24 0:00,596427.4383424554,1.7423961196031743,1.7826979947119554,3798.6479999999997,4048.9395238095235,13426.52067063492,1619.8012579365081
2009/3/3 0:00,777496.8,1.4802437773124109,1.3616485416666668,3157.77,3006.280333333334,11765.28,2122.0
2009/3/10 0:00,957850.0650525651,2.628070573611112,3.8371841100000013,5340.884666666668,6742.026666666668,19325.0,2285.2975
2009/3/17 0:00,596427.4383424554,1.7423961196031743,1.7826979947119554,3798.6479999999997,4048.9395238095235,13426.52067063492,1619.8012579365081
2009/3/24 0:00,596427.4383424554,1.7423961196031743,1.7826979947119554,3798.6479999999997,4048.9395238095235,13426.52067063492,1619.8012579365081
2009/3/31 0:00,596427.4383424554,1.7423961196031743,1.7826979947119554,3798.6479999999997,4048.9395238095235,13426.52067063492,1619.8012579365081
2009/4/7 0:00,596427.4383424554,1.7423961196031743,1.7826979947119554,3798.6479999999997,4048.9395238095235,13426.52067063492,1619.8012579365081
2009/4/14 0:00,596427.4383424554,1.86738,1.953780979045816,3750.744666666667,4239.847166666666,13045.390563492065,1702.1635912698414
2009/4/21 0:00,596427.4383424554,1.7423961196031743,1.7826979947119554,3798.6479999999997,4048.9395238095235,13426.52067063492,1619.8012579365081
2009/4/28 0:00,1059057.4256185498,2.914861654545455,3.998153230000001,5333.0,5655.0,21912.59557142857,2324.93
2009/5/5 0:00,596427.4383424554,1.7423961196031743,1.7826979947119554,3798.6479999999997,4048.9395238095235,13426.52067063492,1619.8012579365081
2009/5/12 0:00,764606.6651732416,2.917347676767678,2.8795328249999996,5496.0,5957.58,26032.018500000002,2087.34
2009/5/19 0:00,396729.0921400259,1.929415882853174,1.97649,2687.245499999999,1991.7733333333335,9352.028333333332,1251.75
2009/5/26 0:00,765954.05,3.177645542045456,3.1732569550000034,5040.0,11326.974052308802,25355.407916666663,1990.0
2009/6/2 0:00,596427.4383424554,1.7423961196031743,1.7826979947119554,3798.6479999999997,4048.9395238095235,13426.52067063492,1619.8012579365081
2009/6/9 0:00,596427.4383424554,1.7423961196031743,1.7826979947119554,3798.6479999999997,4048.9395238095235,13426.52067063492,1619.8012579365081
2009/6/16 0:00,596427.4383424554,1.7423961196031743,1.7826979947119554,3798.6479999999997,4048.9395238095235,13426.52067063492,1619.8012579365081
2009/6/23 0:00,596427.4383424554,1.7423961196031743,1.7826979947119554,3798.6479999999997,4048.9395238095235,13426.52067063492,1619.8012579365081
2009/6/30 0:00,566996.0184037237,1.3847650499999984,1.45112,3400.048333333333,2770.1943333333334,9023.967833333334,1481.025
2009/7/7 0:00,495937.8543532451,4.12653621870952,2.6486644100000016,10022.32158661763,8947.06108766234,8813.0,1490.9333333333334
2009/7/14 0:00,596427.4383424554,1.7423961196031743,1.7826979947119554,3798.6479999999997,4048.9395238095235,13426.52067063492,1619.8012579365081
2009/7/21 0:00,596427.4383424554,1.7423961196031743,1.7826979947119554,3798.6479999999997,4048.9395238095235,13426.52067063492,1619.8012579365081
2009/7/28 0:00,495937.8543532451,4.12653621870952,2.6486644100000016,10022.32158661763,8947.06108766234,8440.0,1490.9333333333334
2009/8/4 0:00,596427.4383424554,1.7423961196031743,1.7826979947119554,3798.6479999999997,4048.9395238095235,13426.52067063492,1619.8012579365081
2009/8/11 0:00,482668.9694809086,2.521224400588019,1.4175925600000008,5723.936333333334,2996.0233333333335,7697.0,1369.8955
2009/8/18 0:00,596427.4383424554,1.7423961196031743,1.7826979947119554,3798.6479999999997,4048.9395238095235,13426.52067063492,1619.8012579365081
2009/8/25 0:00,484796.27,2.5211898005880187,1.3526318600000014,5720.506333333335,2188.0,8942.748333333333,1307.2718333333332
2009/9/1 0:00,596427.4383424554,1.7423961196031743,1.7826979947119554,3798.6479999999997,4048.9395238095235,13426.52067063492,1619.8012579365081
2009/9/8 0:00,596427.4383424554,1.7423961196031743,1.7826979947119554,3798.6479999999997,4048.9395238095235,13426.52067063492,1619.8012579365081
2009/9/15 0:00,345366.8164705882,1.4168895799999999,1.91430164280303,1440.7258333333332,1484.6128333333334,5316.0,1405.0
2009/9/22 0:00,596427.4383424554,1.7423961196031743,1.7826979947119554,3798.6479999999997,4048.9395238095235,13426.52067063492,1619.8012579365081
2009/9/29 0:00,453188.82328877004,0.9174827808968243,1.0577839325476193,1408.7838888888894,2037.3666666666666,7295.469222222222,1347.0
2009/10/6 0:00,813525.24,1.0117790200000003,0.903133,1753.0,2981.516666666667,6515.148214285714,1737.6203888888888
2009/10/13 0:00,596427.4383424554,1.7423961196031743,1.7826979947119554,3798.6479999999997,4048.9395238095235,13426.52067063492,1619.8012579365081
2009/10/20 0:00,596427.4383424554,1.7423961196031743,1.7826979947119554,3798.6479999999997,4048.9395238095235,13426.52067063492,1619.8012579365081
2009/10/27 0:00,463837.0568181818,0.7529789485277779,1.4301380893333353,1170.9363809523811,2133.6649999999995,7632.47,1250.0
2009/11/3 0:00,482549.69,2.4733344905880195,0.786882,5663.284666666666,2308.6286666666674,8919.340833333332,1241.0
2009/11/10 0:00,596427.4383424554,1.7423961196031743,1.7826979947119554,3798.6479999999997,4048.9395238095235,13426.52067063492,1619.8012579365081
2009/11/17 0:00,596427.4383424554,1.7423961196031743,1.7826979947119554,3798.6479999999997,4048.9395238095235,13426.52067063492,1619.8012579365081
2009/11/24 0:00,596427.4383424554,1.7423961196031743,1.7826979947119554,3798.6479999999997,4048.9395238095235,13426.52067063492,1619.8012579365081
2009/12/1 0:00,384946.6,1.9585098485555557,2.195653163809523,2657.9175,1866.0,5007.0,1240.3833333333334
2009/12/8 0:00,596427.4383424554,1.7423961196031743,1.7826979947119554,3798.6479999999997,4048.9395238095235,13426.52067063492,1619.8012579365081
2009/12/15 0:00,589930.0,1.7423961196031743,1.6098907654906207,3725.071333333333,4048.2191666666668,12497.015023809525,1724.0584484126987
2009/12/22 0:00,596427.4383424554,1.7423961196031743,1.7826979947119554,3798.6479999999997,4048.9395238095235,13426.52067063492,1619.8012579365081
2009/12/29 0:00,596427.4383424554,1.7423961196031743,1.7826979947119554,3798.6479999999997,4048.9395238095235,13426.52067063492,1619.8012579365081
2010/1/5 0:00,596427.4383424554,1.7423961196031743,1.7826979947119554,3798.6479999999997,4048.9395238095235,13426.52067063492,1619.8012579365081
2010/1/12 0:00,596427.4383424554,1.7423961196031743,1.7826979947119554,3798.6479999999997,4048.9395238095235,13426.52067063492,1619.8012579365081
2010/1/19 0:00,796055.0922261006,1.2114233980971811,1.3793019899999999,3044.0,3881.9428571428566,10458.300055555555,1858.270488095238
2010/1/26 0:00,796055.0922261006,1.1571458595870805,1.3152168366666674,3226.0,3725.198,10399.34213888889,1897.5321547619046
2010/2/2 0:00,596427.4383424554,1.7423961196031743,1.7826979947119554,3798.6479999999997,4048.9395238095235,13426.52067063492,1619.8012579365081
2010/2/9 0:00,693033.9078826826,1.0764018839596516,1.4256970999999998,2015.1574285714285,4679.0,15406.40829761905,1824.6833333333334
2010/2/16 0:00,596427.4383424554,1.7423961196031743,1.7826979947119554,3798.6479999999997,4048.9395238095235,13426.52067063492,1619.8012579365081
2010/2/23 0:00,596427.4383424554,1.7423961196031743,1.7826979947119554,3798.6479999999997,4048.9395238095235,13426.52067063492,1619.8012579365081
2010/3/2 0:00,596427.4383424554,1.7423961196031743,1.7826979947119554,3798.6479999999997,4048.9395238095235,13426.52067063492,1619.8012579365081
2010/3/9 0:00,596427.4383424554,1.7423961196031743,1.7826979947119554,3798.6479999999997,4048.9395238095235,13426.52067063492,1619.8012579365081
2010/3/16 0:00,412042.6759012377,2.2978062912499997,2.55659,5917.807833333333,3053.485,23979.371687590177,1602.2480833333332
2010/3/23 0:00,596427.4383424554,1.7423961196031743,1.7826979947119554,3798.6479999999997,4048.9395238095235,13426.52067063492,1619.8012579365081
2010/3/30 0:00,764606.6651732416,4.219085054545457,3.663957415000001,7478.0,11306.439143217893,21266.27777380952,2305.39
2010/4/6 0:00,311903.0997232966,1.7125043862500007,2.69151,2947.6858333333344,2468.504880952381,16028.599642857143,1586.9945833333331
2010/4/13 0:00,596427.4383424554,1.7423961196031743,1.7826979947119554,3798.6479999999997,4048.9395238095235,13426.52067063492,1619.8012579365081
2010/4/20 0:00,596427.4383424554,1.7423961196031743,1.7826979947119554,3798.6479999999997,4048.9395238095235,13426.52067063492,1619.8012579365081
2010/4/27 0:00,716937.91475,1.4541393600169281,1.4438441819841268,3599.903333333333,3889.623642857143,10972.638888888885,1947.0
2010/5/4 0:00,596427.4383424554,1.7423961196031743,1.7826979947119554,3798.6479999999997,4048.9395238095235,13426.52067063492,1619.8012579365081
2010/5/11 0:00,596427.4383424554,1.7423961196031743,1.7826979947119554,3798.6479999999997,4048.9395238095235,13426.52067063492,1619.8012579365081
2010/5/18 0:00,729198.6553896222,2.577561276562884,2.5517046716666676,5549.673904761905,5277.774,36567.0,2073.875
2010/5/25 0:00,596427.4383424554,1.7423961196031743,1.7826979947119554,3798.6479999999997,4048.9395238095235,13426.52067063492,1619.8012579365081
2010/6/1 0:00,596427.4383424554,1.7423961196031743,1.7826979947119554,3798.6479999999997,4048.9395238095235,13426.52067063492,1619.8012579365081
2010/6/8 0:00,596427.4383424554,1.7423961196031743,1.7826979947119554,3798.6479999999997,4048.9395238095235,13426.52067063492,1619.8012579365081
2010/6/15 0:00,596427.4383424554,1.7423961196031743,1.7826979947119554,3798.6479999999997,4048.9395238095235,13426.52067063492,1619.8012579365081
2010/6/22 0:00,766859.6851732417,1.1737310595870805,1.2471993366666678,4400.0,3597.126738095238,10421.8845,1822.7416666666668
2010/6/29 0:00,596427.4383424554,1.7423961196031743,1.7826979947119554,3798.6479999999997,4048.9395238095235,13426.52067063492,1619.8012579365081
2010/7/6 0:00,693033.9078826826,1.0764018839596516,1.4256970999999998,2015.1574285714285,4557.0,8903.807964285714,1753.4
2010/7/13 0:00,691707.0,1.0764018839596516,1.0602115900000006,1914.198333333333,2945.023333333333,6364.678214285714,1735.2530555555556
2010/7/20 0:00,596427.4383424554,1.7423961196031743,1.7826979947119554,3798.6479999999997,4048.9395238095235,13426.52067063492,1619.8012579365081
2010/7/27 0:00,659303.1873707317,1.19995,1.2632350866666668,3667.2852619047612,3589.1032142857134,10739.65551984127,1849.051666666667
2010/8/3 0:00,596427.4383424554,1.7423961196031743,1.7826979947119554,3798.6479999999997,4048.9395238095235,13426.52067063492,1619.8012579365081
2010/8/10 0:00,596427.4383424554,1.7423961196031743,1.7826979947119554,3798.6479999999997,4048.9395238095235,13426.52067063492,1619.8012579365081
2010/8/17 0:00,1039642.22,1.06712,1.5186341800000014,2353.0,5203.490166666667,12389.163785714283,1771.9154545454546
2010/8/24 0:00,596427.4383424554,1.7423961196031743,1.7826979947119554,3798.6479999999997,4048.9395238095235,13426.52067063492,1619.8012579365081
2010/8/31 0:00,645816.17,1.4667566500000024,1.3142709033333335,3574.515,1980.0,8695.84315018315,1909.4158333333332
2010/9/7 0:00,398628.48638654157,1.942308304888888,1.5264148502380939,1990.497166666666,2100.650833333333,5547.0,1216.7033333333334
2010/9/14 0:00,596427.4383424554,1.7423961196031743,1.7826979947119554,3798.6479999999997,4048.9395238095235,13426.52067063492,1619.8012579365081
2010/9/21 0:00,570262.84,1.0551092771428565,1.1147614344047625,1604.0,1422.0,5524.479361416362,1082.288
2010/9/28 0:00,596427.4383424554,1.7423961196031743,1.7826979947119554,3798.6479999999997,4048.9395238095235,13426.52067063492,1619.8012579365081
2010/10/5 0:00,342584.05,1.495901086250001,1.97645762435065,2156.233833333333,1269.0,6952.314854256855,1037.8533333333335
2010/10/12 0:00,463837.0568181818,0.8021106285277776,1.4275660625476205,1171.996380952381,2133.6649999999995,7656.44,1220.0
2010/10/19 0:00,596427.4383424554,1.7423961196031743,1.7826979947119554,3798.6479999999997,4048.9395238095235,13426.52067063492,1619.8012579365081
2010/10/26 0:00,514262.0,1.42117550430403,1.2885074138333332,1703.6774999999998,2141.825,8736.410333333333,1419.515
2010/11/2 0:00,596427.4383424554,1.7423961196031743,1.7826979947119554,3798.6479999999997,4048.9395238095235,13426.52067063492,1619.8012579365081
2010/11/9 0:00,295286.9648439242,0.9009974900000007,0.951015359999999,782.7769999999999,1533.2875,3523.0,1774.97
2010/11/16 0:00,596427.4383424554,1.7423961196031743,1.7826979947119554,3798.6479999999997,4048.9395238095235,13426.52067063492,1619.8012579365081
2010/11/23 0:00,521765.3684848484,1.9673707876373632,0.806526,1763.2958333333333,2119.7116666666666,6983.933333333333,1414.9040476190476
2010/11/30 0:00,596427.4383424554,1.7423961196031743,1.7826979947119554,3798.6479999999997,4048.9395238095235,13426.52067063492,1619.8012579365081
2010/12/7 0:00,821199.7777022102,0.9470493900000011,1.3495216000000008,1622.0,3700.5200000000004,7749.224103174603,1738.614
2010/12/14 0:00,575887.0,1.113303287142856,1.0950417416666662,1860.9433333333332,2126.7366666666667,6384.2,1464.2866666666669
2010/12/21 0:00,721088.3873707317,1.03601,1.0689494150000007,1823.3414285714284,2943.0966666666664,6401.968214285714,1727.5597222222223
2010/12/28 0:00,605162.0,0.8703350919267676,1.10846,1735.6256031746036,2631.546666666666,6539.373928571428,1491.075388888889
2011/1/4 0:00,643460.2964650062,1.38978745,1.420985682380952,3537.431666666667,3485.0,11268.97463095238,1933.24
2011/1/11 0:00,596427.4383424554,1.7423961196031743,1.7826979947119554,3798.6479999999997,4048.9395238095235,13426.52067063492,1619.8012579365081
2011/1/18 0:00,596427.4383424554,1.7423961196031743,1.7826979947119554,3798.6479999999997,4048.9395238095235,13426.52067063492,1619.8012579365081
2011/1/25 0:00,655526.538411105,1.29194,1.2076608608333337,3939.530261904762,3579.214404761905,10860.041214285715,1834.1591666666668
2011/2/1 0:00,693033.9078826826,1.0764018839596516,1.4256970999999998,2015.1574285714285,4658.0,15406.40829761905,1824.6833333333334
2011/2/8 0:00,657764.89,1.5272591666666673,1.272299088888888,3949.0,3218.38430952381,11496.0,1946.0
2011/2/15 0:00,596427.4383424554,1.7423961196031743,1.7826979947119554,3923.0,4056.1095238095236,13036.160865079364,1635.6079246031745
2011/2/22 0:00,626731.0,1.2345422533333323,1.2446217033333336,3930.526928571429,3908.578904761904,10599.401214285714,1767.2368293650795
2011/3/1 0:00,492027.4788240807,2.5211898005880187,1.3538417600000008,5723.936333333334,3420.3309523809526,11479.0,1692.3824404761906
2011/3/8 0:00,594792.0864406144,1.7272091148412694,1.51811,3668.2346666666663,4040.0,12291.211876984127,1764.8194484126984
2011/3/15 0:00,560530.0882716856,1.63398,1.1259126666666663,3401.166666666666,2147.3485000000005,9147.171523809524,1535.2441666666666
2011/3/22 0:00,766859.6851732417,2.917347676767678,2.8795328249999996,5016.0,6285.7,25813.158666666666,2079.49
2011/3/29 0:00,596427.4383424554,1.7423961196031743,1.7826979947119554,3798.6479999999997,4048.9395238095235,13426.52067063492,1619.8012579365081
2011/4/5 0:00,596427.4383424554,1.7423961196031743,1.76709,3798.6479999999997,4014.619523809524,13426.52067063492,1619.8012579365081
2011/4/12 0:00,596427.4383424554,1.7423961196031743,1.7826979947119554,3798.6479999999997,4048.9395238095235,13426.52067063492,1619.8012579365081
2011/4/19 0:00,596427.4383424554,1.7423961196031743,1.7826979947119554,3798.6479999999997,4048.9395238095235,13426.52067063492,1619.8012579365081
2011/4/26 0:00,596427.4383424554,1.7423961196031743,1.7826979947119554,3798.6479999999997,4048.9395238095235,13426.52067063492,1619.8012579365081
2011/5/3 0:00,596427.4383424554,1.7423961196031743,1.7826979947119554,3798.6479999999997,4048.9395238095235,13426.52067063492,1619.8012579365081
2011/5/10 0:00,596427.4383424554,1.7423961196031743,1.7826979947119554,3798.6479999999997,4048.9395238095235,13426.52067063492,1619.8012579365081
2011/5/17 0:00,524913.3703517817,2.09951,1.5060004545357146,2641.2375,2653.288523809523,9383.396309523809,1499.4183809523809
2011/5/24 0:00,596427.4383424554,1.7423961196031743,1.7826979947119554,3798.6479999999997,4048.9395238095235,13426.52067063492,1619.8012579365081
2011/5/31 0:00,788242.0,1.484711277312411,1.4137106416666663,3091.39,3592.653,11403.546555555557,1826.0
2011/6/7 0:00,596427.4383424554,1.7423961196031743,1.7826979947119554,3798.6479999999997,4048.9395238095235,13426.52067063492,1619.8012579365081
2011/6/14 0:00,957850.0650525651,1.207945016744368,1.721105346666667,2608.4,4602.478666666666,17150.0,1496.2866666666669
2011/6/21 0:00,1023917.9663160506,1.207945016744368,1.9736956899999993,2757.11,5683.0,13666.3675,1560.2866666666669
2011/6/28 0:00,769456.335381783,1.1737310595870805,1.2467497366666678,4114.553928571429,3809.199238095238,10330.131166666666,1753.0
2011/7/5 0:00,596427.4383424554,1.7423961196031743,1.7826979947119554,3798.6479999999997,4048.9395238095235,13426.52067063492,1619.8012579365081
2011/7/12 0:00,623115.282452373,1.354146386666667,1.2372559225000004,3782.1274999999996,4059.0,11025.238686507935,1676.8438293650793
2011/7/19 0:00,596427.4383424554,1.7423961196031743,1.7826979947119554,3798.6479999999997,4048.9395238095235,13426.52067063492,1619.8012579365081
2011/7/26 0:00,596427.4383424554,1.7423961196031743,1.7826979947119554,3798.6479999999997,4048.9395238095235,13426.52067063492,1619.8012579365081
2011/8/2 0:00,615160.5484111051,1.39521,1.4181375879365077,3642.2166666666667,3602.714023809525,11288.836853174602,1666.2343293650795
2011/8/9 0:00,643460.2964650062,1.38978745,1.420985682380952,3537.431666666667,3468.0,11268.97463095238,1933.24
2011/8/16 0:00,596427.4383424554,1.7423961196031743,1.7826979947119554,3798.6479999999997,4048.9395238095235,13426.52067063492,1619.8012579365081
2011/8/23 0:00,627006.67,1.23028,1.27731,3643.1585952380947,3510.2313809523807,10738.281630952382,1784.3293293650795
2011/8/30 0:00,550614.0,1.0974985499999987,1.2991,1930.5931230158728,2302.018,6518.87,1410.7
2011/9/6 0:00,877427.65,1.060689434761906,1.497764580000001,2336.0,4441.988047619047,6765.0,1647.644
2011/9/13 0:00,596427.4383424554,1.7423961196031743,1.7826979947119554,3798.6479999999997,4048.9395238095235,13426.52067063492,1619.8012579365081
2011/9/20 0:00,590294.8669754146,1.6677013261507931,1.0568,3581.388333333334,2730.1735,9212.90569047619,1609.475388888889
2011/9/27 0:00,721088.3873707317,1.10616,1.1356696800000003,1782.8012896825396,2919.663333333333,6550.988214285713,1735.1530555555555
2011/10/4 0:00,596427.4383424554,1.7423961196031743,1.7826979947119554,3798.6479999999997,4048.9395238095235,13426.52067063492,1619.8012579365081
2011/10/11 0:00,558637.0,1.5321092371428566,1.255992766666666,3535.2016666666664,2231.866833333334,8991.790333333332,1445.835
2011/10/18 0:00,587331.74,1.0666894471428567,0.984209375833333,1818.0,2765.3716666666664,4931.0,1432.2856666666664
2011/10/25 0:00,596427.4383424554,1.7423961196031743,1.7826979947119554,3798.6479999999997,4048.9395238095235,13426.52067063492,1619.8012579365081
2011/11/1 0:00,596427.4383424554,1.7423961196031743,1.7826979947119554,3798.6479999999997,4048.9395238095235,13426.52067063492,1619.8012579365081
2011/11/8 0:00,354866.697098473,1.5871289599999998,1.6752349416666668,1639.3271666666667,1462.586214285714,5026.0,1091.52
2011/11/15 0:00,461271.59,0.9899030836309525,0.9848537817142854,1334.4166666666665,1755.0,6250.283833333333,1317.29
2011/11/22 0:00,481197.81,1.7343906122738073,1.7309902933809531,2150.4471666666664,2128.0,10272.39,1441.8883333333333
2011/11/29 0:00,596427.4383424554,1.7423961196031743,1.7826979947119554,3798.6479999999997,4048.9395238095235,13426.52067063492,1619.8012579365081
2011/12/6 0:00,596427.4383424554,1.7423961196031743,1.7826979947119554,3798.6479999999997,4048.9395238095235,13426.52067063492,1619.8012579365081
2011/12/13 0:00,970175.5567360265,1.0059143400000012,1.4532029950000007,2176.0,4400.934214285715,9135.216841269841,1714.69
2011/12/20 0:00,599770.3529617256,1.5861283363051948,1.2639292058916083,3661.8049999999994,2972.0,9496.43363095238,1802.099734126984
2011/12/27 0:00,1066203.4467360266,1.1419931400000016,1.6479659800000008,2421.0,5198.136166666667,13535.675714285713,1754.4666666666665
2012/1/3 0:00,596427.4383424554,1.7423961196031743,1.7826979947119554,3798.6479999999997,4048.9395238095235,13426.52067063492,1619.8012579365081
2012/1/10 0:00,780268.56,1.5103233241558454,1.301397999999999,2960.0,3125.686666666667,10158.0,1940.0
2012/1/17 0:00,797444.0,1.2945269435517264,1.3255256475000003,3202.0,4233.0,10580.05013888889,1934.8176547619048
2012/1/24 0:00,489132.7997103879,2.5211898005880187,1.4111777800000005,5723.936333333334,3779.335,10913.0,1664.1155833333335
2012/1/31 0:00,596427.4383424554,1.7423961196031743,1.7826979947119554,3798.6479999999997,4048.9395238095235,13426.52067063492,1619.8012579365081
2012/2/7 0:00,596427.4383424554,1.7423961196031743,1.7826979947119554,3798.6479999999997,4048.9395238095235,13426.52067063492,1619.8012579365081
2012/2/14 0:00,596427.4383424554,1.7423961196031743,1.7826979947119554,3798.6479999999997,4048.9395238095235,13623.0,1617.171257936508
2012/2/21 0:00,596427.4383424554,1.7423961196031743,1.7826979947119554,3798.6479999999997,4048.9395238095235,13426.52067063492,1619.8012579365081
2012/2/28 0:00,596427.4383424554,1.7423961196031743,1.7826979947119554,3798.6479999999997,4048.9395238095235,13426.52067063492,1619.8012579365081
2012/3/6 0:00,1023917.9663160506,3.2880879384615356,4.3368903400000045,4872.0886666666665,10857.0,21136.699154761904,2326.22
2012/3/13 0:00,729198.6553896222,2.577561276562884,2.5517046716666676,5549.673904761905,5277.774,29432.0,2075.975
2012/3/20 0:00,765144.4547499999,1.499124877312411,1.294095166666666,3654.610333333333,2724.448214285714,9208.436666666666,1908.0
2012/3/27 0:00,376448.3864066338,2.17005642125,6.02598,6684.054166666666,8524.014333333333,16933.817916666667,1920.402
2012/4/3 0:00,687051.0,1.5007293951226561,1.2817750888888881,3659.7983333333327,2977.9817142857146,9678.336666666666,1982.0
2012/4/10 0:00,596427.4383424554,1.7423961196031743,1.7826979947119554,3798.6479999999997,4048.9395238095235,13426.52067063492,1619.8012579365081
2012/4/17 0:00,596427.4383424554,1.7423961196031743,1.7826979947119554,3798.6479999999997,4048.9395238095235,13426.52067063492,1619.8012579365081
2012/4/24 0:00,495964.92618766613,4.2171,2.6156193900000018,10022.32158661763,8731.308587662337,8527.490166666668,1490.9333333333334
2012/5/1 0:00,596427.4383424554,1.7423961196031743,1.7826979947119554,3798.6479999999997,4048.9395238095235,13426.52067063492,1619.8012579365081
2012/5/8 0:00,729198.6553896222,2.5882859765628843,2.5796785716666677,5549.673904761905,5287.974,24987.0,2078.465
2012/5/15 0:00,827627.02,3.0197,2.89421,5240.57169047619,9395.0,25478.967916666665,2142.71
2012/5/22 0:00,596427.4383424554,1.7423961196031743,1.7826979947119554,3798.6479999999997,4048.9395238095235,13426.52067063492,1619.8012579365081
2012/5/29 0:00,596427.4383424554,1.7423961196031743,1.7826979947119554,3798.6479999999997,4048.9395238095235,13426.52067063492,1619.8012579365081
2012/6/5 0:00,596427.4383424554,1.7423961196031743,1.7826979947119554,3798.6479999999997,4048.9395238095235,13426.52067063492,1619.8012579365081
2012/6/12 0:00,453388.79359840415,1.836812162976191,2.43225,2863.4191666666675,2157.7225,24096.30668759018,1358.0127499999999
2012/6/19 0:00,957850.0650525651,1.207945016744368,1.721105346666667,2608.4,4602.478666666666,15254.0,1481.3366666666668
2012/6/26 0:00,596427.4383424554,1.7423961196031743,1.7826979947119554,3798.6479999999997,4048.9395238095235,13714.0,1617.171257936508
2012/7/3 0:00,596427.4383424554,1.7423961196031743,1.7826979947119554,3798.6479999999997,4048.9395238095235,13426.52067063492,1619.8012579365081
2012/7/10 0:00,773677.8126905661,1.43006,1.49713,3110.0,4402.493761904761,11007.26263888889,2058.9272976190473
2012/7/17 0:00,596427.4383424554,1.7423961196031743,1.7826979947119554,3798.6479999999997,4048.9395238095235,13426.52067063492,1619.8012579365081
2012/7/24 0:00,1066560.1373610266,1.1763331400000012,1.7105633000000002,2588.0,5283.0261666666665,14220.723714285714,1636.1066666666668
2012/7/31 0:00,590294.8669754146,1.6988727844841267,1.19614,3876.671666666667,2999.261785714285,9510.598607142858,1709.7096150793652
2012/8/7 0:00,596427.4383424554,1.7423961196031743,1.7826979947119554,3798.6479999999997,4048.9395238095235,13426.52067063492,1630.0
2012/8/14 0:00,721088.3873707317,1.07343,1.0589745900000005,1919.6064285714283,2961.023333333333,6383.308214285714,1727.0130555555556
2012/8/21 0:00,596427.4383424554,1.7423961196031743,1.7826979947119554,3798.6479999999997,4048.9395238095235,13426.52067063492,1619.8012579365081
2012/8/28 0:00,596427.4383424554,1.7423961196031743,1.7826979947119554,3798.6479999999997,4048.9395238095235,13426.52067063492,1619.8012579365081
2012/9/4 0:00,596427.4383424554,1.7423961196031743,1.7826979947119554,3798.6479999999997,4048.9395238095235,13426.52067063492,1619.8012579365081
2012/9/11 0:00,600914.02,0.920779,1.0432502183333328,1895.7390793650795,2744.1016666666665,6394.003928571428,1505.0995555555555
2012/9/18 0:00,578269.6969754145,0.9957063699999985,1.00138,1790.345,2059.9966666666664,6508.65,1449.1706666666664
2012/9/25 0:00,596427.4383424554,1.7423961196031743,1.7826979947119554,3798.6479999999997,4048.9395238095235,13426.52067063492,1619.8012579365081
2012/10/2 0:00,600914.02,0.862837,1.0917184616666658,1992.5534365079368,2638.131666666666,6488.313928571429,1492.0087222222223
2012/10/9 0:00,543833.0,1.3805040885714295,1.302648031428571,2474.7591666666667,2375.3481190476186,8564.454166666666,1432.4416666666668
2012/10/16 0:00,596427.4383424554,1.7423961196031743,1.7826979947119554,3798.6479999999997,4048.9395238095235,13426.52067063492,1619.8012579365081
2012/10/23 0:00,487850.44328877004,2.506106070588019,1.0084928700000007,5663.284666666666,2680.560119047619,9152.753333333332,1325.0
2012/10/30 0:00,487617.0,2.4733344905880195,0.796937,5663.284666666666,2591.205119047619,8909.365,1328.1885
2012/11/6 0:00,293250.75,0.8345648400000004,0.779136,448.44416666666666,1321.7675,4075.0,962.4762857142856
2012/11/13 0:00,596427.4383424554,1.7423961196031743,1.7826979947119554,3798.6479999999997,4048.9395238095235,13426.52067063492,1619.8012579365081
2012/11/20 0:00,298677.38,0.90738221,0.825485,847.9766666666666,1561.0,4317.0,1781.91
2012/11/27 0:00,821199.7777022102,0.9470493900000011,1.3495216000000008,1499.0,3702.6100000000006,7749.224103174603,1733.354
2012/12/4 0:00,596427.4383424554,1.7423961196031743,1.7826979947119554,3798.6479999999997,4048.9395238095235,13426.52067063492,1619.8012579365081
2012/12/11 0:00,823435.34,1.0171690400000006,1.09107,1926.0,3240.956666666667,7241.528214285714,1715.764
2012/12/18 0:00,721088.3873707317,1.0967,1.1371513000000006,1782.8012896825396,2919.663333333333,6550.988214285713,1735.1530555555555
2012/12/25 0:00,596427.4383424554,1.7423961196031743,1.7826979947119554,3798.6479999999997,4048.9395238095235,13426.52067063492,1619.8012579365081
2013/1/1 0:00,596427.4383424554,1.7423961196031743,1.7826979947119554,3798.6479999999997,4048.9395238095235,13426.52067063492,1619.8012579365081
2013/1/8 0:00,497537.329710388,4.12653621870952,2.8317630299999994,10022.32158661763,10379.35330988456,10420.0,1700.9607500000002
2013/1/15 0:00,623115.282452373,1.354146386666667,1.2368063225000006,3782.1274999999996,3880.0,10951.824686507936,1674.4828293650792
2013/1/22 0:00,777496.8,1.4802437773124109,1.3616485416666668,3157.77,3006.280333333334,11889.2,2027.0
2013/1/29 0:00,596427.4383424554,1.7423961196031743,1.7826979947119554,3798.6479999999997,4048.9395238095235,12502.0,1666.5204246031747
2013/2/5 0:00,777496.8,1.4802437773124109,1.3616485416666668,3157.77,3006.280333333334,11889.2,2017.0
2013/2/12 0:00,596427.4383424554,1.7423961196031743,1.7826979947119554,3798.6479999999997,4048.9395238095235,13426.52067063492,1619.8012579365081
2013/2/19 0:00,596427.4383424554,1.7423961196031743,1.73267,3800.8379999999997,4014.619523809524,13305.346337301587,1635.6079246031745
2013/2/26 0:00,665926.0,2.11076,2.09858,4097.977333333333,4313.0,13064.163285714285,2142.680976190476
2013/3/5 0:00,596427.4383424554,1.7423961196031743,1.7826979947119554,3798.6479999999997,4048.9395238095235,13426.52067063492,1619.8012579365081
2013/3/12 0:00,596427.4383424554,1.7423961196031743,1.7826979947119554,3798.6479999999997,4048.9395238095235,13426.52067063492,1619.8012579365081
2013/3/19 0:00,764606.6651732416,4.219085054545457,3.663957415000001,6555.0,11283.289143217893,21266.27777380952,2305.39
2013/3/26 0:00,615148.0,1.2786105945595252,1.1600586883333341,3901.216928571429,3218.398571428572,10774.253214285714,1679.6241626984129
2013/4/2 0:00,777496.8,1.4802437773124109,1.3616485416666668,3157.77,3006.280333333334,11889.2,2033.0
2013/4/9 0:00,777496.8,1.4802437773124109,1.3616485416666668,3157.77,3006.280333333334,11868.78,2059.0
2013/4/16 0:00,855297.0,1.1571458595870805,1.7505088966666673,2710.03,4616.057380952381,18911.593833333332,1540.696666666667
2013/4/23 0:00,596427.4383424554,1.7423961196031743,1.7826979947119554,3798.6479999999997,4048.9395238095235,13426.52067063492,1619.8012579365081
2013/4/30 0:00,311903.0997232966,1.7125043862500007,2.88598,2947.6858333333344,3665.249880952381,17142.559642857144,1737.26625
2013/5/7 0:00,821734.85,2.15080233030303,2.62172,3688.926833333333,7711.0,23087.17067857143,2363.0383333333334
2013/5/14 0:00,596427.4383424554,1.7423961196031743,1.7826979947119554,3798.6479999999997,4048.9395238095235,13426.52067063492,1619.8012579365081
2013/5/21 0:00,596427.4383424554,1.7423961196031743,1.7826979947119554,3798.6479999999997,4048.9395238095235,13426.52067063492,1619.8012579365081
2013/5/28 0:00,596427.4383424554,1.7423961196031743,1.91094,3798.6479999999997,4225.6075238095245,13286.316670634918,1702.1635912698414
2013/6/4 0:00,596427.4383424554,1.7423961196031743,1.7826979947119554,3798.6479999999997,4048.9395238095235,13426.52067063492,1619.8012579365081
2013/6/11 0:00,596427.4383424554,1.7423961196031743,1.7826979947119554,3798.6479999999997,4048.9395238095235,13426.52067063492,1619.8012579365081
2013/6/18 0:00,596427.4383424554,1.7423961196031743,1.7826979947119554,3798.6479999999997,4048.9395238095235,13426.52067063492,1619.8012579365081
2013/6/25 0:00,805133.0,1.484711277312411,1.425084741666666,3079.25,4633.9170952380955,17511.827166666666,1887.0
2013/7/2 0:00,957850.0650525651,1.207945016744368,1.721105346666667,2608.4,4625.141047619048,14637.0,1481.3366666666668
2013/7/9 0:00,596427.4383424554,1.7423961196031743,1.7826979947119554,3798.6479999999997,4048.9395238095235,13426.52067063492,1619.8012579365081
2013/7/16 0:00,590873.9164406145,1.7272091148412694,1.51636,3736.7746666666667,4279.0,12019.718523809523,1766.5872579365077
2013/7/23 0:00,796055.0922261006,1.2056716622871577,1.3793019899999999,2846.0,3892.9628571428566,10429.753388888888,1801.500488095238
2013/7/30 0:00,596427.4383424554,1.7423961196031743,1.7826979947119554,3798.6479999999997,4048.9395238095235,13426.52067063492,1619.8012579365081
2013/8/6 0:00,596427.4383424554,1.7423961196031743,1.7826979947119554,3798.6479999999997,4048.9395238095235,13426.52067063492,1619.8012579365081
2013/8/13 0:00,596427.4383424554,1.7423961196031743,1.7826979947119554,3798.6479999999997,4048.9395238095235,13426.52067063492,1619.8012579365081
2013/8/20 0:00,679395.0,1.27043665,1.29483,3445.388833333333,3068.0,10279.671964285713,1912.78
2013/8/27 0:00,596427.4383424554,1.7423961196031743,1.7826979947119554,3798.6479999999997,4048.9395238095235,13426.52067063492,1619.8012579365081
2013/9/3 0:00,631143.0,1.19291,1.258185516666667,3858.553595238095,3909.6291428571426,10713.462186507937,1813.554107142857
2013/9/10 0:00,970175.5567360265,1.0059143400000012,1.4532029950000007,2227.0,4400.934214285715,9150.43684126984,1714.69
2013/9/17 0:00,970175.5567360265,1.0059143400000012,1.4532029950000007,2159.0,4400.934214285715,9135.216841269841,1714.69
2013/9/24 0:00,764210.66,0.9557924800000012,1.0047557724999996,2049.0,2743.336666666666,6038.0,1714.9430555555557
2013/10/1 0:00,538049.0,1.3869208033333342,1.311729317261905,2334.3966666666665,2341.5781190476187,8246.074166666665,1388.0
2013/10/8 0:00,596427.4383424554,1.7423961196031743,1.7826979947119554,3798.6479999999997,4048.9395238095235,13426.52067063492,1619.8012579365081
2013/10/15 0:00,821199.7777022102,0.9470493900000011,1.3495216000000008,1582.0,3700.5200000000004,7749.224103174603,1733.354
2013/10/22 0:00,596427.4383424554,1.7423961196031743,1.7826979947119554,3798.6479999999997,4048.9395238095235,13426.52067063492,1619.8012579365081
2013/10/29 0:00,600914.02,0.852792,1.0835041983333327,1993.7812142857144,2670.651666666666,6488.313928571429,1489.1620555555555
2013/11/5 0:00,596427.4383424554,1.7423961196031743,1.7826979947119554,3798.6479999999997,4048.9395238095235,13426.52067063492,1619.8012579365081
2013/11/12 0:00,538709.04,0.761098,1.0969308385555563,1528.0,1631.0,5511.591055555556,1403.2166666666665
2013/11/19 0:00,596427.4383424554,1.7423961196031743,1.7826979947119554,3798.6479999999997,4048.9395238095235,13426.52067063492,1619.8012579365081
2013/11/26 0:00,540676.4069754145,1.3091825733333335,0.905981,1970.7533333333333,2167.4150000000004,6413.78,1432.59
2013/12/3 0:00,596427.4383424554,1.7423961196031743,1.7826979947119554,3798.6479999999997,4048.9395238095235,13426.52067063492,1619.8012579365081
2013/12/10 0:00,596427.4383424554,1.7423961196031743,1.7826979947119554,3798.6479999999997,4048.9395238095235,13426.52067063492,1619.8012579365081
2013/12/17 0:00,596427.4383424554,1.7423961196031743,1.7826979947119554,3798.6479999999997,4048.9395238095235,13426.52067063492,1619.8012579365081
2013/12/24 0:00,643460.2964650062,1.38978745,1.420985682380952,3537.431666666667,3447.0,11247.16263095238,1939.28
2013/12/31 0:00,596427.4383424554,1.7423961196031743,1.7826979947119554,3798.6479999999997,4048.9395238095235,13426.52067063492,1619.8012579365081
2014/1/7 0:00,489132.7997103879,2.5211898005880187,1.4111777800000005,5723.936333333334,4437.0,10977.0,1700.4270833333335
2014/1/14 0:00,596427.4383424554,1.7423961196031743,1.7826979947119554,3798.6479999999997,4048.9395238095235,13426.52067063492,1619.8012579365081
2014/1/21 0:00,776742.47,1.488488449837663,1.42547,3171.05,4955.0,17958.608833333332,2008.0
2014/1/28 0:00,567204.8366488994,1.42791,1.43909,3632.0,2719.8559999999998,9047.4445,1472.533333333333
2014/2/4 0:00,596427.4383424554,1.7423961196031743,1.7826979947119554,3798.6479999999997,4048.9395238095235,13426.52067063492,1619.8012579365081
2014/2/11 0:00,596427.4383424554,1.65976,1.2093146281138305,3958.415,2987.541785714285,9685.807654761906,1741.3422341269843
2014/2/18 0:00,596427.4383424554,1.7423961196031743,1.7826979947119554,3798.6479999999997,4048.9395238095235,13426.52067063492,1619.8012579365081
2014/2/25 0:00,957850.0650525651,1.207945016744368,1.721105346666667,2608.4,4602.478666666666,17602.0,1511.256666666667
2014/3/4 0:00,596427.4383424554,1.7423961196031743,1.7826979947119554,3798.6479999999997,4048.9395238095235,13426.52067063492,1619.8012579365081
2014/3/11 0:00,764606.6651732416,4.219085054545457,3.663957415000001,7424.0,11306.439143217893,21266.27777380952,2305.39
2014/3/18 0:00,596427.4383424554,1.7423961196031743,1.7826979947119554,3798.6479999999997,4048.9395238095235,13426.52067063492,1619.8012579365081
2014/3/25 0:00,596427.4383424554,1.7423961196031743,1.7826979947119554,3798.6479999999997,4048.9395238095235,13426.52067063492,1619.8012579365081
2014/4/1 0:00,764606.6651732416,4.219085054545457,3.663957415000001,9732.0,11306.439143217893,17170.439202380952,2277.1319642857143
2014/4/8 0:00,764606.6651732416,4.219085054545457,3.663957415000001,7160.0,11306.439143217893,21266.27777380952,2305.39
2014/4/15 0:00,987955.4398104617,4.21022,4.639070870000003,8143.292712880256,11966.0,17532.70870238095,2335.3782142857144
2014/4/22 0:00,596427.4383424554,1.7423961196031743,1.7826979947119554,3798.6479999999997,4048.9395238095235,13426.52067063492,1619.8012579365081
2014/4/29 0:00,596427.4383424554,1.7423961196031743,1.7826979947119554,3798.6479999999997,4048.9395238095235,13426.52067063492,1619.8012579365081
2014/5/6 0:00,596427.4383424554,1.7423961196031743,1.7826979947119554,3798.6479999999997,4048.9395238095235,13426.52067063492,1619.8012579365081
2014/5/13 0:00,596427.4383424554,1.7423961196031743,1.7826979947119554,3798.6479999999997,4048.9395238095235,13426.52067063492,1619.8012579365081
2014/5/20 0:00,596427.4383424554,1.7423961196031743,1.7826979947119554,3798.6479999999997,4048.9395238095235,13426.52067063492,1619.8012579365081
2014/5/27 0:00,596427.4383424554,1.7423961196031743,1.7826979947119554,3798.6479999999997,4048.9395238095235,13426.52067063492,1619.8012579365081
2014/6/3 0:00,453388.79359840415,1.813174592976191,2.33472,2863.4191666666675,2166.4125,14014.786904761902,1319.57025
2014/6/10 0:00,438535.49252138624,2.35665,2.21286,5709.541166666666,2372.775,8766.824166666665,1314.9029999999998
2014/6/17 0:00,596427.4383424554,1.7423961196031743,1.7826979947119554,3798.6479999999997,4048.9395238095235,13426.52067063492,1619.8012579365081
2014/6/24 0:00,1023917.9663160506,1.207945016744368,1.9736956899999993,2757.11,6003.0,13809.4875,1560.2866666666669
2014/7/1 0:00,766859.6851732417,1.1737310595870805,1.2471993366666678,4174.0,3597.126738095238,10408.6745,1822.7416666666668
2014/7/8 0:00,596427.4383424554,1.7423961196031743,1.7826979947119554,3798.6479999999997,4048.9395238095235,13426.52067063492,1619.8012579365081
2014/7/15 0:00,800974.0,1.1571458595870805,1.3210246366666676,3103.64411904762,3889.06,10382.916138888888,1860.2321547619047
2014/7/22 0:00,596427.4383424554,1.7423961196031743,1.7826979947119554,3798.6479999999997,4048.9395238095235,13426.52067063492,1619.8012579365081
2014/7/29 0:00,596427.4383424554,1.7423961196031743,1.7826979947119554,3798.6479999999997,4048.9395238095235,13426.52067063492,1619.8012579365081
2014/8/5 0:00,596427.4383424554,1.7423961196031743,1.7826979947119554,3798.6479999999997,4048.9395238095235,13426.52067063492,1619.8012579365081
2014/8/12 0:00,596427.4383424554,1.7423961196031743,1.7826979947119554,3798.6479999999997,4048.9395238095235,13426.52067063492,1688.0
2014/8/19 0:00,562406.0284039859,1.4617548899999988,1.33093,3438.7866666666664,2076.9585,8967.226166666665,1461.628333333333
2014/8/26 0:00,596427.4383424554,1.7423961196031743,1.7826979947119554,3798.6479999999997,4048.9395238095235,13426.52067063492,1579.0
2014/9/2 0:00,596427.4383424554,1.7423961196031743,1.7826979947119554,3798.6479999999997,4048.9395238095235,13426.52067063492,1619.8012579365081
2014/9/9 0:00,611184.0,1.187199951148991,1.201920716666667,3948.0769285714287,3508.271904761905,10659.056214285714,1649.4128293650792
2014/9/16 0:00,596427.4383424554,1.7423961196031743,1.7826979947119554,3798.6479999999997,4048.9395238095235,13426.52067063492,1619.8012579365081
2014/9/23 0:00,596427.4383424554,1.7423961196031743,1.7826979947119554,3798.6479999999997,4048.9395238095235,13426.52067063492,1619.8012579365081
2014/9/30 0:00,346560.4264705882,1.4168895799999999,1.91430164280303,1440.7258333333332,1484.6128333333334,5232.0,1417.0
2014/10/7 0:00,600914.02,0.864118,1.0917184616666658,1992.5534365079368,2638.131666666666,6488.313928571429,1492.0087222222223
2014/10/14 0:00,596427.4383424554,1.7423961196031743,1.7826979947119554,3798.6479999999997,4048.9395238095235,13426.52067063492,1619.8012579365081
2014/10/21 0:00,445887.98,0.742747,1.1252674226666677,1132.9876666666667,1946.006666666667,7131.196666666668,1401.0
2014/10/28 0:00,596427.4383424554,1.7423961196031743,1.7826979947119554,3798.6479999999997,4048.9395238095235,13426.52067063492,1619.8012579365081
2014/11/4 0:00,596427.4383424554,1.7423961196031743,1.7826979947119554,3798.6479999999997,4048.9395238095235,13426.52067063492,1619.8012579365081
2014/11/11 0:00,579668.0,0.805251,1.0502262303333323,1996.5208571428575,2421.6116666666667,6185.82,1446.0489999999998
2014/11/18 0:00,354866.697098473,1.5871289599999998,1.6752349416666668,1639.3271666666667,1462.586214285714,5173.0,1091.52
2014/11/25 0:00,481197.81,1.7343906122738073,1.7309902933809531,2150.4471666666664,2033.0,10490.4,1419.1183333333333
2014/12/2 0:00,596427.4383424554,1.7423961196031743,1.7826979947119554,3798.6479999999997,4048.9395238095235,13426.52067063492,1619.8012579365081
2014/12/9 0:00,583853.0,1.03017759047619,1.0448294758333336,1714.0,2743.1166666666663,5970.0,1429.7123333333334
2014/12/16 0:00,596427.4383424554,1.7423961196031743,1.7826979947119554,3798.6479999999997,4048.9395238095235,13426.52067063492,1619.8012579365081
2014/12/23 0:00,595546.6729617256,1.6725717485714287,1.189824469224942,3815.866666666667,2947.0,9654.055571428573,1737.5077341269844
2014/12/30 0:00,480900.6694809086,1.6970544294404741,1.3828464311111102,2131.4091666666664,2245.679166666667,7626.0,1244.6067142857144
2015/1/6 0:00,596427.4383424554,1.7423961196031743,1.7826979947119554,3798.6479999999997,4048.9395238095235,13426.52067063492,1619.8012579365081
2015/1/13 0:00,596427.4383424554,1.7423961196031743,1.7826979947119554,3798.6479999999997,4048.9395238095235,13426.52067063492,1619.8012579365081
2015/1/20 0:00,596427.4383424554,1.7423961196031743,1.7826979947119554,3798.6479999999997,4048.9395238095235,13426.52067063492,1619.8012579365081
2015/1/27 0:00,489132.7997103879,2.5211898005880187,1.4111777800000005,5723.936333333334,3779.335,11164.0,1670.0495833333337
2015/2/3 0:00,596427.4383424554,1.7423961196031743,1.7826979947119554,3798.6479999999997,4048.9395238095235,13426.52067063492,1619.8012579365081
2015/2/10 0:00,772318.13,1.50165,1.3006520666666657,3338.1505000000006,3020.9899999999993,11467.83,2028.0
2015/2/17 0:00,596427.4383424554,1.7423961196031743,1.7826979947119554,3798.6479999999997,4048.9395238095235,13426.52067063492,1619.8012579365081
2015/2/24 0:00,588711.1440279164,1.753592979126984,1.582900125198413,3603.248,4073.0,12158.0,1720.7059484126987
2015/3/3 0:00,596427.4383424554,1.7423961196031743,1.7826979947119554,3798.6479999999997,4048.9395238095235,13426.52067063492,1619.8012579365081
2015/3/10 0:00,596427.4383424554,1.7423961196031743,1.7826979947119554,3798.6479999999997,4048.9395238095235,13426.52067063492,1619.8012579365081
2015/3/17 0:00,596427.4383424554,1.7423961196031743,1.7826979947119554,3798.6479999999997,4048.9395238095235,13426.52067063492,1619.8012579365081
2015/3/24 0:00,722006.59,1.4541393600169281,1.4408027597619044,3590.0133333333333,3896.043642857143,11175.638888888887,1978.0
2015/3/31 0:00,650356.0,2.40991,2.489783562500002,5700.0,4924.450666666666,38501.077901875906,1949.0
2015/4/7 0:00,787192.0,1.1571458595870805,1.98859,3004.179833333334,4494.0,12595.927581529584,1843.8921666666665
2015/4/14 0:00,396729.0921400259,1.929415882853174,1.98985,2687.245499999999,1991.7733333333335,9352.028333333332,1251.75
2015/4/21 0:00,777496.8,1.4802437773124109,1.3616485416666668,3157.77,3006.280333333334,11889.2,2008.0
2015/4/28 0:00,492801.36067595327,2.25112,3.092341560000001,5680.473666666666,5103.86,21644.033333333336,1721.3186071428574
2015/5/5 0:00,596427.4383424554,1.7423961196031743,1.7826979947119554,3798.6479999999997,4048.9395238095235,13426.52067063492,1619.8012579365081
2015/5/12 0:00,596427.4383424554,1.7423961196031743,1.7826979947119554,3798.6479999999997,4048.9395238095235,13426.52067063492,1619.8012579365081
2015/5/19 0:00,816098.0,1.4665460773124108,1.469022858333333,3088.82,4958.204000000001,17631.378833333332,1993.0
2015/5/26 0:00,495964.92618766613,3.15183,1.8623397533333355,5587.1125,7520.64125,17742.75183333334,1684.6972380952384
2015/6/2 0:00,596427.4383424554,1.7423961196031743,1.7826979947119554,3798.6479999999997,4048.9395238095235,13426.52067063492,1619.8012579365081
2015/6/9 0:00,312682.48640663386,1.7125043862500007,3.5918,2905.4358333333344,4058.8398809523806,16208.432142857146,1789.380666666667
2015/6/16 0:00,596427.4383424554,1.7423961196031743,1.7826979947119554,3798.6479999999997,4048.9395238095235,13426.52067063492,1619.8012579365081
2015/6/23 0:00,596427.4383424554,1.7423961196031743,1.7826979947119554,3798.6479999999997,4048.9395238095235,13426.52067063492,1619.8012579365081
2015/6/30 0:00,957850.0650525651,2.628070573611112,3.8371841100000013,5340.884666666668,6742.026666666668,19603.0,2294.845
2015/7/7 0:00,596427.4383424554,1.7423961196031743,1.7826979947119554,3798.6479999999997,4048.9395238095235,13426.52067063492,1619.8012579365081
2015/7/14 0:00,596427.4383424554,1.7423961196031743,1.7826979947119554,3798.6479999999997,4048.9395238095235,13426.52067063492,1619.8012579365081
2015/7/21 0:00,396729.0921400259,1.929415882853174,1.98957,2687.245499999999,1991.7733333333335,9352.028333333332,1251.75
2015/7/28 0:00,596427.4383424554,1.7423961196031743,1.7826979947119554,3798.6479999999997,4048.9395238095235,13426.52067063492,1619.8012579365081
2015/8/4 0:00,727569.7546843322,1.090305240910756,1.1357433000000006,1782.8012896825396,2940.543333333333,6550.988214285713,1742.0
2015/8/11 0:00,596427.4383424554,1.7423961196031743,1.7826979947119554,3798.6479999999997,4048.9395238095235,13426.52067063492,1619.8012579365081
2015/8/18 0:00,596427.4383424554,1.7423961196031743,1.7826979947119554,3798.6479999999997,4048.9395238095235,13426.52067063492,1619.8012579365081
2015/8/25 0:00,1049074.11,1.1763331400000012,1.7094763300000002,2612.0,5322.943666666667,14378.655857142858,1439.0
2015/9/1 0:00,596427.4383424554,1.7423961196031743,1.7826979947119554,3798.6479999999997,4048.9395238095235,13426.52067063492,1619.8012579365081
2015/9/8 0:00,462094.00875238486,1.0611881036309525,0.9606617595476186,1303.0199999999998,2313.0,6652.06,1321.5363809523813
2015/9/15 0:00,438239.25441146403,1.490558943496032,1.374896015833333,1732.9925,2174.5325,6768.0,1308.2066666666667
2015/9/22 0:00,596427.4383424554,1.7423961196031743,1.7826979947119554,3798.6479999999997,4048.9395238095235,13426.52067063492,1619.8012579365081
2015/9/29 0:00,412998.5663865416,1.892697920603174,1.6103857299999993,1990.497166666666,2193.7408333333333,5686.0,1229.71
2015/10/6 0:00,596427.4383424554,1.7423961196031743,1.7826979947119554,3798.6479999999997,4048.9395238095235,13426.52067063492,1619.8012579365081
2015/10/13 0:00,540676.4069754145,1.3091825733333335,0.843118,1970.7533333333333,2134.9750000000004,6504.91,1434.37
2015/10/20 0:00,596427.4383424554,1.7423961196031743,1.7826979947119554,3798.6479999999997,4048.9395238095235,13426.52067063492,1619.8012579365081
2015/10/27 0:00,596427.4383424554,1.7423961196031743,1.7826979947119554,3798.6479999999997,4048.9395238095235,13426.52067063492,1619.8012579365081
2015/11/3 0:00,278217.46,0.663501,0.9892610183333335,457.7891666666667,1126.9775,4596.0,950.6898095238096
2015/11/10 0:00,585923.0,1.0769007241666655,0.830826,1879.9133333333332,2728.5516666666663,5892.42,1329.0
2015/11/17 0:00,468103.09,0.710029,1.1267713660000014,1151.3976666666667,2162.4153333333334,6882.263333333333,1331.9475714285718
2015/11/24 0:00,428249.10681818187,1.7010719757142874,1.640420180158731,2146.5571666666665,2364.0,9674.751666666667,1356.0
2015/12/1 0:00,596427.4383424554,1.7423961196031743,1.7826979947119554,3798.6479999999997,4048.9395238095235,13426.52067063492,1619.8012579365081
2015/12/8 0:00,596427.4383424554,1.7423961196031743,1.7826979947119554,3798.6479999999997,4048.9395238095235,13426.52067063492,1619.8012579365081
2015/12/15 0:00,596427.4383424554,1.7423961196031743,1.7826979947119554,3798.6479999999997,4048.9395238095235,13426.52067063492,1619.8012579365081
2015/12/22 0:00,721088.3873707317,1.10163,1.1376717800000007,1782.8012896825396,2919.663333333333,6550.988214285713,1735.1530555555555
2015/12/29 0:00,596427.4383424554,1.7423961196031743,1.7826979947119554,3798.6479999999997,4048.9395238095235,13426.52067063492,1619.8012579365081
2016/1/5 0:00,596427.4383424554,1.7423961196031743,1.7826979947119554,3798.6479999999997,4048.9395238095235,13426.52067063492,1619.8012579365081
2016/1/12 0:00,747154.0025698238,1.2132011787859363,1.2724219500000005,3207.0,4078.0,10481.642805555555,1869.8319047619048
2016/1/19 0:00,596427.4383424554,1.7423961196031743,1.7826979947119554,3798.6479999999997,4048.9395238095235,13426.52067063492,1619.8012579365081
2016/1/26 0:00,596427.4383424554,1.7423961196031743,1.7826979947119554,3798.6479999999997,4048.9395238095235,13426.52067063492,1619.8012579365081
2016/2/2 0:00,777496.8,1.4802437773124109,1.3616485416666668,3157.77,3006.280333333334,11889.2,1999.0
2016/2/9 0:00,596427.4383424554,1.7423961196031743,1.7826979947119554,3798.6479999999997,4048.9395238095235,13426.52067063492,1619.8012579365081
2016/2/16 0:00,596427.4383424554,1.7423961196031743,1.7826979947119554,3798.6479999999997,4048.9395238095235,13426.52067063492,1619.8012579365081
2016/2/23 0:00,596427.4383424554,1.7423961196031743,1.7826979947119554,3798.6479999999997,4048.9395238095235,13426.52067063492,1619.8012579365081
2016/3/1 0:00,766859.6851732417,2.917347676767678,2.8795328249999996,5209.0,6285.7,25940.50866666667,2077.68
2016/3/8 0:00,596427.4383424554,1.7423961196031743,1.7826979947119554,3798.6479999999997,4048.9395238095235,13426.52067063492,1619.8012579365081
2016/3/15 0:00,764606.6651732416,2.917347676767678,2.8795328249999996,5744.0,5957.58,27134.50045238096,2104.86
2016/3/22 0:00,596427.4383424554,1.7423961196031743,1.7826979947119554,3798.6479999999997,4048.9395238095235,13426.52067063492,1619.8012579365081
2016/3/29 0:00,703017.3347094053,3.36832,3.2989157150000046,5517.161166666667,11227.386794733044,24900.0,2095.65
2016/4/5 0:00,596427.4383424554,1.7423961196031743,1.7826979947119554,3798.6479999999997,4048.9395238095235,13426.52067063492,1619.8012579365081
2016/4/12 0:00,596427.4383424554,1.7423961196031743,1.7826979947119554,3798.6479999999997,4048.9395238095235,13426.52067063492,1619.8012579365081
2016/4/19 0:00,845391.0,1.1571458595870805,1.8006062666666665,2678.46,4546.354047619047,13642.50790692641,1569.291666666667
2016/4/26 0:00,495964.92618766613,3.8027,2.6156193900000018,10609.760983470776,8731.308587662337,8595.123500000002,1490.9333333333334
2016/5/3 0:00,596427.4383424554,1.7423961196031743,1.7826979947119554,3798.6479999999997,4048.9395238095235,13426.52067063492,1619.8012579365081
2016/5/10 0:00,495964.92618766613,5.06308,2.6156193900000018,10022.32158661763,8731.308587662337,8527.490166666668,1490.9333333333334
2016/5/17 0:00,376448.3864066338,2.17005642125,4.65163,3293.4075,4329.137666666667,15965.50130952381,1879.54025
2016/5/24 0:00,596427.4383424554,1.7423961196031743,1.7826979947119554,3798.6479999999997,4048.9395238095235,13426.52067063492,1619.8012579365081
2016/5/31 0:00,816326.46,2.690886132539686,2.638037635,5176.3116190476185,6457.924,30183.0,1995.0
2016/6/7 0:00,596427.4383424554,1.7423961196031743,1.7826979947119554,3798.6479999999997,4048.9395238095235,13426.52067063492,1619.8012579365081
2016/6/14 0:00,567354.18,3.21511,3.16426,5779.460333333333,11103.504052308803,25484.0,1890.7182261904757
2016/6/21 0:00,821734.85,3.254390199999999,3.14433,4972.904166666666,11503.0,25273.687916666666,2148.39
2016/6/28 0:00,766859.6851732417,2.917347676767678,2.8795328249999996,5145.0,6285.7,25813.158666666666,2083.86
2016/7/5 0:00,596427.4383424554,1.7423961196031743,1.7826979947119554,3798.6479999999997,4048.9395238095235,13426.52067063492,1619.8012579365081
2016/7/12 0:00,957850.0650525651,1.207945016744368,1.721105346666667,2608.4,4602.478666666666,15548.0,1481.3366666666668
2016/7/19 0:00,596427.4383424554,1.7423961196031743,1.7826979947119554,3798.6479999999997,4048.9395238095235,13426.52067063492,1619.8012579365081
2016/7/26 0:00,596427.4383424554,1.7423961196031743,1.7826979947119554,3798.6479999999997,4048.9395238095235,13426.52067063492,1619.8012579365081
2016/8/2 0:00,781240.0,1.1571458595870805,1.2441696366666672,3482.1252380952383,3733.1664285714282,10402.728805555555,1898.5521547619046
2016/8/9 0:00,596427.4383424554,1.7423961196031743,1.7826979947119554,3798.6479999999997,4048.9395238095235,13426.52067063492,1619.8012579365081
2016/8/16 0:00,596427.4383424554,1.7423961196031743,1.7826979947119554,3798.6479999999997,4048.9395238095235,13426.52067063492,1619.8012579365081
2016/8/23 0:00,596427.4383424554,1.7423961196031743,1.7826979947119554,3798.6479999999997,4048.9395238095235,13426.52067063492,1619.8012579365081
2016/8/30 0:00,596427.4383424554,1.7423961196031743,1.7826979947119554,3798.6479999999997,4048.9395238095235,13426.52067063492,1619.8012579365081
2016/9/6 0:00,596427.4383424554,1.7423961196031743,1.7826979947119554,3798.6479999999997,4048.9395238095235,13426.52067063492,1619.8012579365081
2016/9/13 0:00,596427.4383424554,1.7423961196031743,1.7826979947119554,3798.6479999999997,4048.9395238095235,13426.52067063492,1619.8012579365081
2016/9/20 0:00,596427.4383424554,1.7423961196031743,1.7826979947119554,3798.6479999999997,4048.9395238095235,13426.52067063492,1619.8012579365081
2016/9/27 0:00,410666.25,1.8204153263333331,0.961603,1683.8541666666665,2179.5175,5596.0,1269.2133333333334
2016/10/4 0:00,600914.02,0.818998,1.0801207383333324,1993.7812142857144,2670.651666666666,6488.313928571429,1489.1620555555555
2016/10/11 0:00,450862.5,1.003272807142856,0.827597,1331.5866666666666,1578.0,5669.058000000001,1405.0
2016/10/18 0:00,596427.4383424554,1.7423961196031743,1.7826979947119554,3798.6479999999997,4048.9395238095235,13426.52067063492,1619.8012579365081
2016/10/25 0:00,596427.4383424554,1.7423961196031743,1.7826979947119554,3798.6479999999997,4048.9395238095235,13426.52067063492,1619.8012579365081
2016/11/1 0:00,596427.4383424554,1.7423961196031743,1.7826979947119554,3798.6479999999997,4048.9395238095235,13426.52067063492,1619.8012579365081
2016/11/8 0:00,354866.697098473,1.5871289599999998,1.6752349416666668,1639.3271666666667,1462.586214285714,4915.0,1091.52
2016/11/15 0:00,354866.697098473,1.5871289599999998,1.6752349416666668,1639.3271666666667,1462.586214285714,5230.0,1094.6
2016/11/22 0:00,596427.4383424554,1.7423961196031743,1.7826979947119554,3798.6479999999997,4048.9395238095235,13426.52067063492,1619.8012579365081
2016/11/29 0:00,596427.4383424554,1.7423961196031743,1.7826979947119554,3798.6479999999997,4048.9395238095235,13426.52067063492,1619.8012579365081
2016/12/6 0:00,970175.5567360265,1.0059143400000012,1.4532029950000007,2073.0,4382.8342142857155,8327.616007936507,1715.33
2016/12/13 0:00,495937.8543532451,4.12653621870952,2.6486644100000016,10022.32158661763,8947.06108766234,8304.0,1488.0533333333335
2016/12/20 0:00,498352.96234015346,4.12653621870952,2.82511523,10022.32158661763,10379.35330988456,8563.0,1484.0
2016/12/27 0:00,596427.4383424554,1.7423961196031743,1.7826979947119554,3798.6479999999997,4048.9395238095235,13426.52067063492,1619.8012579365081
2017/1/3 0:00,596427.4383424554,1.7423961196031743,1.7826979947119554,3798.6479999999997,4048.9395238095235,13426.52067063492,1619.8012579365081
2017/1/10 0:00,596427.4383424554,1.7423961196031743,1.7826979947119554,3798.6479999999997,4048.9395238095235,13426.52067063492,1619.8012579365081
2017/1/17 0:00,596427.4383424554,1.7423961196031743,1.7826979947119554,3798.6479999999997,4048.9395238095235,13426.52067063492,1619.8012579365081
2017/1/24 0:00,596427.4383424554,1.7423961196031743,1.7826979947119554,3798.6479999999997,4048.9395238095235,13426.52067063492,1619.8012579365081
2017/1/31 0:00,1023917.9663160506,1.207945016744368,1.9736956899999993,2757.11,6134.0,14137.9075,1585.0566666666668
2017/2/7 0:00,596427.4383424554,1.7423961196031743,1.7826979947119554,3798.6479999999997,4048.9395238095235,13426.52067063492,1619.8012579365081
2017/2/14 0:00,596427.4383424554,1.7423961196031743,1.7826979947119554,3798.6479999999997,4048.9395238095235,13426.52067063492,1619.8012579365081
2017/2/21 0:00,596427.4383424554,1.7423961196031743,1.7826979947119554,3798.6479999999997,4048.9395238095235,13426.52067063492,1619.8012579365081
2017/2/28 0:00,1048017.21,1.903156654545455,3.450170150892857,3334.196,7474.0,20202.743583333333,2279.0
2017/3/7 0:00,777496.8,1.4802437773124109,1.3616485416666668,3157.77,3006.280333333334,11765.28,2272.0
2017/3/14 0:00,596427.4383424554,1.7423961196031743,1.7826979947119554,3798.6479999999997,4048.9395238095235,13426.52067063492,1619.8012579365081
2017/3/21 0:00,1023917.9663160506,3.2880879384615356,4.3368903400000045,4872.0886666666665,14166.0,21120.479154761902,2326.22
2017/3/28 0:00,495964.92618766613,5.70943,2.6156193900000018,9751.705901413945,8731.308587662337,8566.623500000002,1490.9333333333334
2017/4/4 0:00,764606.6651732416,4.219085054545457,3.663957415000001,9410.0,11306.439143217893,17170.439202380952,2277.1319642857143
2017/4/11 0:00,729198.6553896222,2.577561276562884,2.5517046716666676,5549.673904761905,5277.774,56761.0,2073.875
2017/4/18 0:00,596427.4383424554,1.7423961196031743,1.7826979947119554,3798.6479999999997,4048.9395238095235,13426.52067063492,1619.8012579365081
2017/4/25 0:00,596427.4383424554,1.7423961196031743,1.7826979947119554,3798.6479999999997,4048.9395238095235,13426.52067063492,1619.8012579365081
2017/5/2 0:00,596427.4383424554,1.7423961196031743,1.7826979947119554,3798.6479999999997,4048.9395238095235,13426.52067063492,1619.8012579365081
2017/5/9 0:00,596427.4383424554,1.7423961196031743,1.7826979947119554,3798.6479999999997,4048.9395238095235,13426.52067063492,1619.8012579365081
2017/5/16 0:00,777496.8,1.4802437773124109,1.3616485416666668,3157.77,3006.280333333334,11765.28,2227.0
2017/5/23 0:00,729198.6553896222,2.577561276562884,2.5517046716666676,5549.673904761905,5277.774,53025.0,2073.875
2017/5/30 0:00,596427.4383424554,1.7423961196031743,1.7826979947119554,3798.6479999999997,4048.9395238095235,13426.52067063492,1619.8012579365081
2017/6/6 0:00,311903.0997232966,1.7125043862500007,3.00518,2947.6858333333344,3975.8498809523803,17166.142142857145,1733.92625
2017/6/13 0:00,816326.46,2.690886132539686,2.9601344,5151.424952380952,7095.9,25938.0,2201.0
2017/6/20 0:00,764606.6651732416,2.917347676767678,2.8795328249999996,5223.0,6285.7,25940.50866666667,2077.68
2017/6/27 0:00,875658.0,1.6520661578699076,2.137147939999999,4721.0,5421.289944444445,17762.788833333336,2428.275083333333
2017/7/4 0:00,1023917.9663160506,1.207945016744368,1.9736956899999993,2757.11,6218.0,14137.9075,1585.0566666666668
2017/7/11 0:00,596427.4383424554,1.7423961196031743,1.7826979947119554,3798.6479999999997,4048.9395238095235,13426.52067063492,1619.8012579365081
2017/7/18 0:00,777496.8,1.4802437773124109,1.3616485416666668,3157.77,3006.280333333334,11765.28,2112.0
2017/7/25 0:00,596427.4383424554,1.7423961196031743,1.7826979947119554,3798.6479999999997,4048.9395238095235,13426.52067063492,1619.8012579365081
2017/8/1 0:00,777496.8,1.4802437773124109,1.3616485416666668,3157.77,3006.280333333334,13291.0,2018.0
2017/8/8 0:00,596427.4383424554,1.7423961196031743,1.7826979947119554,3798.6479999999997,4048.9395238095235,13426.52067063492,1619.8012579365081
2017/8/15 0:00,596427.4383424554,1.7423961196031743,1.7826979947119554,3798.6479999999997,4048.9395238095235,13426.52067063492,1619.8012579365081
2017/8/22 0:00,744125.97,1.5066590183358308,1.23235,3770.55,3429.0,11196.176666666668,1896.0
2017/8/29 0:00,785606.0,1.14131,1.3152168366666674,2284.035908730159,3651.5429999999997,8885.784936507936,1755.4859047619047
2017/9/5 0:00,582735.2269754146,1.120850210238094,1.0473,1903.0283333333332,2795.336666666666,5723.74,1458.5773333333327
2017/9/12 0:00,596427.4383424554,1.7423961196031743,1.7826979947119554,3798.6479999999997,4048.9395238095235,13426.52067063492,1619.8012579365081
2017/9/19 0:00,596427.4383424554,1.7423961196031743,1.7826979947119554,3798.6479999999997,4048.9395238095235,13426.52067063492,1619.8012579365081
2017/9/26 0:00,596427.4383424554,1.7423961196031743,1.7826979947119554,3798.6479999999997,4048.9395238095235,13426.52067063492,1619.8012579365081
2017/10/3 0:00,760130.0,1.2798499522638485,1.1253400500000006,3556.2661666666663,1862.0,7712.274269230768,1820.1296666666665
2017/10/10 0:00,596427.4383424554,1.7423961196031743,1.7826979947119554,3798.6479999999997,4048.9395238095235,13426.52067063492,1619.8012579365081
2017/10/17 0:00,596427.4383424554,1.7423961196031743,1.7826979947119554,3798.6479999999997,4048.9395238095235,13426.52067063492,1619.8012579365081
2017/10/24 0:00,596427.4383424554,1.7423961196031743,1.7826979947119554,3798.6479999999997,4048.9395238095235,13426.52067063492,1619.8012579365081
2017/10/31 0:00,596427.4383424554,1.7423961196031743,1.7826979947119554,3798.6479999999997,4048.9395238095235,13426.52067063492,1619.8012579365081
2017/11/7 0:00,468103.09,0.705637,1.1267713660000014,1151.3976666666667,2162.4153333333334,6882.263333333333,1331.9475714285718
2017/11/14 0:00,596427.4383424554,1.7423961196031743,1.7826979947119554,3798.6479999999997,4048.9395238095235,13426.52067063492,1619.8012579365081
2017/11/21 0:00,775731.0,0.822659,1.0910466949999995,2239.0,2927.796666666666,7867.169047619047,1738.1703888888887
2017/11/28 0:00,600914.02,0.859864,1.0917184616666658,1992.5534365079368,2638.131666666666,6488.313928571429,1492.0087222222223
2017/12/5 0:00,835027.0,1.1571458595870805,1.3563989066666673,2829.470595238096,4229.334944444444,10272.810722222224,1779.8704880952382
2017/12/12 0:00,1009959.3546124886,1.241034900000001,1.7142779800000003,2773.0,4946.528039682539,13506.808753968256,1589.206666666667
2017/12/19 0:00,596427.4383424554,1.7423961196031743,1.7826979947119554,3798.6479999999997,4048.9395238095235,13426.52067063492,1619.8012579365081
2017/12/26 0:00,596427.4383424554,1.7423961196031743,1.7826979947119554,3798.6479999999997,4048.9395238095235,13426.52067063492,1619.8012579365081
2018/1/2 0:00,596427.4383424554,1.7423961196031743,1.7826979947119554,3798.6479999999997,4048.9395238095235,13426.52067063492,1619.8012579365081
2018/1/9 0:00,596427.4383424554,1.7423961196031743,1.7826979947119554,3798.6479999999997,4048.9395238095235,13426.52067063492,1619.8012579365081
2018/1/16 0:00,1059057.4256185498,2.9993136670454543,4.026911880000002,5589.0,6802.0,22764.542857142853,2338.58
2018/1/23 0:00,596427.4383424554,1.7423961196031743,1.72208,3800.8379999999997,4014.619523809524,13361.62767063492,1619.8012579365081
2018/1/30 0:00,596427.4383424554,1.7423961196031743,1.7826979947119554,3798.6479999999997,4048.9395238095235,13426.52067063492,1619.8012579365081
2018/2/6 0:00,1023917.9663160506,1.86871,3.465482817559524,3356.402666666667,8451.0,19604.37816666667,2621.85
2018/2/13 0:00,729198.6553896222,2.5882859765628843,2.5796785716666677,5549.673904761905,5287.974,24419.0,2078.755
2018/2/20 0:00,1026187.0,1.207945016744368,1.721105346666667,2631.11,5350.555095238095,14815.397285714287,1582.0866666666668
2018/2/27 0:00,777496.8,1.5563599759740274,1.5894040405128202,3152.2046666666665,4460.487666666667,12286.528555555555,2666.0
2018/3/6 0:00,764606.6651732416,4.219085054545457,3.663957415000001,8809.0,11306.439143217893,17170.439202380952,2277.1319642857143
2018/3/13 0:00,546886.0,2.9876268500000007,2.73181,6647.992666666667,4999.065,33113.0,1888.432488095238
2018/3/20 0:00,311903.0997232966,1.7125043862500007,3.24012,2947.6858333333344,4105.11988095238,17140.802142857145,1737.6066666666668
2018/3/27 0:00,596427.4383424554,1.7423961196031743,1.7826979947119554,3798.6479999999997,4048.9395238095235,13426.52067063492,1619.8012579365081
2018/4/3 0:00,596427.4383424554,1.7423961196031743,1.7826979947119554,3798.6479999999997,4048.9395238095235,13426.52067063492,1619.8012579365081
2018/4/10 0:00,1023917.9663160506,3.2880879384615356,4.3368903400000045,4872.0886666666665,10758.0,21136.699154761904,2326.22
2018/4/17 0:00,495964.92618766613,3.3258,2.185937953333335,6339.7570000000005,7605.315254329004,17263.55141666667,1682.3709880952383
2018/4/24 0:00,596427.4383424554,1.7423961196031743,1.7826979947119554,3798.6479999999997,4048.9395238095235,13426.52067063492,1619.8012579365081
2018/5/1 0:00,596427.4383424554,1.7423961196031743,1.7826979947119554,3798.6479999999997,4048.9395238095235,13426.52067063492,1619.8012579365081
2018/5/8 0:00,850657.62,3.254390199999999,5.20091,4848.860333333333,29772.0,23169.106154761903,2282.97
2018/5/15 0:00,596427.4383424554,1.7423961196031743,1.7826979947119554,3798.6479999999997,4048.9395238095235,13426.52067063492,1619.8012579365081
2018/5/22 0:00,1260932.0,1.1964717282828297,1.721105346666667,2610.86,5327.827666666667,15301.186214285714,1638.3566666666668
2018/5/29 0:00,596427.4383424554,1.7423961196031743,1.7826979947119554,3798.6479999999997,4048.9395238095235,13426.52067063492,1619.8012579365081
2018/6/5 0:00,729198.6553896222,2.577561276562884,2.5517046716666676,5549.673904761905,5277.774,55431.0,2073.875
2018/6/12 0:00,535753.28,2.208437496666668,4.12777,5700.234166666666,5053.355,25478.840833333332,2646.0
2018/6/19 0:00,764606.6651732416,4.219085054545457,3.663957415000001,9721.0,11306.439143217893,17170.439202380952,2277.1319642857143
2018/6/26 0:00,495964.92618766613,3.08559,1.7042507233333353,5699.014166666668,5317.369166666667,18102.04041666667,1679.3562380952383
2018/7/3 0:00,596427.4383424554,1.7423961196031743,1.7826979947119554,3798.6479999999997,4048.9395238095235,13426.52067063492,1619.8012579365081
2018/7/10 0:00,729198.6553896222,2.577561276562884,2.5688033716666676,5549.673904761905,5271.134,27854.0,2085.595
2018/7/17 0:00,596427.4383424554,1.7423961196031743,1.7826979947119554,3798.6479999999997,4048.9395238095235,13426.52067063492,1619.8012579365081
2018/7/24 0:00,957850.0650525651,2.628070573611112,3.8371841100000013,5340.884666666668,6742.026666666668,20610.0,2277.72
2018/7/31 0:00,957850.0650525651,2.5513928561868706,3.8351446666666686,5340.884666666668,6666.446666666668,18864.0,2281.0832142857143
2018/8/7 0:00,596427.4383424554,1.7423961196031743,1.7826979947119554,3798.6479999999997,4048.9395238095235,13426.52067063492,1619.8012579365081
2018/8/14 0:00,1023917.9663160506,1.207945016744368,1.9736956899999993,2748.43,5530.0,13610.665500000001,1560.2866666666669
2018/8/21 0:00,1123869.0,1.1964717282828297,1.721105346666667,2610.86,5295.5176666666675,15763.0,1638.3566666666668
2018/8/28 0:00,596427.4383424554,1.7423961196031743,1.7826979947119554,3798.6479999999997,4048.9395238095235,13426.52067063492,1619.8012579365081
2018/9/4 0:00,596427.4383424554,1.7423961196031743,1.7826979947119554,3798.6479999999997,4048.9395238095235,13426.52067063492,1619.8012579365081
2018/9/11 0:00,652596.532677265,1.3812993681818182,1.428584682380952,3493.146666666667,3741.0,11241.806853174603,1960.5366666666669
2018/9/18 0:00,596427.4383424554,1.7423961196031743,1.7826979947119554,3798.6479999999997,4048.9395238095235,13426.52067063492,1619.8012579365081
2018/9/25 0:00,596427.4383424554,1.7423961196031743,1.7826979947119554,3798.6479999999997,4048.9395238095235,13426.52067063492,1619.8012579365081
2018/10/2 0:00,777496.8,1.4802437773124109,1.3616485416666668,3157.77,3006.280333333334,11765.28,2154.0
2018/10/9 0:00,1060841.0,1.0847199900000015,1.5255742300000015,2346.0,5203.490166666667,12660.835214285713,1837.7166666666665
2018/10/16 0:00,705315.67,1.4627331600169282,1.3476224705555557,3554.983333333333,2368.1911666666665,8116.0,2154.0
2018/10/23 0:00,879709.0,1.1195607400000005,0.748613,2138.0,2466.0,7474.779047619048,1694.904
2018/10/30 0:00,596427.4383424554,1.7423961196031743,1.7826979947119554,3798.6479999999997,4048.9395238095235,13426.52067063492,1619.8012579365081
2018/11/6 0:00,596427.4383424554,1.7423961196031743,1.7826979947119554,3798.6479999999997,4048.9395238095235,13426.52067063492,1619.8012579365081
2018/11/13 0:00,468103.09,0.729672,1.1267713660000014,1151.3976666666667,2162.4153333333334,6882.263333333333,1331.9475714285718
2018/11/20 0:00,596427.4383424554,1.7423961196031743,1.7826979947119554,3798.6479999999997,4048.9395238095235,13426.52067063492,1619.8012579365081
2018/11/27 0:00,596427.4383424554,1.7423961196031743,1.7826979947119554,3798.6479999999997,4048.9395238095235,13426.52067063492,1619.8012579365081
2018/12/4 0:00,721088.3873707317,1.1354,1.1555330700000008,2222.28828968254,2996.66,7946.519047619047,1741.3830555555555
2018/12/11 0:00,1166071.0,1.1964717282828297,1.9736956899999993,2730.68,5502.0,14271.585500000001,1624.756666666667
2018/12/18 0:00,596427.4383424554,1.7423961196031743,1.7826979947119554,3798.6479999999997,4048.9395238095235,13426.52067063492,1619.8012579365081
2018/12/25 0:00,596427.4383424554,1.7423961196031743,1.7826979947119554,3798.6479999999997,4048.9395238095235,13426.52067063492,1619.8012579365081
2019/1/1 0:00,764606.6651732416,4.219085054545457,3.663957415000001,6219.0,11331.01096139971,21266.27777380952,2305.39
2019/1/8 0:00,596427.4383424554,1.7423961196031743,1.7826979947119554,3798.6479999999997,4048.9395238095235,13426.52067063492,1619.8012579365081
2019/1/15 0:00,596427.4383424554,1.72572,1.698257971577035,3795.018,4015.6895238095235,12954.54892063492,1635.6079246031745
2019/1/22 0:00,1048017.21,1.83419,3.4560542946428567,3346.5026666666668,9349.0,19821.048166666667,2997.0
2019/1/29 0:00,596427.4383424554,1.7423961196031743,1.7826979947119554,3798.6479999999997,4048.9395238095235,13426.52067063492,1619.8012579365081
2019/2/5 0:00,596427.4383424554,1.7423961196031743,1.7826979947119554,3798.6479999999997,4048.9395238095235,13426.52067063492,1619.8012579365081
2019/2/12 0:00,596427.4383424554,1.7423961196031743,1.7826979947119554,3798.6479999999997,4048.9395238095235,13426.52067063492,1619.8012579365081
2019/2/19 0:00,596427.4383424554,1.7423961196031743,1.7826979947119554,3798.6479999999997,4048.9395238095235,13426.52067063492,1619.8012579365081
2019/2/26 0:00,596427.4383424554,1.7423961196031743,1.7826979947119554,3798.6479999999997,4048.9395238095235,13426.52067063492,1619.8012579365081
2019/3/5 0:00,596427.4383424554,1.7423961196031743,1.7826979947119554,3798.6479999999997,4048.9395238095235,13426.52067063492,1619.8012579365081
2019/3/12 0:00,596427.4383424554,1.7423961196031743,1.7826979947119554,3798.6479999999997,4048.9395238095235,13426.52067063492,1619.8012579365081
2019/3/19 0:00,596427.4383424554,1.7423961196031743,1.7826979947119554,3798.6479999999997,4048.9395238095235,13426.52067063492,1619.8012579365081
2019/3/26 0:00,596427.4383424554,1.7423961196031743,1.7826979947119554,3798.6479999999997,4048.9395238095235,13426.52067063492,1619.8012579365081
2019/4/2 0:00,596427.4383424554,1.7423961196031743,1.7826979947119554,3798.6479999999997,4048.9395238095235,13426.52067063492,1619.8012579365081
2019/4/9 0:00,596427.4383424554,1.7423961196031743,1.7826979947119554,3798.6479999999997,4048.9395238095235,13426.52067063492,1619.8012579365081
2019/4/16 0:00,777496.8,1.5729791759740268,1.5802500405128201,3221.9846666666663,4208.996,12287.288555555555,2995.0
2019/4/23 0:00,596427.4383424554,1.7423961196031743,1.7826979947119554,3798.6479999999997,4048.9395238095235,13426.52067063492,1619.8012579365081
2019/4/30 0:00,596427.4383424554,1.7423961196031743,1.7826979947119554,3798.6479999999997,4048.9395238095235,13426.52067063492,1619.8012579365081
2019/5/7 0:00,473192.64027027023,3.5024738410119056,7.08558,20270.0,19406.118325757576,13648.696583333334,1905.3768333333333
2019/5/14 0:00,495964.92618766613,6.11292,2.6156193900000018,9751.705901413945,8731.308587662337,8566.623500000002,1490.9333333333334
2019/5/21 0:00,777496.8,1.5729791759740268,1.5802500405128201,3221.9846666666663,4208.996,12287.288555555555,2984.0
2019/5/28 0:00,596427.4383424554,1.7423961196031743,1.7826979947119554,3798.6479999999997,4048.9395238095235,13426.52067063492,1619.8012579365081
2019/6/4 0:00,596427.4383424554,1.7423961196031743,1.7826979947119554,3798.6479999999997,4048.9395238095235,13426.52067063492,1619.8012579365081
2019/6/11 0:00,596427.4383424554,1.7423961196031743,1.7826979947119554,3798.6479999999997,4048.9395238095235,13426.52067063492,1619.8012579365081
2019/6/18 0:00,777496.8,1.5729791759740268,1.5802500405128201,3221.9846666666663,4208.996,12287.288555555555,2810.0
2019/6/25 0:00,853431.0,1.1571458595870805,1.7505088966666673,2710.03,4616.057380952381,18911.593833333332,1540.696666666667
2019/7/2 0:00,855553.9,1.9431619314285709,4.82995,2359.0,7271.103333333333,21088.267749999995,2516.0104166666665
2019/7/9 0:00,596427.4383424554,1.7423961196031743,1.7826979947119554,3798.6479999999997,4048.9395238095235,13426.52067063492,1619.8012579365081
2019/7/16 0:00,524913.3703517817,2.12907,1.5060004545357146,2641.2375,2654.868523809523,9406.55630952381,1520.5683809523807
2019/7/23 0:00,596427.4383424554,1.7423961196031743,1.7826979947119554,3798.6479999999997,4048.9395238095235,13426.52067063492,1619.8012579365081
2019/7/30 0:00,481197.81,1.7343906122738073,1.7309902933809531,2150.4471666666664,2098.0,12821.0,1439.6736904761906
2019/8/6 0:00,596427.4383424554,1.7423961196031743,1.7826979947119554,3798.6479999999997,4048.9395238095235,13426.52067063492,1619.8012579365081
2019/8/13 0:00,497537.329710388,4.12653621870952,2.8317630299999994,10022.32158661763,10379.35330988456,10480.0,1700.9607500000002
2019/8/20 0:00,596427.4383424554,1.7423961196031743,1.7826979947119554,3798.6479999999997,4048.9395238095235,13426.52067063492,1619.8012579365081
2019/8/27 0:00,312866.08,0.889878,1.1413312885173168,805.0,1893.0,9605.0,2946.0
2019/9/3 0:00,596427.4383424554,1.7423961196031743,1.7826979947119554,3798.6479999999997,4048.9395238095235,13426.52067063492,1619.8012579365081
2019/9/10 0:00,596427.4383424554,1.7423961196031743,1.7826979947119554,3798.6479999999997,4048.9395238095235,13426.52067063492,1619.8012579365081
2019/9/17 0:00,256917.34,0.929189,1.271711455833334,1005.0,1229.1133333333335,3084.82,936.807
2019/9/24 0:00,596427.4383424554,1.7423961196031743,1.7826979947119554,3798.6479999999997,4048.9395238095235,13426.52067063492,1619.8012579365081
2019/10/1 0:00,623115.282452373,1.354146386666667,1.2372559225000004,3782.1274999999996,3965.0,11027.418686507935,1679.6738293650792
2019/10/8 0:00,821199.7777022102,0.9470493900000011,1.3495216000000008,1544.0,3702.6100000000006,7749.224103174603,1733.354
2019/10/15 0:00,596427.4383424554,1.7423961196031743,1.7826979947119554,3798.6479999999997,4048.9395238095235,13426.52067063492,1619.8012579365081
2019/10/22 0:00,653000.602677265,1.3705346681818182,1.417519682380952,3493.146666666667,3554.0,11275.830186507934,1944.416666666667
2019/10/29 0:00,590294.8669754146,1.6988727844841267,1.1519,3876.671666666667,2890.6326190476193,9349.448607142858,1539.0796984126987
2019/11/5 0:00,615453.098490566,1.3322419462261907,1.05776,3435.494166666667,3268.0,10889.631964285714,1719.9966626984128
2019/11/12 0:00,596427.4383424554,1.7423961196031743,1.7826979947119554,3798.6479999999997,4048.9395238095235,13426.52067063492,1619.8012579365081
2019/11/19 0:00,596427.4383424554,1.7423961196031743,1.7826979947119554,3798.6479999999997,4048.9395238095235,13426.52067063492,1619.8012579365081
2019/11/26 0:00,596427.4383424554,1.7423961196031743,1.7826979947119554,3798.6479999999997,4048.9395238095235,13426.52067063492,1619.8012579365081
2019/12/3 0:00,596427.4383424554,1.7423961196031743,1.7826979947119554,3798.6479999999997,4048.9395238095235,13426.52067063492,1619.8012579365081
2019/12/10 0:00,596427.4383424554,1.7423961196031743,1.7826979947119554,3798.6479999999997,4048.9395238095235,13426.52067063492,1619.8012579365081
2019/12/17 0:00,596427.4383424554,1.7423961196031743,1.7826979947119554,3798.6479999999997,4048.9395238095235,13426.52067063492,1619.8012579365081
2019/12/24 0:00,596427.4383424554,1.7423961196031743,1.7826979947119554,3798.6479999999997,4048.9395238095235,13426.52067063492,1619.8012579365081
2019/12/31 0:00,957850.0650525651,1.207945016744368,1.721105346666667,2608.4,4602.478666666666,16493.0,1496.2866666666669
2020/1/7 0:00,596427.4383424554,1.7423961196031743,1.7826979947119554,3798.6479999999997,4048.9395238095235,13426.52067063492,1619.8012579365081
2020/1/14 0:00,982210.6913423092,1.207945016744368,1.9905892899999988,2731.0,4611.0,17233.0,1560.7766666666669
2020/1/21 0:00,596427.4383424554,1.7423961196031743,1.7826979947119554,3798.6479999999997,4048.9395238095235,13426.52067063492,1619.8012579365081
2020/1/28 0:00,1563623.0,1.1964717282828297,1.721105346666667,2610.86,5327.827666666667,15301.186214285714,1638.3566666666668
2020/2/4 0:00,596427.4383424554,1.7423961196031743,1.7826979947119554,3798.6479999999997,4048.9395238095235,13426.52067063492,1619.8012579365081
2020/2/11 0:00,596427.4383424554,1.7423961196031743,1.7826979947119554,3798.6479999999997,4048.9395238095235,13426.52067063492,1619.8012579365081
2020/2/18 0:00,772318.13,1.55053,1.3607853205128193,3385.167,3018.407,11672.93,3362.0
2020/2/25 0:00,1066203.4467360266,1.1763331400000012,1.7068519000000004,2483.0,5283.0261666666665,14006.045714285714,1770.8666666666666
2020/3/3 0:00,566996.0184037237,1.3847650499999984,1.44898,3400.048333333333,2770.1943333333334,9023.967833333334,1481.025
2020/3/10 0:00,596427.4383424554,1.7423961196031743,1.7826979947119554,3798.6479999999997,4048.9395238095235,13426.52067063492,1619.8012579365081
2020/3/17 0:00,996845.8255844157,1.2707008400000008,1.6684743825000004,2482.0,4278.0,11807.338891053392,1750.3899166666667
2020/3/24 0:00,1207241.0467360266,1.0847199900000015,1.5255742300000015,2323.0,5198.2941666666675,12660.835214285713,1837.7166666666665
2020/3/31 0:00,1457151.0,1.1964717282828297,1.721105346666667,2610.86,5327.827666666667,15301.186214285714,1638.3566666666668
2020/4/7 0:00,596427.4383424554,1.7423961196031743,1.7826979947119554,3798.6479999999997,4048.9395238095235,13426.52067063492,1619.8012579365081
2020/4/14 0:00,1517183.0,1.1964717282828297,1.721105346666667,2610.86,5327.827666666667,15301.186214285714,1638.3566666666668
2020/4/21 0:00,596427.4383424554,1.7423961196031743,1.7826979947119554,3798.6479999999997,4048.9395238095235,13426.52067063492,1619.8012579365081
2020/4/28 0:00,596427.4383424554,1.7423961196031743,1.7826979947119554,3798.6479999999997,4048.9395238095235,13426.52067063492,1619.8012579365081
2020/5/5 0:00,596427.4383424554,1.7423961196031743,1.7826979947119554,3798.6479999999997,4048.9395238095235,13426.52067063492,1619.8012579365081
2020/5/12 0:00,1058441.26,1.586384560000002,2.4353780599999983,2554.0,6772.497095238094,25642.68522330447,3260.0
2020/5/19 0:00,1381381.0,1.0847199900000015,1.5255742300000015,2317.0,5198.2941666666675,12660.835214285713,1837.7166666666665
2020/5/26 0:00,596427.4383424554,1.7423961196031743,1.7826979947119554,3798.6479999999997,4048.9395238095235,13426.52067063492,1619.8012579365081
2020/6/2 0:00,596427.4383424554,1.7423961196031743,1.7826979947119554,3798.6479999999997,4048.9395238095235,13426.52067063492,1619.8012579365081
2020/6/9 0:00,596427.4383424554,1.7423961196031743,1.7826979947119554,3798.6479999999997,4048.9395238095235,13426.52067063492,1619.8012579365081
2020/6/16 0:00,777869.58,1.6126595214285724,1.4909760071794864,3264.87,3796.0,12018.078055555556,3177.0
2020/6/23 0:00,596427.4383424554,1.7423961196031743,1.7826979947119554,3798.6479999999997,4048.9395238095235,13426.52067063492,1619.8012579365081
2020/6/30 0:00,596427.4383424554,1.7423961196031743,1.7826979947119554,3798.6479999999997,4048.9395238095235,13426.52067063492,1619.8012579365081
