date,OT,WEIGHTED_ILI,UNWEIGHTED_ILI,AGE_0_TO_4,AGE_5_TO_24,ILITOTAL,NUM_OF_PROVIDERS
2002/1/1 0:00,278993.0371785714,0.7454723169126987,0.8045481157976191,582.0,1158.3661746031746,3643.473674603173,820.8264047619047
2002/1/8 0:00,744492.1743621937,1.33344,1.2766356826406928,2712.947617965368,3293.078293650793,7618.127992063491,1849.5542063492064
2002/1/15 0:00,543471.2865927131,1.6666648393001446,1.896789990515873,4165.741059523811,4092.870055555555,11777.244678571427,1628.7415357142859
2002/1/22 0:00,563328.4889325397,1.49484,1.25246,3572.6232182539698,2934.669904761904,7468.501392857143,1536.6516984126977
2002/1/29 0:00,543471.2865927131,1.6666648393001446,1.896789990515873,4165.741059523811,4092.870055555555,11777.244678571427,1628.7415357142859
2002/2/5 0:00,543185.6246482686,1.58094,1.9140499623809526,3924.035559523811,4056.015416666666,11802.711749999995,1628.7415357142859
2002/2/12 0:00,543471.2865927131,1.6666648393001446,1.896789990515873,4165.741059523811,4092.870055555555,11777.244678571427,1628.7415357142859
2002/2/19 0:00,562369.2695158732,1.4614090809920635,1.32563,3572.6232182539698,2931.720238095237,7608.382130952383,1515.247626984126
2002/2/26 0:00,543471.2865927131,1.6666648393001446,1.896789990515873,4165.741059523811,4092.870055555555,11777.244678571427,1628.7415357142859
2002/3/5 0:00,543471.2865927131,1.6666648393001446,1.896789990515873,4165.741059523811,4092.870055555555,11777.244678571427,1628.7415357142859
2002/3/12 0:00,262787.09746428573,1.59896,1.9810026988888891,3643.449043650795,1179.0,11358.91984126984,1020.6360238095239
2002/3/19 0:00,216179.0,0.6884778398373019,0.8082913463809525,387.59956349206345,554.8566984126983,1735.0773412698418,583.3894206349207
2002/3/26 0:00,144287.0,0.5428973016944445,0.812192285047619,374.82042063492065,296.58760317460315,774.7589285714284,427.18614754689753
2002/4/2 0:00,543471.2865927131,1.6666648393001446,1.896789990515873,4165.741059523811,4092.870055555555,11777.244678571427,1628.7415357142859
2002/4/9 0:00,703644.6749119768,1.73621,1.9467414988888883,4150.9680793650805,4583.551963924963,14055.874611111109,1978.6910129870128
2002/4/16 0:00,379837.9409285713,1.0225656976558442,0.9859371924467201,1154.0,1803.0228968253969,5060.587441558441,1221.0757481962482
2002/4/23 0:00,543471.2865927131,1.6666648393001446,1.896789990515873,4165.741059523811,4092.870055555555,11777.244678571427,1628.7415357142859
2002/4/30 0:00,543471.2865927131,1.6666648393001446,1.896789990515873,4165.741059523811,4092.870055555555,11777.244678571427,1628.7415357142859
2002/5/7 0:00,479112.33345382405,2.365695136547619,3.16662,7588.279273809524,7499.797365079365,26028.533075396823,1600.2751904761906
2002/5/14 0:00,253656.0,2.3758473294841274,3.0155,7399.374055555556,3367.208408730158,18800.653749999998,1396.5684999999999
2002/5/21 0:00,810411.3535923521,1.169026998690476,1.5448734158730162,1694.0,3689.0,10124.019706349209,2104.4961904761903
2002/5/28 0:00,543471.2865927131,1.6666648393001446,1.896789990515873,4165.741059523811,4092.870055555555,11777.244678571427,1628.7415357142859
2002/6/4 0:00,228549.0,1.214335705690476,1.94707,2123.4634159451657,1292.1830357142856,11352.898638888892,1011.7737500000003
2002/6/11 0:00,543471.2865927131,1.6666648393001446,1.896789990515873,4165.741059523811,4092.870055555555,11777.244678571427,1628.7415357142859
2002/6/18 0:00,810086.4716421359,1.427956480515873,1.51837,3129.7274437229435,4171.7257698412695,11106.235416666668,2044.5701096681098
2002/6/25 0:00,315896.1176666667,0.7454723169126987,0.7986845157976192,624.0,1328.593353174603,3786.8447424242413,850.2669880952382
2002/7/2 0:00,543471.2865927131,1.6666648393001446,1.896789990515873,4165.741059523811,4092.870055555555,11777.244678571427,1628.7415357142859
2002/7/9 0:00,578414.9233257578,1.1417117641666665,1.07108,2177.7858066378067,2967.659128427129,6597.017126984126,1540.6738888888879
2002/7/16 0:00,580447.4288257577,0.910135,0.82612,1564.30155952381,2426.367187950938,5723.1850198412685,1431.906007936508
2002/7/23 0:00,543471.2865927131,1.6666648393001446,1.896789990515873,4165.741059523811,4092.870055555555,11777.244678571427,1628.7415357142859
2002/7/30 0:00,543471.2865927131,1.6666648393001446,1.896789990515873,4165.741059523811,4092.870055555555,11777.244678571427,1628.7415357142859
2002/8/6 0:00,579208.7614924244,0.8025313626785713,0.63935,1744.6865952380956,2445.234021284272,5931.344984126983,1435.3359365079366
2002/8/13 0:00,298063.67769841274,0.6793259103373017,0.8053145413809524,248.0,1105.8132380952381,2811.5724285714277,759.8963888888889
2002/8/20 0:00,74372.81165107116,0.4776429055238098,0.812192285047619,374.82042063492065,283.19560317460315,587.9573214285714,406.0
2002/8/27 0:00,543471.2865927131,1.6666648393001446,1.896789990515873,4165.741059523811,4092.870055555555,11777.244678571427,1628.7415357142859
2002/9/3 0:00,543471.2865927131,1.6666648393001446,1.896789990515873,4165.741059523811,4092.870055555555,11777.244678571427,1628.7415357142859
2002/9/10 0:00,543471.2865927131,1.6666648393001446,1.896789990515873,4165.741059523811,4092.870055555555,11777.244678571427,1628.7415357142859
2002/9/17 0:00,543471.2865927131,1.6666648393001446,1.896789990515873,4165.741059523811,4092.870055555555,11777.244678571427,1628.7415357142859
2002/9/24 0:00,71593.0,0.4776429055238098,0.812192285047619,374.82042063492065,124.0,587.9573214285714,415.2722308802308
2002/10/1 0:00,64699.0,0.4776429055238098,0.812192285047619,374.82042063492065,283.19560317460315,318.0,415.2722308802308
2002/10/8 0:00,74372.81165107116,0.4776429055238098,0.812192285047619,374.82042063492065,141.0,587.9573214285714,415.2722308802308
2002/10/15 0:00,543471.2865927131,1.6666648393001446,1.896789990515873,4165.741059523811,4092.870055555555,11777.244678571427,1628.7415357142859
2002/10/22 0:00,543471.2865927131,1.6666648393001446,1.896789990515873,4165.741059523811,4092.870055555555,11777.244678571427,1628.7415357142859
2002/10/29 0:00,71466.0,0.352158,0.812192285047619,374.82042063492065,283.19560317460315,587.9573214285714,415.2722308802308
2002/11/5 0:00,74372.81165107116,0.4776429055238098,0.812192285047619,374.82042063492065,283.19560317460315,443.0,415.2722308802308
2002/11/12 0:00,69003.0,0.4776429055238098,0.812192285047619,374.82042063492065,283.19560317460315,421.0,415.2722308802308
2002/11/19 0:00,543471.2865927131,1.6666648393001446,1.896789990515873,4165.741059523811,4092.870055555555,11777.244678571427,1628.7415357142859
2002/11/26 0:00,70000.0,0.4776429055238098,0.812192285047619,374.82042063492065,283.19560317460315,587.9573214285714,415.2722308802308
2002/12/3 0:00,543471.2865927131,1.6666648393001446,1.896789990515873,4165.741059523811,4092.870055555555,11777.244678571427,1628.7415357142859
2002/12/10 0:00,543471.2865927131,1.6666648393001446,1.896789990515873,4165.741059523811,4092.870055555555,11777.244678571427,1628.7415357142859
2002/12/17 0:00,543471.2865927131,1.6666648393001446,1.896789990515873,4165.741059523811,4092.870055555555,11777.244678571427,1628.7415357142859
2002/12/24 0:00,543471.2865927131,1.6666648393001446,1.896789990515873,4165.741059523811,4092.870055555555,11777.244678571427,1628.7415357142859
2002/12/31 0:00,543471.2865927131,1.6666648393001446,1.896789990515873,4165.741059523811,4092.870055555555,11777.244678571427,1628.7415357142859
2003/1/7 0:00,611207.5765952381,1.02773,0.9833894319308469,1483.6180595238097,2383.9870054112553,5661.140769841266,1710.257162698413
2003/1/14 0:00,543471.2865927131,1.6666648393001446,1.896789990515873,4165.741059523811,4092.870055555555,11777.244678571427,1628.7415357142859
2003/1/21 0:00,312412.0,0.7454723169126987,0.8017541424642859,730.9438531746032,1290.9371547619048,3475.0,841.3823333333332
2003/1/28 0:00,543471.2865927131,1.6666648393001446,1.896789990515873,4165.741059523811,4092.870055555555,11777.244678571427,1628.7415357142859
2003/2/4 0:00,543471.2865927131,1.6666648393001446,1.896789990515873,4165.741059523811,4092.870055555555,11777.244678571427,1628.7415357142859
2003/2/11 0:00,543471.2865927131,1.6666648393001446,1.896789990515873,4165.741059523811,4092.870055555555,11777.244678571427,1628.7415357142859
2003/2/18 0:00,543471.2865927131,1.6666648393001446,1.896789990515873,4165.741059523811,4092.870055555555,11777.244678571427,1628.7415357142859
2003/2/25 0:00,543471.2865927131,1.6666648393001446,1.896789990515873,4165.741059523811,4092.870055555555,11777.244678571427,1628.7415357142859
2003/3/4 0:00,849946.4262640694,2.131500332738095,4.8303,5508.875726190478,7817.0,52780.377785714285,2192.5132579365086
2003/3/11 0:00,543471.2865927131,1.6666648393001446,1.896789990515873,4165.741059523811,4092.870055555555,11777.244678571427,1628.7415357142859
2003/3/18 0:00,543471.2865927131,1.6666648393001446,1.896789990515873,4165.741059523811,4092.870055555555,11777.244678571427,1628.7415357142859
2003/3/25 0:00,803185.4737045455,1.6316836463095243,2.2314880842063487,3803.6088452380964,4641.290761544009,16415.0,2027.3061706349201
2003/4/1 0:00,509898.98346176057,2.195700678134921,2.145417358928572,6937.014496031746,4233.063488095238,11332.0,1609.4287857142858
2003/4/8 0:00,314349.0,0.7454723169126987,0.8000821156995801,848.6376857864358,1382.2485714285713,3868.3273852813845,865.8725833333332
2003/4/15 0:00,542475.1045927131,1.6120494600541126,1.80906,4111.532226190477,4070.229916666666,11809.416749999997,1628.7415357142859
2003/4/22 0:00,545550.4079657289,1.4883539674603168,1.71202,3709.2201547619065,4036.5364285714277,11670.918178571428,1628.4915357142856
2003/4/29 0:00,543471.2865927131,1.6666648393001446,1.896789990515873,4165.741059523811,4092.870055555555,11777.244678571427,1628.7415357142859
2003/5/6 0:00,743856.3358373018,1.0399558258066377,0.9947758872403708,1454.0,2434.4843571428564,5595.665210317457,1858.4945436507937
2003/5/13 0:00,543471.2865927131,1.6666648393001446,1.896789990515873,4165.741059523811,4092.870055555555,11777.244678571427,1628.7415357142859
2003/5/20 0:00,282347.0,0.7465051069126986,0.8037014174642857,1000.6036461038963,1255.0,3976.7017186147177,1004.0
2003/5/27 0:00,281202.0,0.7454723169126987,0.800631790797619,599.830619047619,1214.3645277777778,3667.652861471861,837.5565714285714
2003/6/3 0:00,543471.2865927131,1.6666648393001446,1.896789990515873,4165.741059523811,4092.870055555555,11777.244678571427,1628.7415357142859
2003/6/10 0:00,543471.2865927131,1.6666648393001446,1.896789990515873,4165.741059523811,4092.870055555555,11777.244678571427,1628.7415357142859
2003/6/17 0:00,196742.05352849924,0.7420454137222223,0.8026690757976191,481.9361468253969,545.8395873015872,2487.0,694.6600079365079
2003/6/24 0:00,543471.2865927131,1.6666648393001446,1.896789990515873,4165.741059523811,4092.870055555555,11777.244678571427,1628.7415357142859
2003/7/1 0:00,563648.0057543291,0.7276541426071431,0.790645,1558.0437460317462,2405.457854617605,5482.536238095237,1423.193
2003/7/8 0:00,543471.2865927131,1.6666648393001446,1.896789990515873,4165.741059523811,4092.870055555555,11777.244678571427,1628.7415357142859
2003/7/15 0:00,543471.2865927131,1.6666648393001446,1.896789990515873,4165.741059523811,4092.870055555555,11777.244678571427,1628.7415357142859
2003/7/22 0:00,543471.2865927131,1.6666648393001446,1.896789990515873,4165.741059523811,4092.870055555555,11777.244678571427,1628.7415357142859
2003/7/29 0:00,543471.2865927131,1.6666648393001446,1.896789990515873,4165.741059523811,4092.870055555555,11777.244678571427,1628.7415357142859
2003/8/5 0:00,184038.0,0.7341681360555558,0.8028056295476191,479.76364682539696,436.47968650793644,1985.2016190476186,629.0
2003/8/12 0:00,543471.2865927131,1.6666648393001446,1.896789990515873,4165.741059523811,4092.870055555555,11777.244678571427,1628.7415357142859
2003/8/19 0:00,272841.8782896825,0.7454723169126987,0.8036085957976192,451.0,1029.2758769841269,3024.361761904761,754.9399722222223
2003/8/26 0:00,543471.2865927131,1.6666648393001446,1.896789990515873,4165.741059523811,4092.870055555555,11777.244678571427,1628.7415357142859
2003/9/2 0:00,148795.99972691195,0.813309,0.8474865270555554,472.26236111111115,360.61104365079365,1514.239515873016,452.0
2003/9/9 0:00,543471.2865927131,1.6666648393001446,1.896789990515873,4165.741059523811,4092.870055555555,11777.244678571427,1628.7415357142859
2003/9/16 0:00,128740.0,0.5413922146626985,0.812192285047619,374.82042063492065,296.58760317460315,883.4341666666666,426.0
2003/9/23 0:00,134485.20718253966,0.513286,0.812192285047619,374.82042063492065,296.58760317460315,666.5118452380951,423.0
2003/9/30 0:00,543471.2865927131,1.6666648393001446,1.896789990515873,4165.741059523811,4092.870055555555,11777.244678571427,1628.7415357142859
2003/10/7 0:00,543471.2865927131,1.6666648393001446,1.896789990515873,4165.741059523811,4092.870055555555,11777.244678571427,1628.7415357142859
2003/10/14 0:00,543471.2865927131,1.6666648393001446,1.896789990515873,4165.741059523811,4092.870055555555,11777.244678571427,1628.7415357142859
2003/10/21 0:00,543471.2865927131,1.6666648393001446,1.896789990515873,4165.741059523811,4092.870055555555,11777.244678571427,1628.7415357142859
2003/10/28 0:00,92216.0,0.4776429055238098,0.812192285047619,374.82042063492065,283.19560317460315,587.9573214285714,363.0
2003/11/4 0:00,579208.7614924244,0.8025313626785713,0.628144,1744.6865952380956,2445.234021284272,5931.344984126983,1435.3359365079366
2003/11/11 0:00,543471.2865927131,1.6666648393001446,1.896789990515873,4165.741059523811,4092.870055555555,11777.244678571427,1628.7415357142859
2003/11/18 0:00,543471.2865927131,1.6666648393001446,1.896789990515873,4165.741059523811,4092.870055555555,11777.244678571427,1628.7415357142859
2003/11/25 0:00,146640.76405627702,0.663175,0.812192285047619,374.82042063492065,331.92437698412704,799.0,441.15729040404045
2003/12/2 0:00,543471.2865927131,1.6666648393001446,1.896789990515873,4165.741059523811,4092.870055555555,11777.244678571427,1628.7415357142859
2003/12/9 0:00,543471.2865927131,1.6666648393001446,1.896789990515873,4165.741059523811,4092.870055555555,11777.244678571427,1628.7415357142859
2003/12/16 0:00,543471.2865927131,1.6666648393001446,1.896789990515873,4165.741059523811,4092.870055555555,11777.244678571427,1628.7415357142859
2003/12/23 0:00,543471.2865927131,1.6666648393001446,1.896789990515873,4165.741059523811,4092.870055555555,11777.244678571427,1628.7415357142859
2003/12/30 0:00,114857.0,0.782758,0.837625680519841,465.36236111111117,382.0,1482.7014325396826,453.2361984126983
2004/1/6 0:00,543471.2865927131,1.6666648393001446,1.896789990515873,4165.741059523811,4092.870055555555,11777.244678571427,1628.7415357142859
2004/1/13 0:00,567160.7614567102,1.01821,1.02248,1419.0572698412698,2375.5063784271283,5610.423507936505,1398.0305793650791
2004/1/20 0:00,270086.47713095235,1.1768,1.0541521712896824,1657.7868048340542,1260.4998809523809,4019.0,1001.2963809523811
2004/1/27 0:00,543471.2865927131,1.6666648393001446,1.896789990515873,4165.741059523811,4092.870055555555,11777.244678571427,1628.7415357142859
2004/2/3 0:00,422472.6433968255,0.8354833976904762,0.8402725836519609,1432.0252063492069,2072.5044202741706,5397.153996031745,1302.0
2004/2/10 0:00,543471.2865927131,1.6666648393001446,1.896789990515873,4165.741059523811,4092.870055555555,11777.244678571427,1628.7415357142859
2004/2/17 0:00,401122.69278318924,2.2940248481746033,2.1264007994841267,6950.108662698413,1874.0,11153.09947222222,1292.4270025252522
2004/2/24 0:00,543471.2865927131,1.6666648393001446,1.896789990515873,4165.741059523811,4092.870055555555,11777.244678571427,1628.7415357142859
2004/3/2 0:00,387004.0,0.7350580994642857,0.7941184982829135,1392.2032023809525,1758.9889563492063,5097.823444444445,1267.0802481962482
2004/3/9 0:00,543471.2865927131,1.6666648393001446,1.896789990515873,4165.741059523811,4092.870055555555,11777.244678571427,1628.7415357142859
2004/3/16 0:00,811869.704592352,1.169026998690476,1.61745,1670.0,3872.094731074482,10500.14698809524,2119.3883214285715
2004/3/23 0:00,543471.2865927131,1.6666648393001446,1.896789990515873,4165.741059523811,4092.870055555555,11777.244678571427,1628.7415357142859
2004/3/30 0:00,401946.0094498559,2.2940248481746033,2.1264007994841267,6950.108662698413,1993.0,11153.09947222222,1294.0450977633475
2004/4/6 0:00,543471.2865927131,1.6666648393001446,1.896789990515873,4165.741059523811,4092.870055555555,11777.244678571427,1628.7415357142859
2004/4/13 0:00,543471.2865927131,1.6666648393001446,1.896789990515873,4165.741059523811,4092.870055555555,11777.244678571427,1628.7415357142859
2004/4/20 0:00,770694.5652907651,1.429100003849206,1.4556430842857138,3130.889976190476,3682.0,9613.987408730161,1892.3925595238093
2004/4/27 0:00,1205821.2939682538,1.1953895978174602,1.6769379165873024,2380.7177579365084,5364.0,12422.0,2970.0381825396826
2004/5/4 0:00,543471.2865927131,1.6666648393001446,1.896789990515873,4165.741059523811,4092.870055555555,11777.244678571427,1628.7415357142859
2004/5/11 0:00,421461.0,2.243925029285714,4.59568,7814.043333333332,7693.8632579365085,36160.028956349204,1542.8943928571432
2004/5/18 0:00,543471.2865927131,1.6666648393001446,1.896789990515873,4165.741059523811,4092.870055555555,11777.244678571427,1628.7415357142859
2004/5/25 0:00,543471.2865927131,1.6666648393001446,1.896789990515873,4165.741059523811,4092.870055555555,11777.244678571427,1628.7415357142859
2004/6/1 0:00,543471.2865927131,1.6666648393001446,1.896789990515873,4165.741059523811,4092.870055555555,11777.244678571427,1628.7415357142859
2004/6/8 0:00,543471.2865927131,1.6666648393001446,1.896789990515873,4165.741059523811,4092.870055555555,11777.244678571427,1628.7415357142859
2004/6/15 0:00,806955.2855923522,1.1985503223412697,1.5182490953968257,2416.0,3591.539723137973,9502.0,1996.648833333333
2004/6/22 0:00,543471.2865927131,1.6666648393001446,1.896789990515873,4165.741059523811,4092.870055555555,11777.244678571427,1628.7415357142859
2004/6/29 0:00,305864.4122063492,1.530904506785714,1.7846764799206343,3632.59892857143,1565.3282182539695,11563.856746031744,1103.0
2004/7/6 0:00,294769.56461904757,1.54319,1.8567524564682532,3664.0365952380967,1556.277384920636,11563.856746031744,1048.0
2004/7/13 0:00,567160.7614567102,1.0275682138225108,0.9865152949467199,1356.0,2375.5063784271283,5594.137936507934,1392.3905317460315
2004/7/20 0:00,543471.2865927131,1.6666648393001446,1.896789990515873,4165.741059523811,4092.870055555555,11777.244678571427,1628.7415357142859
2004/7/27 0:00,326076.08601190476,0.7454723169126987,0.8000821156995801,881.2518524531023,1411.0,4039.4073943001436,883.8677500000001
2004/8/3 0:00,277120.0,0.7454723169126987,0.8036085957976192,576.8454523809523,1136.0,3489.681230158729,816.3228333333333
2004/8/10 0:00,543471.2865927131,1.6666648393001446,1.896789990515873,4165.741059523811,4092.870055555555,11777.244678571427,1628.7415357142859
2004/8/17 0:00,266183.3495952381,1.042485810203463,1.06124,593.164503246753,1148.3130555555554,3682.637730158729,825.0
2004/8/24 0:00,543471.2865927131,1.6666648393001446,1.896789990515873,4165.741059523811,4092.870055555555,11777.244678571427,1628.7415357142859
2004/8/31 0:00,543471.2865927131,1.6666648393001446,1.896789990515873,4165.741059523811,4092.870055555555,11777.244678571427,1628.7415357142859
2004/9/7 0:00,581490.5402543293,1.14747,1.1053106827380947,2188.0941360028855,3137.75102922078,6684.449460317459,1591.2371666666666
2004/9/14 0:00,154152.64546103892,0.649400477575397,0.812192285047619,376.9679206349207,352.48854365079364,1614.0,458.4174722222222
2004/9/21 0:00,543471.2865927131,1.6666648393001446,1.896789990515873,4165.741059523811,4092.870055555555,11777.244678571427,1628.7415357142859
2004/9/28 0:00,149282.3837388167,0.6377004014801589,0.812192285047619,374.82042063492065,347.65354365079367,1359.0,443.4334722222221
2004/10/5 0:00,579782.7714924244,0.8277942578690473,0.841872,1593.0070793650798,2426.367187950938,5746.241519841269,1431.906007936508
2004/10/12 0:00,157068.0,0.757812,0.8029104137976192,482.798884920635,361.0,1586.7543968253965,524.0
2004/10/19 0:00,183572.30786580083,0.7368002500793652,0.8028056295476191,472.304503968254,364.0,1764.906809523809,489.2090119047617
2004/10/26 0:00,543471.2865927131,1.6666648393001446,1.896789990515873,4165.741059523811,4092.870055555555,11777.244678571427,1628.7415357142859
2004/11/2 0:00,543471.2865927131,1.6666648393001446,1.896789990515873,4165.741059523811,4092.870055555555,11777.244678571427,1628.7415357142859
2004/11/9 0:00,184274.8710483405,0.7363013225793652,0.8028056295476191,472.304503968254,404.1200198412698,1764.906809523809,479.0
2004/11/16 0:00,318573.31706746033,0.747361,0.7948838095329136,1388.1872023809524,1611.0744642857142,4637.944706709956,1141.4640259740258
2004/11/23 0:00,543471.2865927131,1.6666648393001446,1.896789990515873,4165.741059523811,4092.870055555555,11777.244678571427,1628.7415357142859
2004/11/30 0:00,151854.0,0.5769967963373016,0.812192285047619,374.82042063492065,296.58760317460315,955.9118333333333,427.18614754689753
2004/12/7 0:00,543471.2865927131,1.6666648393001446,1.896789990515873,4165.741059523811,4092.870055555555,11777.244678571427,1628.7415357142859
2004/12/14 0:00,543471.2865927131,1.6666648393001446,1.896789990515873,4165.741059523811,4092.870055555555,11777.244678571427,1628.7415357142859
2004/12/21 0:00,144755.78994047618,0.602178454718254,0.812192285047619,368.0,312.31676984126983,1219.0,431.71231421356424
2004/12/28 0:00,195215.34046103896,0.977808,0.9895385723514818,497.171003968254,484.0,2291.226428571428,660.7344484126984
2005/1/4 0:00,543471.2865927131,1.6666648393001446,1.896789990515873,4165.741059523811,4092.870055555555,11777.244678571427,1628.7415357142859
2005/1/11 0:00,543471.2865927131,1.6666648393001446,1.896789990515873,4165.741059523811,4092.870055555555,11777.244678571427,1628.7415357142859
2005/1/18 0:00,356107.985234127,0.7350580994642857,0.7950203632829136,1388.1872023809524,1658.737285714285,4974.327592352092,1216.0
2005/1/25 0:00,543471.2865927131,1.6666648393001446,1.896789990515873,4165.741059523811,4092.870055555555,11777.244678571427,1628.7415357142859
2005/2/1 0:00,356107.985234127,0.7350580994642857,0.7950203632829136,1388.1872023809524,1723.5528730158728,5005.0,1220.0102045454544
2005/2/8 0:00,543471.2865927131,1.6666648393001446,1.896789990515873,4165.741059523811,4092.870055555555,11777.244678571427,1628.7415357142859
2005/2/15 0:00,425604.35887301597,0.7257117664880954,0.7948958529495801,1498.2620158730163,2112.2023131313135,5276.0,1306.0136731601729
2005/2/22 0:00,543471.2865927131,1.6666648393001446,1.896789990515873,4165.741059523811,4092.870055555555,11777.244678571427,1628.7415357142859
2005/3/1 0:00,402264.0,0.7155192530119049,0.7948958529495801,1511.826682539683,2176.0,5239.025873015873,1302.8453517316013
2005/3/8 0:00,529107.085795094,1.94451,2.1214970111507934,6809.494492063492,4234.968178571428,11363.824111111113,1632.2535357142856
2005/3/15 0:00,523008.03205158724,2.35512,2.1471512416774896,6946.380162698413,2960.882115079364,8504.226285714285,1534.115531746031
2005/3/22 0:00,543471.2865927131,1.6666648393001446,1.896789990515873,4165.741059523811,4092.870055555555,11777.244678571427,1628.7415357142859
2005/3/29 0:00,562389.9836349208,1.4614090809920635,1.2857834000476192,3515.1990992063506,2561.0,7515.572214285715,1431.3838412698415
2005/4/5 0:00,543471.2865927131,1.6666648393001446,1.896789990515873,4165.741059523811,4092.870055555555,11777.244678571427,1628.7415357142859
2005/4/12 0:00,489530.9748665224,1.561233746111111,1.9867508581349205,3682.681126984128,2309.317154761906,10493.41049206349,1339.0
2005/4/19 0:00,523117.4556230158,2.35858,2.05869,6920.443496031746,2985.286281746031,7858.0,1536.1638174603167
2005/4/26 0:00,543471.2865927131,1.6666648393001446,1.896789990515873,4165.741059523811,4092.870055555555,11777.244678571427,1628.7415357142859
2005/5/3 0:00,770060.1483939397,1.4358065994841267,1.4852583988095243,3205.742905483406,4153.0,11088.445416666667,1976.7124682539682
2005/5/10 0:00,504124.3489657289,2.3098733711507937,2.49279,7083.98678174603,4875.302444444444,18618.314785714287,1600.2751904761906
2005/5/17 0:00,543471.2865927131,1.6666648393001446,1.896789990515873,4165.741059523811,4092.870055555555,11777.244678571427,1628.7415357142859
2005/5/24 0:00,400827.0,1.4875275032936506,1.7589560526587298,3477.273773809525,1937.6512182539684,11901.0,1288.0
2005/5/31 0:00,411382.01642063505,1.1717507579761908,1.123370390238095,2579.0,2032.274105339106,6800.5096031746025,1275.0
2005/6/7 0:00,813410.7150588025,1.2202739909920632,1.5257097292857151,2564.0,4215.386238095238,11261.0,2086.6317882395388
2005/6/14 0:00,543471.2865927131,1.6666648393001446,1.896789990515873,4165.741059523811,4092.870055555555,11777.244678571427,1628.7415357142859
2005/6/21 0:00,770694.5652907651,1.429100003849206,1.4556430842857138,3130.889976190476,3709.0,9663.593361111114,1892.3925595238093
2005/6/28 0:00,543471.2865927131,1.6666648393001446,1.896789990515873,4165.741059523811,4092.870055555555,11777.244678571427,1628.7415357142859
2005/7/5 0:00,543471.2865927131,1.6666648393001446,1.896789990515873,4165.741059523811,4092.870055555555,11777.244678571427,1628.7415357142859
2005/7/12 0:00,406696.7105450941,1.44943,1.737697297777778,3364.57884920635,2014.0,11538.533829365078,1286.8689112554107
2005/7/19 0:00,543471.2865927131,1.6666648393001446,1.896789990515873,4165.741059523811,4092.870055555555,11777.244678571427,1628.7415357142859
2005/7/26 0:00,543471.2865927131,1.6666648393001446,1.896789990515873,4165.741059523811,4092.870055555555,11777.244678571427,1628.7415357142859
2005/8/2 0:00,247975.76434920635,1.06255,0.9999530103276723,570.9643015873014,1208.0,2780.0,791.4546428571427
2005/8/9 0:00,276338.0,0.7454723169126987,0.8036085957976192,515.8331904761905,1058.6339603174602,3321.334087301587,786.5178333333334
2005/8/16 0:00,543471.2865927131,1.6666648393001446,1.896789990515873,4165.741059523811,4092.870055555555,11777.244678571427,1628.7415357142859
2005/8/23 0:00,273149.4950674603,0.7924466926428572,0.891918,699.0,1235.4868690476187,3859.8210757575744,836.1115833333334
2005/8/30 0:00,277804.67051190475,0.7454723169126987,0.8045481157976191,572.0,1153.8336746031746,3457.463365079364,816.3228333333333
2005/9/6 0:00,213847.0,0.6884778398373019,0.8082913463809525,387.59956349206345,554.8566984126983,1708.690198412699,583.3894206349207
2005/9/13 0:00,543471.2865927131,1.6666648393001446,1.896789990515873,4165.741059523811,4092.870055555555,11777.244678571427,1628.7415357142859
2005/9/20 0:00,543471.2865927131,1.6666648393001446,1.896789990515873,4165.741059523811,4092.870055555555,11777.244678571427,1628.7415357142859
2005/9/27 0:00,543471.2865927131,1.6666648393001446,1.896789990515873,4165.741059523811,4092.870055555555,11777.244678571427,1628.7415357142859
2005/10/4 0:00,543471.2865927131,1.6666648393001446,1.896789990515873,4165.741059523811,4092.870055555555,11777.244678571427,1628.7415357142859
2005/10/11 0:00,543471.2865927131,1.6666648393001446,1.896789990515873,4165.741059523811,4092.870055555555,11777.244678571427,1628.7415357142859
2005/10/18 0:00,172654.0,0.7341681360555558,0.8028056295476191,541.0,516.349115079365,2028.1155634920633,656.4020119047619
2005/10/25 0:00,543471.2865927131,1.6666648393001446,1.896789990515873,4165.741059523811,4092.870055555555,11777.244678571427,1628.7415357142859
2005/11/1 0:00,543471.2865927131,1.6666648393001446,1.896789990515873,4165.741059523811,4092.870055555555,11777.244678571427,1628.7415357142859
2005/11/8 0:00,543471.2865927131,1.6666648393001446,1.896789990515873,4165.741059523811,4092.870055555555,11777.244678571427,1628.7415357142859
2005/11/15 0:00,543471.2865927131,1.6666648393001446,1.896789990515873,4165.741059523811,4092.870055555555,11777.244678571427,1628.7415357142859
2005/11/22 0:00,185709.01954834053,0.7363013225793652,0.8028056295476191,472.304503968254,404.1200198412698,1764.906809523809,503.0
2005/11/29 0:00,154013.38260389608,0.638831,0.797966,398.0,379.5531865079366,1224.0,465.0972983405482
2005/12/6 0:00,184274.8710483405,0.7363013225793652,0.8028056295476191,472.304503968254,404.1200198412698,1764.906809523809,491.0
2005/12/13 0:00,177664.2556673881,0.762448,0.8065403349404761,458.18736111111116,386.3808769841269,1764.906809523809,487.0
2005/12/20 0:00,571633.6187424245,1.0442358595844154,0.943366,1495.1032500000003,2415.803854617605,5685.014841269839,1430.9164365079369
2005/12/27 0:00,160732.0,0.5939080898134924,0.812192285047619,374.82042063492065,301.4676031746032,1066.6408095238096,430.5666475468975
2006/1/3 0:00,375076.0,0.7350580994642857,0.7950203632829136,1388.1872023809524,1699.0,4999.488136002886,1243.0437045454544
2006/1/10 0:00,543471.2865927131,1.6666648393001446,1.896789990515873,4165.741059523811,4092.870055555555,11777.244678571427,1628.7415357142859
2006/1/17 0:00,739936.6422658733,1.063746748243145,1.0108262738713232,1543.0,2568.6074999999996,4737.0,1858.4945436507937
2006/1/24 0:00,574638.3819805197,1.1318689501190478,1.12552,2154.2142550505055,2556.428576839827,6644.228198412697,1445.0
2006/1/31 0:00,543471.2865927131,1.6666648393001446,1.896789990515873,4165.741059523811,4092.870055555555,11777.244678571427,1628.7415357142859
2006/2/7 0:00,793909.0080447332,1.1449031693650793,1.1120899419246029,2112.0,3452.901031746032,6700.207793650792,1965.1639285714282
2006/2/14 0:00,543471.2865927131,1.6666648393001446,1.896789990515873,4165.741059523811,4092.870055555555,11777.244678571427,1628.7415357142859
2006/2/21 0:00,542475.1045927131,1.6651747712049068,1.82767,4165.741059523811,4092.870055555555,11777.244678571427,1628.7415357142859
2006/2/28 0:00,543471.2865927131,1.6666648393001446,1.896789990515873,4165.741059523811,4092.870055555555,11777.244678571427,1628.7415357142859
2006/3/7 0:00,543471.2865927131,1.6666648393001446,1.896789990515873,4165.741059523811,4092.870055555555,11777.244678571427,1628.7415357142859
2006/3/14 0:00,543471.2865927131,1.6666648393001446,1.896789990515873,4165.741059523811,4092.870055555555,11777.244678571427,1628.7415357142859
2006/3/21 0:00,543471.2865927131,1.6666648393001446,1.896789990515873,4165.741059523811,4092.870055555555,11777.244678571427,1628.7415357142859
2006/3/28 0:00,557819.5685674605,1.5745206371031752,1.9472796402380956,3857.7414960317465,2868.0,8766.34963095238,1502.2432698412695
2006/4/4 0:00,369521.0,0.7346197344642856,0.7950203632829136,1388.1872023809524,1664.616535714285,4990.928259018759,1227.430775974026
2006/4/11 0:00,555524.1234007938,1.5792272230555566,1.9434569601190474,3834.0186388888897,2693.5742341269843,8985.073273809523,1467.0
2006/4/18 0:00,395477.0,2.29396,2.7777566942857135,7519.836333333333,6351.372829365078,25199.480253968253,1537.0068928571432
2006/4/25 0:00,509211.8691681097,2.2484659861507943,2.1502553839285716,6950.108662698413,4252.261119047619,10888.0,1609.4287857142858
2006/5/2 0:00,543471.2865927131,1.6666648393001446,1.896789990515873,4165.741059523811,4092.870055555555,11777.244678571427,1628.7415357142859
2006/5/9 0:00,543471.2865927131,1.6666648393001446,1.896789990515873,4165.741059523811,4092.870055555555,11777.244678571427,1628.7415357142859
2006/5/16 0:00,533579.940810967,1.7590636074603174,2.112658186349205,5033.495603174604,4549.391297258297,14031.0,1632.2535357142856
2006/5/23 0:00,442099.0,0.7257117664880954,0.7948958529495801,1498.2620158730163,2122.281146464647,5286.812547619048,1316.0880064935059
2006/5/30 0:00,543471.2865927131,1.6666648393001446,1.896789990515873,4165.741059523811,4092.870055555555,11777.244678571427,1628.7415357142859
2006/6/6 0:00,428255.0,1.1693438823571427,1.7667977073015877,1909.4191428571432,2139.0306742424254,10715.0,1307.9093607503603
2006/6/13 0:00,395394.0,1.4875275032936506,1.7626530102777775,3393.379321428573,1906.300242063492,11563.440079365078,1285.9520064935061
2006/6/20 0:00,385735.0,0.7284349905119046,0.7948958529495801,1425.4686587301587,1979.216830808081,5291.6945873015875,1333.0
2006/6/27 0:00,543471.2865927131,1.6666648393001446,1.896789990515873,4165.741059523811,4092.870055555555,11777.244678571427,1628.7415357142859
2006/7/4 0:00,356443.598329365,0.7350580994642857,0.7950203632829136,1388.1872023809524,1655.6481190476186,4958.0,1218.1667759740258
2006/7/11 0:00,543471.2865927131,1.6666648393001446,1.896789990515873,4165.741059523811,4092.870055555555,11777.244678571427,1628.7415357142859
2006/7/18 0:00,543471.2865927131,1.6666648393001446,1.896789990515873,4165.741059523811,4092.870055555555,11777.244678571427,1628.7415357142859
2006/7/25 0:00,543471.2865927131,1.6666648393001446,1.896789990515873,4165.741059523811,4092.870055555555,11777.244678571427,1628.7415357142859
2006/8/1 0:00,579429.4320876626,1.0750303535923522,0.969711,1934.5276796536805,2797.530342712843,6141.838876984124,1501.424865079364
2006/8/8 0:00,543471.2865927131,1.6666648393001446,1.896789990515873,4165.741059523811,4092.870055555555,11777.244678571427,1628.7415357142859
2006/8/15 0:00,543471.2865927131,1.6666648393001446,1.896789990515873,4165.741059523811,4092.870055555555,11777.244678571427,1628.7415357142859
2006/8/22 0:00,543471.2865927131,1.6666648393001446,1.896789990515873,4165.741059523811,4092.870055555555,11777.244678571427,1628.7415357142859
2006/8/29 0:00,324781.8828452381,0.7454723169126987,0.8017541424642859,722.0,1335.3522976190475,3947.012144300143,869.0433333333333
2006/9/5 0:00,543471.2865927131,1.6666648393001446,1.896789990515873,4165.741059523811,4092.870055555555,11777.244678571427,1628.7415357142859
2006/9/12 0:00,278993.0371785714,0.7454723169126987,0.8045481157976191,598.0,1158.3661746031746,3643.473674603173,820.8264047619047
2006/9/19 0:00,579208.7614924244,0.8025313626785713,0.672897,1744.6865952380956,2445.234021284272,5931.344984126983,1435.3359365079366
2006/9/26 0:00,422472.6433968255,0.793127,0.8363918511241831,1465.7377301587308,2072.5044202741706,5385.379662698412,1300.8526385281382
2006/10/3 0:00,467768.084063492,0.66909,0.8089202955476192,1514.9740158730162,2239.4572157287166,5284.054214285715,1337.5888730158733
2006/10/10 0:00,543471.2865927131,1.6666648393001446,1.896789990515873,4165.741059523811,4092.870055555555,11777.244678571427,1628.7415357142859
2006/10/17 0:00,543471.2865927131,1.6666648393001446,1.896789990515873,4165.741059523811,4092.870055555555,11777.244678571427,1628.7415357142859
2006/10/24 0:00,205241.0,0.739373369246032,0.8028056295476191,477.0,652.7361587301586,2235.088214285714,688.453757936508
2006/10/31 0:00,543471.2865927131,1.6666648393001446,1.896789990515873,4165.741059523811,4092.870055555555,11777.244678571427,1628.7415357142859
2006/11/7 0:00,543471.2865927131,1.6666648393001446,1.896789990515873,4165.741059523811,4092.870055555555,11777.244678571427,1628.7415357142859
2006/11/14 0:00,208633.86024675315,0.739373369246032,0.8028056295476191,481.9361468253969,655.81173015873,2235.088214285714,666.0
2006/11/21 0:00,543471.2865927131,1.6666648393001446,1.896789990515873,4165.741059523811,4092.870055555555,11777.244678571427,1628.7415357142859
2006/11/28 0:00,543471.2865927131,1.6666648393001446,1.896789990515873,4165.741059523811,4092.870055555555,11777.244678571427,1628.7415357142859
2006/12/5 0:00,187384.0,0.6593317888373019,0.812192285047619,375.9854206349207,370.66204365079363,1395.872198412699,460.34878174603176
2006/12/12 0:00,543471.2865927131,1.6666648393001446,1.896789990515873,4165.741059523811,4092.870055555555,11777.244678571427,1628.7415357142859
2006/12/19 0:00,543471.2865927131,1.6666648393001446,1.896789990515873,4165.741059523811,4092.870055555555,11777.244678571427,1628.7415357142859
2006/12/26 0:00,543471.2865927131,1.6666648393001446,1.896789990515873,4165.741059523811,4092.870055555555,11777.244678571427,1628.7415357142859
2007/1/2 0:00,543471.2865927131,1.6666648393001446,1.896789990515873,4165.741059523811,4092.870055555555,11777.244678571427,1628.7415357142859
2007/1/9 0:00,529126.0,1.5942107482936516,1.986077948134921,3817.63113888889,3326.9699880952376,8664.35236111111,1602.212357142857
2007/1/16 0:00,543471.2865927131,1.6666648393001446,1.896789990515873,4165.741059523811,4092.870055555555,11777.244678571427,1628.7415357142859
2007/1/23 0:00,543471.2865927131,1.6666648393001446,1.896789990515873,4165.741059523811,4092.870055555555,11777.244678571427,1628.7415357142859
2007/1/30 0:00,543471.2865927131,1.6666648393001446,1.896789990515873,4165.741059523811,4092.870055555555,11777.244678571427,1628.7415357142859
2007/2/6 0:00,566717.0,1.5745206371031752,1.9472796402380956,3857.7414960317465,2927.710309523809,8766.34963095238,1517.8880079365074
2007/2/13 0:00,543471.2865927131,1.6666648393001446,1.896789990515873,4165.741059523811,4092.870055555555,11777.244678571427,1628.7415357142859
2007/2/20 0:00,543471.2865927131,1.6666648393001446,1.896789990515873,4165.741059523811,4092.870055555555,11777.244678571427,1628.7415357142859
2007/2/27 0:00,548159.0,1.61865,1.9586540719841268,4001.552805555556,2603.6337023809524,9044.455297619046,1476.8554484126978
2007/3/6 0:00,543471.2865927131,1.6666648393001446,1.896789990515873,4165.741059523811,4092.870055555555,11777.244678571427,1628.7415357142859
2007/3/13 0:00,543471.2865927131,1.6666648393001446,1.896789990515873,4165.741059523811,4092.870055555555,11777.244678571427,1628.7415357142859
2007/3/20 0:00,561469.6697582974,1.4702530362698412,1.6909336602380949,3580.0,2572.8761071428576,9112.322511904762,1420.0
2007/3/27 0:00,543471.2865927131,1.6666648393001446,1.896789990515873,4165.741059523811,4092.870055555555,11777.244678571427,1628.7415357142859
2007/4/3 0:00,430603.0,2.43939,2.771996228502888,7312.128615079365,2568.0,18558.18005952381,1357.1416746031744
2007/4/10 0:00,577760.4585876625,0.803417649345238,0.69299381834127,2030.4839336219345,2618.569521284271,6281.116591269841,1509.0
2007/4/17 0:00,577760.4585876625,0.803417649345238,0.69299381834127,2030.4839336219345,2618.569521284271,6281.116591269841,1511.0
2007/4/24 0:00,543471.2865927131,1.6666648393001446,1.896789990515873,4165.741059523811,4092.870055555555,11777.244678571427,1628.7415357142859
2007/5/1 0:00,543471.2865927131,1.6666648393001446,1.896789990515873,4165.741059523811,4092.870055555555,11777.244678571427,1628.7415357142859
2007/5/8 0:00,596692.0,2.0864051024999997,2.8640452203968243,5431.287789682541,8090.225392857144,31896.0,1858.2437074314576
2007/5/15 0:00,849946.4262640694,5.98318,5.687805480476195,6244.0,15067.781222222226,52124.48769047619,2200.6982579365085
2007/5/22 0:00,543471.2865927131,1.6666648393001446,1.896789990515873,4165.741059523811,4092.870055555555,11777.244678571427,1628.7415357142859
2007/5/29 0:00,850249.5509862917,2.126004221071428,4.24456,5585.927777777779,7445.184329365078,48598.77479761905,2192.5132579365086
2007/6/5 0:00,543471.2865927131,1.6666648393001446,1.896789990515873,4165.741059523811,4092.870055555555,11777.244678571427,1628.7415357142859
2007/6/12 0:00,543471.2865927131,1.6666648393001446,1.896789990515873,4165.741059523811,4092.870055555555,11777.244678571427,1628.7415357142859
2007/6/19 0:00,543471.2865927131,1.6666648393001446,1.896789990515873,4165.741059523811,4092.870055555555,11777.244678571427,1628.7415357142859
2007/6/26 0:00,504350.0,1.623357766785715,2.0573,3972.4131626984126,2559.7768293650793,10376.0,1394.432063492064
2007/7/3 0:00,543471.2865927131,1.6666648393001446,1.896789990515873,4165.741059523811,4092.870055555555,11777.244678571427,1628.7415357142859
2007/7/10 0:00,444838.07112049055,1.5449363122222226,1.9857552581349205,3682.681126984128,2165.0474545454554,10868.176158730155,1318.0
2007/7/17 0:00,543471.2865927131,1.6666648393001446,1.896789990515873,4165.741059523811,4092.870055555555,11777.244678571427,1628.7415357142859
2007/7/24 0:00,543471.2865927131,1.6666648393001446,1.896789990515873,4165.741059523811,4092.870055555555,11777.244678571427,1628.7415357142859
2007/7/31 0:00,327273.8500119047,0.7454723169126987,0.8000821156995801,881.2518524531023,1416.0,4085.0139657287154,883.8677500000001
2007/8/7 0:00,274364.17340079363,0.825107,0.847886735785714,673.9181262626261,1217.657619047619,4011.0,836.1115833333334
2007/8/14 0:00,543471.2865927131,1.6666648393001446,1.896789990515873,4165.741059523811,4092.870055555555,11777.244678571427,1628.7415357142859
2007/8/21 0:00,543471.2865927131,1.6666648393001446,1.896789990515873,4165.741059523811,4092.870055555555,11777.244678571427,1628.7415357142859
2007/8/28 0:00,348477.0,0.7330110672857143,0.7966945891162469,922.4045158730155,1430.0555476190473,4295.288270923521,869.0
2007/9/4 0:00,379837.9409285713,1.0225656976558442,0.9859371924467201,1159.0,1803.0228968253969,5060.587441558441,1248.4558434343435
2007/9/11 0:00,467768.084063492,0.706842,0.79686089294958,1514.9740158730162,2239.4572157287166,5331.242880952382,1334.7021349206352
2007/9/18 0:00,552298.216393218,0.655943,0.883187,1545.051793650794,2409.326545093795,5409.076392857141,1412.0331904761902
2007/9/25 0:00,543471.2865927131,1.6666648393001446,1.896789990515873,4165.741059523811,4092.870055555555,11777.244678571427,1628.7415357142859
2007/10/2 0:00,543471.2865927131,1.6666648393001446,1.896789990515873,4165.741059523811,4092.870055555555,11777.244678571427,1628.7415357142859
2007/10/9 0:00,543471.2865927131,1.6666648393001446,1.896789990515873,4165.741059523811,4092.870055555555,11777.244678571427,1628.7415357142859
2007/10/16 0:00,203693.23814357858,0.739373369246032,0.8028056295476191,481.9361468253969,665.2171587301586,2235.088214285714,696.0
2007/10/23 0:00,543471.2865927131,1.6666648393001446,1.896789990515873,4165.741059523811,4092.870055555555,11777.244678571427,1628.7415357142859
2007/10/30 0:00,316914.32166666666,0.7454723169126987,0.8017541424642859,788.0,1305.9689166666667,3881.099909090908,865.4035833333332
2007/11/6 0:00,543471.2865927131,1.6666648393001446,1.896789990515873,4165.741059523811,4092.870055555555,11777.244678571427,1628.7415357142859
2007/11/13 0:00,203132.52588167385,0.739373369246032,0.8028056295476191,481.9361468253969,745.0,2235.088214285714,697.0104246031747
2007/11/20 0:00,204190.3973816738,0.744178600246032,0.8026690757976191,487.2588611111111,754.0,2365.1150238095233,697.0104246031747
2007/11/27 0:00,543471.2865927131,1.6666648393001446,1.896789990515873,4165.741059523811,4092.870055555555,11777.244678571427,1628.7415357142859
2007/12/4 0:00,293535.0,0.7454723169126987,0.800631790797619,615.8815945165945,1328.593353174603,3720.6218614718605,842.5299047619047
2007/12/11 0:00,203693.23814357858,0.739373369246032,0.8028056295476191,481.9361468253969,665.2171587301586,2235.088214285714,685.0
2007/12/18 0:00,203693.23814357858,0.739373369246032,0.8028056295476191,481.9361468253969,665.2171587301586,2235.088214285714,679.0
2007/12/25 0:00,329731.0,0.7341224787857143,0.7976968757829135,1052.2508492063491,1419.6878809523807,4232.818699494949,1027.987369047619
2008/1/1 0:00,617592.6065952382,1.06828,1.007605604073704,1627.5618571428574,2591.9368387445884,5508.598424603173,1725.7046785714288
2008/1/8 0:00,497698.083797619,1.4768761738888887,1.7801300632539676,3410.56848809524,2291.0,10691.109849206347,1347.1889494949494
2008/1/15 0:00,543471.2865927131,1.6666648393001446,1.896789990515873,4165.741059523811,4092.870055555555,11777.244678571427,1628.7415357142859
2008/1/22 0:00,543471.2865927131,1.6666648393001446,1.896789990515873,4165.741059523811,4092.870055555555,11777.244678571427,1628.7415357142859
2008/1/29 0:00,543471.2865927131,1.6666648393001446,1.896789990515873,4165.741059523811,4092.870055555555,11777.244678571427,1628.7415357142859
2008/2/5 0:00,543471.2865927131,1.6666648393001446,1.896789990515873,4165.741059523811,4092.870055555555,11777.244678571427,1628.7415357142859
2008/2/12 0:00,543471.2865927131,1.6666648393001446,1.896789990515873,4165.741059523811,4092.870055555555,11777.244678571427,1628.7415357142859
2008/2/19 0:00,807059.8502590188,1.20448,1.520426929920635,2600.0,3784.4861755189263,10121.673261904765,1960.1152738095232
2008/2/26 0:00,543471.2865927131,1.6666648393001446,1.896789990515873,4165.741059523811,4092.870055555555,11777.244678571427,1628.7415357142859
2008/3/4 0:00,768881.5816240986,1.429100003849206,1.4585,3130.889976190476,3714.531044566545,9663.593361111114,1897.234206349206
2008/3/11 0:00,769013.5083939397,1.443123466388888,1.49921,3211.1308095238096,4087.8131587301586,11120.617488095239,1945.8171746031744
2008/3/18 0:00,567515.8639487737,1.4604432526587297,1.5228283808730156,3572.815440476192,2928.3277380952372,7812.0,1515.5396269841262
2008/3/25 0:00,543471.2865927131,1.6666648393001446,1.896789990515873,4165.741059523811,4092.870055555555,11777.244678571427,1628.7415357142859
2008/4/1 0:00,577760.4585876625,0.803417649345238,0.6879243008412701,1923.0443145743152,2599.758687950938,6104.448817460317,1490.0
2008/4/8 0:00,543471.2865927131,1.6666648393001446,1.896789990515873,4165.741059523811,4092.870055555555,11777.244678571427,1628.7415357142859
2008/4/15 0:00,543471.2865927131,1.6666648393001446,1.896789990515873,4165.741059523811,4092.870055555555,11777.244678571427,1628.7415357142859
2008/4/22 0:00,582932.0,0.7866546019722217,0.8391615901598972,1562.0968888888892,2398.630711760462,5570.0694920634905,1426.0235476190478
2008/4/29 0:00,543471.2865927131,1.6666648393001446,1.896789990515873,4165.741059523811,4092.870055555555,11777.244678571427,1628.7415357142859
2008/5/6 0:00,572362.2765202023,1.469337996269841,1.6983755057142855,3616.401702380954,3172.2019929792423,8948.971873015871,1580.0
2008/5/13 0:00,543471.2865927131,1.6666648393001446,1.896789990515873,4165.741059523811,4092.870055555555,11777.244678571427,1628.7415357142859
2008/5/20 0:00,543471.2865927131,1.6666648393001446,1.896789990515873,4165.741059523811,4092.870055555555,11777.244678571427,1628.7415357142859
2008/5/27 0:00,849946.4262640694,3.2962,4.866036093975472,6263.9897817460305,12585.017507936509,52124.48769047619,2200.6982579365085
2008/6/3 0:00,543471.2865927131,1.6666648393001446,1.896789990515873,4165.741059523811,4092.870055555555,11777.244678571427,1628.7415357142859
2008/6/10 0:00,543471.2865927131,1.6666648393001446,1.896789990515873,4165.741059523811,4092.870055555555,11777.244678571427,1628.7415357142859
2008/6/17 0:00,543471.2865927131,1.6666648393001446,1.896789990515873,4165.741059523811,4092.870055555555,11777.244678571427,1628.7415357142859
2008/6/24 0:00,722006.2596273446,1.442343609920635,1.3758761948015876,3237.0,3324.499019841269,7863.672087301587,1850.9528015873013
2008/7/1 0:00,533027.1296284273,1.72423,2.0690260834126986,4626.659484126985,4190.33596031746,11466.501940476192,1632.2535357142856
2008/7/8 0:00,532919.4125515873,2.103404678571429,2.072689289960317,6891.524162698413,3024.962948412698,8460.0,1536.1638174603167
2008/7/15 0:00,558837.0,1.5890805882936516,1.949177693452381,3815.913996031747,2593.211892857143,9085.567797619045,1415.0
2008/7/22 0:00,577836.0,0.8025313626785713,0.6711229608412701,1802.944072510823,2455.4429101731603,5937.306412698411,1445.0
2008/7/29 0:00,1448746.7411349204,2.0221107186507923,4.724913036237377,5059.010031746032,8043.0,52555.938285714285,3213.375313492062
2008/8/5 0:00,598189.0,0.7987839209007936,0.753423470071429,1702.6901825396826,2452.8270054112554,5932.955996031745,1715.05728968254
2008/8/12 0:00,543471.2865927131,1.6666648393001446,1.896789990515873,4165.741059523811,4092.870055555555,11777.244678571427,1628.7415357142859
2008/8/19 0:00,544432.0,5.600278056785714,5.847896700476193,14663.678704184704,22984.487626984122,36224.342289682536,1632.2535357142856
2008/8/26 0:00,1300767.090626984,3.1886086285714286,4.7869330326659485,4496.0,12461.0,52124.48769047619,3046.711503968254
2008/9/2 0:00,544154.3346482686,1.5798612763888895,1.9140499623809526,3865.0,4056.015416666666,11802.711749999995,1629.2882023809525
2008/9/9 0:00,405176.53367063514,0.7686354854801587,0.8080610324733893,1461.4653492063494,2004.5955155122656,5198.985023809523,1296.0
2008/9/16 0:00,543471.2865927131,1.6666648393001446,1.896789990515873,4165.741059523811,4092.870055555555,11777.244678571427,1628.7415357142859
2008/9/23 0:00,407083.61179509404,1.1848029004523806,1.71805,2375.6198650793654,2008.8338910533917,11466.786972222224,1279.0
2008/9/30 0:00,802458.0407113997,1.4374796707539679,1.55965,3236.5424523809525,4182.917801587301,11386.460380952383,2021.629793650793
2008/10/7 0:00,543471.2865927131,1.6666648393001446,1.896789990515873,4165.741059523811,4092.870055555555,11777.244678571427,1628.7415357142859
2008/10/14 0:00,543471.2865927131,1.6666648393001446,1.896789990515873,4165.741059523811,4092.870055555555,11777.244678571427,1628.7415357142859
2008/10/21 0:00,543471.2865927131,1.6666648393001446,1.896789990515873,4165.741059523811,4092.870055555555,11777.244678571427,1628.7415357142859
2008/10/28 0:00,543471.2865927131,1.6666648393001446,1.896789990515873,4165.741059523811,4092.870055555555,11777.244678571427,1628.7415357142859
2008/11/4 0:00,543471.2865927131,1.6666648393001446,1.896789990515873,4165.741059523811,4092.870055555555,11777.244678571427,1628.7415357142859
2008/11/11 0:00,506019.0,0.7040380602738098,0.79777278294958,1514.9740158730162,2310.70879906205,5332.111214285714,1354.7909285714281
2008/11/18 0:00,793909.0080447332,1.1474278015079364,1.1111038706746026,2167.0,3452.901031746032,6700.207793650792,1965.1639285714282
2008/11/25 0:00,543471.2865927131,1.6666648393001446,1.896789990515873,4165.741059523811,4092.870055555555,11777.244678571427,1628.7415357142859
2008/12/2 0:00,543471.2865927131,1.6666648393001446,1.896789990515873,4165.741059523811,4092.870055555555,11777.244678571427,1628.7415357142859
2008/12/9 0:00,496747.03465079376,4.05315,5.258012446356423,14112.406150432902,21603.380626984126,36160.028956349204,1600.2751904761906
2008/12/16 0:00,850249.5509862917,2.126004221071428,4.08756,5585.927777777779,7445.184329365078,48598.77479761905,2192.5132579365086
2008/12/23 0:00,1318217.244126984,3.9033296797619044,5.259576432189757,9138.457503246751,14152.0,51950.0546904762,3137.915583333333
2008/12/30 0:00,543471.2865927131,1.6666648393001446,1.896789990515873,4165.741059523811,4092.870055555555,11777.244678571427,1628.7415357142859
2009/1/6 0:00,849946.4262640694,3.9033296797619044,5.275639292189758,9302.0,14327.079222222223,51950.0546904762,2200.6982579365085
2009/1/13 0:00,543471.2865927131,1.6666648393001446,1.896789990515873,4165.741059523811,4092.870055555555,11777.244678571427,1628.7415357142859
2009/1/20 0:00,543471.2865927131,1.6666648393001446,1.896789990515873,4165.741059523811,4092.870055555555,11777.244678571427,1628.7415357142859
2009/1/27 0:00,543471.2865927131,1.6666648393001446,1.896789990515873,4165.741059523811,4092.870055555555,11777.244678571427,1628.7415357142859
2009/2/3 0:00,543471.2865927131,1.6666648393001446,1.896789990515873,4165.741059523811,4092.870055555555,11777.244678571427,1628.7415357142859
2009/2/10 0:00,543471.2865927131,1.6666648393001446,1.896789990515873,4165.741059523811,4092.870055555555,11777.244678571427,1628.7415357142859
2009/2/17 0:00,1318217.244126984,5.298173190833333,5.854463306309529,9230.636723665222,14652.0,51950.0546904762,3137.915583333333
2009/2/24 0:00,543471.2865927131,1.6666648393001446,1.896789990515873,4165.741059523811,4092.870055555555,11777.244678571427,1628.7415357142859
2009/3/3 0:00,814658.572975469,1.2202739909920632,1.5260489435714293,2504.4138095238086,4191.47901984127,11219.647892857145,2122.0
2009/3/10 0:00,489073.5111204908,2.336912801150794,2.637014989206349,7182.936138888888,4859.791591269841,19325.0,1600.2751904761906
2009/3/17 0:00,543471.2865927131,1.6666648393001446,1.896789990515873,4165.741059523811,4092.870055555555,11777.244678571427,1628.7415357142859
2009/3/24 0:00,543471.2865927131,1.6666648393001446,1.896789990515873,4165.741059523811,4092.870055555555,11777.244678571427,1628.7415357142859
2009/3/31 0:00,543471.2865927131,1.6666648393001446,1.896789990515873,4165.741059523811,4092.870055555555,11777.244678571427,1628.7415357142859
2009/4/7 0:00,543471.2865927131,1.6666648393001446,1.896789990515873,4165.741059523811,4092.870055555555,11777.244678571427,1628.7415357142859
2009/4/14 0:00,523113.63168001466,1.86738,2.849031903293651,6656.237892857145,7948.220226190478,30987.44834523809,1632.2535357142856
2009/4/21 0:00,543471.2865927131,1.6666648393001446,1.896789990515873,4165.741059523811,4092.870055555555,11777.244678571427,1628.7415357142859
2009/4/28 0:00,1245309.212968254,2.119191158055555,2.967630905595237,5333.0,5655.0,33636.54373809523,2960.2165515873016
2009/5/5 0:00,543471.2865927131,1.6666648393001446,1.896789990515873,4165.741059523811,4092.870055555555,11777.244678571427,1628.7415357142859
2009/5/12 0:00,850249.5509862917,2.126004221071428,4.317739590396827,5496.0,7685.98534126984,48598.77479761905,2192.5132579365086
2009/5/19 0:00,516035.4580515872,1.5705014798412702,1.97649,3786.586662698413,2651.0641150793654,10163.874634920636,1501.7536111111106
2009/5/26 0:00,815317.6702222223,1.9782606136507932,2.7897535053968237,5040.0,6834.690543650795,31405.655321428567,1990.0
2009/6/2 0:00,543471.2865927131,1.6666648393001446,1.896789990515873,4165.741059523811,4092.870055555555,11777.244678571427,1628.7415357142859
2009/6/9 0:00,543471.2865927131,1.6666648393001446,1.896789990515873,4165.741059523811,4092.870055555555,11777.244678571427,1628.7415357142859
2009/6/16 0:00,543471.2865927131,1.6666648393001446,1.896789990515873,4165.741059523811,4092.870055555555,11777.244678571427,1628.7415357142859
2009/6/23 0:00,543471.2865927131,1.6666648393001446,1.896789990515873,4165.741059523811,4092.870055555555,11777.244678571427,1628.7415357142859
2009/6/30 0:00,770694.5652907651,1.429100003849206,1.45112,3130.889976190476,3713.4593778998787,9663.593361111114,1892.3925595238093
2009/7/7 0:00,533102.0706468255,2.1410702100000005,2.0946106799603172,6907.34932936508,3024.962948412698,8813.0,1539.1005317460308
2009/7/14 0:00,543471.2865927131,1.6666648393001446,1.896789990515873,4165.741059523811,4092.870055555555,11777.244678571427,1628.7415357142859
2009/7/21 0:00,543471.2865927131,1.6666648393001446,1.896789990515873,4165.741059523811,4092.870055555555,11777.244678571427,1628.7415357142859
2009/7/28 0:00,532919.4125515873,2.103404678571429,2.072689289960317,6891.524162698413,3024.962948412698,8440.0,1536.1638174603167
2009/8/4 0:00,543471.2865927131,1.6666648393001446,1.896789990515873,4165.741059523811,4092.870055555555,11777.244678571427,1628.7415357142859
2009/8/11 0:00,562369.2695158732,1.4614090809920635,1.296916416926407,3572.6232182539698,2926.4969047619047,7697.0,1515.7837936507929
2009/8/18 0:00,543471.2865927131,1.6666648393001446,1.896789990515873,4165.741059523811,4092.870055555555,11777.244678571427,1628.7415357142859
2009/8/25 0:00,436433.54108477646,2.2997463368650797,2.1264007994841267,6950.108662698413,2188.0,10644.759075396825,1312.4053488455986
2009/9/1 0:00,543471.2865927131,1.6666648393001446,1.896789990515873,4165.741059523811,4092.870055555555,11777.244678571427,1628.7415357142859
2009/9/8 0:00,543471.2865927131,1.6666648393001446,1.896789990515873,4165.741059523811,4092.870055555555,11777.244678571427,1628.7415357142859
2009/9/15 0:00,527749.100381313,0.6949117139682539,0.8026170514218023,1529.2548492063493,2402.589997474748,5316.0,1405.0
2009/9/22 0:00,543471.2865927131,1.6666648393001446,1.896789990515873,4165.741059523811,4092.870055555555,11777.244678571427,1628.7415357142859
2009/9/29 0:00,490851.06380303035,1.561233746111111,1.9867508581349205,3682.681126984128,2320.381793650795,10493.41049206349,1347.0
2009/10/6 0:00,580331.9796590911,0.8180215183055551,0.903133,1753.0,2445.234021284272,5896.384234126983,1434.34176984127
2009/10/13 0:00,543471.2865927131,1.6666648393001446,1.896789990515873,4165.741059523811,4092.870055555555,11777.244678571427,1628.7415357142859
2009/10/20 0:00,543471.2865927131,1.6666648393001446,1.896789990515873,4165.741059523811,4092.870055555555,11777.244678571427,1628.7415357142859
2009/10/27 0:00,365300.3972460317,0.7350580994642857,0.7950203632829136,1388.1872023809524,1702.5404087301583,4983.390655844156,1250.0
2009/11/3 0:00,335951.1950039683,0.7350580994642857,0.786882,1388.1872023809524,1622.7237976190474,5010.464651875903,1241.0
2009/11/10 0:00,543471.2865927131,1.6666648393001446,1.896789990515873,4165.741059523811,4092.870055555555,11777.244678571427,1628.7415357142859
2009/11/17 0:00,543471.2865927131,1.6666648393001446,1.896789990515873,4165.741059523811,4092.870055555555,11777.244678571427,1628.7415357142859
2009/11/24 0:00,543471.2865927131,1.6666648393001446,1.896789990515873,4165.741059523811,4092.870055555555,11777.244678571427,1628.7415357142859
2009/12/1 0:00,377857.91479365074,0.7350580994642857,0.7950203632829136,1393.859869047619,1866.0,5007.0,1268.492888888889
2009/12/8 0:00,543471.2865927131,1.6666648393001446,1.896789990515873,4165.741059523811,4092.870055555555,11777.244678571427,1628.7415357142859
2009/12/15 0:00,589930.0,1.469337996269841,1.6983755057142855,3616.401702380954,3177.565326312576,8981.248539682538,1595.103214285714
2009/12/22 0:00,543471.2865927131,1.6666648393001446,1.896789990515873,4165.741059523811,4092.870055555555,11777.244678571427,1628.7415357142859
2009/12/29 0:00,543471.2865927131,1.6666648393001446,1.896789990515873,4165.741059523811,4092.870055555555,11777.244678571427,1628.7415357142859
2010/1/5 0:00,543471.2865927131,1.6666648393001446,1.896789990515873,4165.741059523811,4092.870055555555,11777.244678571427,1628.7415357142859
2010/1/12 0:00,543471.2865927131,1.6666648393001446,1.896789990515873,4165.741059523811,4092.870055555555,11777.244678571427,1628.7415357142859
2010/1/19 0:00,752638.73405267,1.4291456909523805,1.3722088857142858,3044.0,3330.926519841269,7881.462087301587,1862.2699206349205
2010/1/26 0:00,722006.2596273446,1.442343609920635,1.3758761948015876,3226.0,3324.499019841269,7863.672087301587,1854.3364206349206
2010/2/2 0:00,543471.2865927131,1.6666648393001446,1.896789990515873,4165.741059523811,4092.870055555555,11777.244678571427,1628.7415357142859
2010/2/9 0:00,806332.5058474026,1.6316836463095243,2.3509080617857143,3803.6088452380964,4679.0,17176.992730158727,2032.3173373015868
2010/2/16 0:00,543471.2865927131,1.6666648393001446,1.896789990515873,4165.741059523811,4092.870055555555,11777.244678571427,1628.7415357142859
2010/2/23 0:00,543471.2865927131,1.6666648393001446,1.896789990515873,4165.741059523811,4092.870055555555,11777.244678571427,1628.7415357142859
2010/3/2 0:00,543471.2865927131,1.6666648393001446,1.896789990515873,4165.741059523811,4092.870055555555,11777.244678571427,1628.7415357142859
2010/3/9 0:00,543471.2865927131,1.6666648393001446,1.896789990515873,4165.741059523811,4092.870055555555,11777.244678571427,1628.7415357142859
2010/3/16 0:00,502231.05468001455,2.3098733711507937,2.55659,7154.493472222222,4816.574444444444,19339.664277777778,1600.2751904761906
2010/3/23 0:00,543471.2865927131,1.6666648393001446,1.896789990515873,4165.741059523811,4092.870055555555,11777.244678571427,1628.7415357142859
2010/3/30 0:00,849946.4262640694,3.815251501190476,5.076213846356423,7478.0,13336.988353174604,51950.0546904762,2200.6982579365085
2010/4/6 0:00,489073.5111204908,2.332408351150794,2.69151,7182.936138888888,5204.781876984126,21604.776130952385,1600.2751904761906
2010/4/13 0:00,543471.2865927131,1.6666648393001446,1.896789990515873,4165.741059523811,4092.870055555555,11777.244678571427,1628.7415357142859
2010/4/20 0:00,543471.2865927131,1.6666648393001446,1.896789990515873,4165.741059523811,4092.870055555555,11777.244678571427,1628.7415357142859
2010/4/27 0:00,769585.011727273,1.443123466388888,1.4872705121428575,3219.60611976912,4058.232376984126,11134.918154761908,1947.0
2010/5/4 0:00,543471.2865927131,1.6666648393001446,1.896789990515873,4165.741059523811,4092.870055555555,11777.244678571427,1628.7415357142859
2010/5/11 0:00,543471.2865927131,1.6666648393001446,1.896789990515873,4165.741059523811,4092.870055555555,11777.244678571427,1628.7415357142859
2010/5/18 0:00,837073.3893196251,2.129560767738095,4.1009606834127,5502.922936507937,7261.657591269839,36567.0,2178.555818542569
2010/5/25 0:00,543471.2865927131,1.6666648393001446,1.896789990515873,4165.741059523811,4092.870055555555,11777.244678571427,1628.7415357142859
2010/6/1 0:00,543471.2865927131,1.6666648393001446,1.896789990515873,4165.741059523811,4092.870055555555,11777.244678571427,1628.7415357142859
2010/6/8 0:00,543471.2865927131,1.6666648393001446,1.896789990515873,4165.741059523811,4092.870055555555,11777.244678571427,1628.7415357142859
2010/6/15 0:00,543471.2865927131,1.6666648393001446,1.896789990515873,4165.741059523811,4092.870055555555,11777.244678571427,1628.7415357142859
2010/6/22 0:00,711729.2618881672,1.7658793724603175,2.252648419087301,4400.0,4603.825190115438,16563.052194444444,1978.0089098124095
2010/6/29 0:00,543471.2865927131,1.6666648393001446,1.896789990515873,4165.741059523811,4092.870055555555,11777.244678571427,1628.7415357142859
2010/7/6 0:00,786911.8709404762,1.6316836463095243,2.0738659024603168,3764.4010952380963,4557.0,13976.907333333329,2012.379642857142
2010/7/13 0:00,691707.0,1.4546138338888885,1.4641768691666663,3473.4929126984143,3313.9816239316224,8714.996587301588,1842.0754325396824
2010/7/20 0:00,543471.2865927131,1.6666648393001446,1.896789990515873,4165.741059523811,4092.870055555555,11777.244678571427,1628.7415357142859
2010/7/27 0:00,611057.5231626983,1.19995,1.2080150576190472,2573.3805952380953,3178.587806998557,7486.858944444442,1748.5907063492064
2010/8/3 0:00,543471.2865927131,1.6666648393001446,1.896789990515873,4165.741059523811,4092.870055555555,11777.244678571427,1628.7415357142859
2010/8/10 0:00,543471.2865927131,1.6666648393001446,1.896789990515873,4165.741059523811,4092.870055555555,11777.244678571427,1628.7415357142859
2010/8/17 0:00,745150.9548373019,1.06712,1.0363461780306635,2353.0,2943.165342712843,6698.119650793648,1864.8143055555558
2010/8/24 0:00,543471.2865927131,1.6666648393001446,1.896789990515873,4165.741059523811,4092.870055555555,11777.244678571427,1628.7415357142859
2010/8/31 0:00,401122.69278318924,2.2940248481746033,2.1264007994841267,6950.108662698413,1980.0,11153.09947222222,1294.0450977633475
2010/9/7 0:00,433618.8275873017,0.8667748541547619,0.839781746151961,1437.8577301587306,2090.3218369408373,5547.0,1305.5510750360745
2010/9/14 0:00,543471.2865927131,1.6666648393001446,1.896789990515873,4165.741059523811,4092.870055555555,11777.244678571427,1628.7415357142859
2010/9/21 0:00,292022.42866269837,0.732696709543651,0.7983352216162468,1604.0,1422.0,4169.575016233765,1027.7714523809525
2010/9/28 0:00,543471.2865927131,1.6666648393001446,1.896789990515873,4165.741059523811,4092.870055555555,11777.244678571427,1628.7415357142859
2010/10/5 0:00,316914.32166666666,0.7454723169126987,0.8017541424642859,717.3856262626264,1269.0,3811.4125757575744,847.6909047619048
2010/10/12 0:00,356107.985234127,0.7350580994642857,0.7950203632829136,1388.1872023809524,1658.737285714285,4974.327592352092,1220.0
2010/10/19 0:00,543471.2865927131,1.6666648393001446,1.896789990515873,4165.741059523811,4092.870055555555,11777.244678571427,1628.7415357142859
2010/10/26 0:00,514262.0,1.5705014798412702,1.9799120681349205,3759.289876984128,2657.57601984127,10008.701015873015,1495.0918968253964
2010/11/2 0:00,543471.2865927131,1.6666648393001446,1.896789990515873,4165.741059523811,4092.870055555555,11777.244678571427,1628.7415357142859
2010/11/9 0:00,277804.67051190475,0.7454723169126987,0.8036085957976192,576.8454523809523,1153.8336746031746,3523.0,816.3228333333333
2010/11/16 0:00,543471.2865927131,1.6666648393001446,1.896789990515873,4165.741059523811,4092.870055555555,11777.244678571427,1628.7415357142859
2010/11/23 0:00,579766.698159091,0.7727849099523811,0.806526,1563.0551547619052,2426.367187950938,5602.277928571428,1431.906007936508
2010/11/30 0:00,543471.2865927131,1.6666648393001446,1.896789990515873,4165.741059523811,4092.870055555555,11777.244678571427,1628.7415357142859
2010/12/7 0:00,744350.894123016,1.07762991284632,1.0071802126689422,1622.0,2869.2495119047626,5535.033257936506,1863.8318214285716
2010/12/14 0:00,575887.0,0.8025313626785713,0.7352141458452379,1744.6865952380956,2445.234021284272,5933.384984126983,1434.9984365079365
2010/12/21 0:00,609070.4210952381,1.03601,0.9813814985975136,1526.1657698412696,2472.5783387445886,5711.651043650791,1715.05728968254
2010/12/28 0:00,605162.0,1.1454818838888885,1.10846,2187.8557788600287,3168.023473665224,6684.449460317459,1771.1745277777777
2011/1/4 0:00,808973.9875209236,1.1438622093650794,1.0792014541865076,1934.421,3485.0,6197.220210317459,2091.7941904761906
2011/1/11 0:00,543471.2865927131,1.6666648393001446,1.896789990515873,4165.741059523811,4092.870055555555,11777.244678571427,1628.7415357142859
2011/1/18 0:00,543471.2865927131,1.6666648393001446,1.896789990515873,4165.741059523811,4092.870055555555,11777.244678571427,1628.7415357142859
2011/1/25 0:00,577094.7444646467,1.29194,1.2418546500216447,2606.2418333333335,3023.7421919191925,7538.244158730157,1539.776984126983
2011/2/1 0:00,806332.5058474026,1.6316836463095243,2.3509080617857143,3803.6088452380964,4658.0,17176.992730158727,2032.3173373015868
2011/2/8 0:00,700426.8497453101,1.5817179271825403,1.900309799325397,3949.0,4106.758821428571,11496.0,1946.0
2011/2/15 0:00,543046.4346482686,1.5798612763888895,1.9140499623809526,3923.0,4056.015416666666,11802.711749999995,1628.7415357142859
2011/2/22 0:00,626731.0,1.0501112021955266,0.9986216175022755,1525.2805436507936,2472.5783387445886,5592.10497222222,1740.123448412699
2011/3/1 0:00,509898.98346176057,2.195700678134921,2.1411767222619047,6937.014496031746,4233.996345238095,11479.0,1612.339619047619
2011/3/8 0:00,812238.3121421358,1.1985503223412697,1.51811,2465.4729206349207,4040.0,11082.579154761906,2096.5139285714286
2011/3/15 0:00,542475.1045927131,1.63398,1.8922220534920635,4117.472226190477,4092.870055555555,11777.244678571427,1628.7415357142859
2011/3/22 0:00,850249.5509862917,2.019461755079364,4.658099857904043,5016.0,8008.206079365079,48833.204833333344,2130.4814960317462
2011/3/29 0:00,543471.2865927131,1.6666648393001446,1.896789990515873,4165.741059523811,4092.870055555555,11777.244678571427,1628.7415357142859
2011/4/5 0:00,545550.4079657289,1.497575226626984,1.76709,3717.398726190478,4046.9441666666658,11767.706749999996,1628.4915357142856
2011/4/12 0:00,543471.2865927131,1.6666648393001446,1.896789990515873,4165.741059523811,4092.870055555555,11777.244678571427,1628.7415357142859
2011/4/19 0:00,543471.2865927131,1.6666648393001446,1.896789990515873,4165.741059523811,4092.870055555555,11777.244678571427,1628.7415357142859
2011/4/26 0:00,543471.2865927131,1.6666648393001446,1.896789990515873,4165.741059523811,4092.870055555555,11777.244678571427,1628.7415357142859
2011/5/3 0:00,543471.2865927131,1.6666648393001446,1.896789990515873,4165.741059523811,4092.870055555555,11777.244678571427,1628.7415357142859
2011/5/10 0:00,543471.2865927131,1.6666648393001446,1.896789990515873,4165.741059523811,4092.870055555555,11777.244678571427,1628.7415357142859
2011/5/17 0:00,533102.0706468255,2.09951,2.0827472299603174,6891.524162698413,3024.962948412698,8511.16976984127,1536.1638174603167
2011/5/24 0:00,543471.2865927131,1.6666648393001446,1.896789990515873,4165.741059523811,4092.870055555555,11777.244678571427,1628.7415357142859
2011/5/31 0:00,788242.0,1.4415752706746028,1.4691347447619043,3257.4746197691197,3534.5887032967025,9276.487980158732,1826.0
2011/6/7 0:00,543471.2865927131,1.6666648393001446,1.896789990515873,4165.741059523811,4092.870055555555,11777.244678571427,1628.7415357142859
2011/6/14 0:00,813575.1720974029,1.6316836463095243,2.3509080617857143,3803.6088452380964,4890.898936147185,17150.0,2049.68926984127
2011/6/21 0:00,1208132.7632539682,1.2292320730555553,2.15261038452381,2406.444527777778,5683.0,14734.385273809523,2962.6516825396825
2011/6/28 0:00,607106.6052222222,1.4577622588888886,1.6053925406746032,3592.063202380954,3232.000016788765,9038.597289682539,1753.0
2011/7/5 0:00,543471.2865927131,1.6666648393001446,1.896789990515873,4165.741059523811,4092.870055555555,11777.244678571427,1628.7415357142859
2011/7/12 0:00,769347.4283939397,1.443123466388888,1.4861810954761907,3219.60611976912,4059.0,11134.918154761908,1939.943373015873
2011/7/19 0:00,543471.2865927131,1.6666648393001446,1.896789990515873,4165.741059523811,4092.870055555555,11777.244678571427,1628.7415357142859
2011/7/26 0:00,543471.2865927131,1.6666648393001446,1.896789990515873,4165.741059523811,4092.870055555555,11777.244678571427,1628.7415357142859
2011/8/2 0:00,810086.4716421359,1.39521,1.5257097292857151,2885.140415584415,4171.7257698412695,11241.997059523812,2058.5072049062055
2011/8/9 0:00,796233.7141042571,1.1449031693650793,1.1120899419246029,2112.112369047619,3468.0,6700.207793650792,1967.4989285714282
2011/8/16 0:00,543471.2865927131,1.6666648393001446,1.896789990515873,4165.741059523811,4092.870055555555,11777.244678571427,1628.7415357142859
2011/8/23 0:00,765287.096048702,1.23028,1.27731,2583.004833333333,3437.8841944444443,7659.752658730157,1873.7060158730158
2011/8/30 0:00,550614.0,1.4624422309920635,1.2991,3515.1990992063506,2548.094273809524,7437.300579365081,1418.0059603174602
2011/9/6 0:00,771675.4832629876,1.1492208265079364,1.111660004007936,2336.0,3452.901031746032,6765.0,1912.601523809524
2011/9/13 0:00,543471.2865927131,1.6666648393001446,1.896789990515873,4165.741059523811,4092.870055555555,11777.244678571427,1628.7415357142859
2011/9/20 0:00,653226.4337261904,1.1042237026190476,1.0568,2177.3912113997117,3151.610195887446,6600.121126984126,1859.2874087301586
2011/9/27 0:00,653226.4337261904,1.10616,1.0611058533560607,2175.815735209235,3151.610195887446,6600.121126984126,1859.2874087301586
2011/10/4 0:00,543471.2865927131,1.6666648393001446,1.896789990515873,4165.741059523811,4092.870055555555,11777.244678571427,1628.7415357142859
2011/10/11 0:00,558637.0,1.5745206371031752,1.9472796402380956,3857.7414960317465,2927.710309523809,8766.34963095238,1517.5960079365072
2011/10/18 0:00,415618.98719444463,1.0669721266082253,0.9912929735181488,1818.0,1874.833231601731,4931.0,1291.274227272727
2011/10/25 0:00,543471.2865927131,1.6666648393001446,1.896789990515873,4165.741059523811,4092.870055555555,11777.244678571427,1628.7415357142859
2011/11/1 0:00,543471.2865927131,1.6666648393001446,1.896789990515873,4165.741059523811,4092.870055555555,11777.244678571427,1628.7415357142859
2011/11/8 0:00,356107.985234127,0.7350580994642857,0.7950203632829136,1388.1872023809524,1723.5528730158728,5026.0,1220.0102045454544
2011/11/15 0:00,395789.5977117607,1.4875275032936506,1.7626530102777775,3387.0409880952398,1755.0,11563.440079365078,1282.4225378787878
2011/11/22 0:00,426681.24340620503,1.4802106363888887,1.7868669046825392,3414.6984880952396,2128.0,11036.445515873012,1305.0338369408364
2011/11/29 0:00,543471.2865927131,1.6666648393001446,1.896789990515873,4165.741059523811,4092.870055555555,11777.244678571427,1628.7415357142859
2011/12/6 0:00,543471.2865927131,1.6666648393001446,1.896789990515873,4165.741059523811,4092.870055555555,11777.244678571427,1628.7415357142859
2011/12/13 0:00,794213.1871875904,1.1474278015079364,1.1111038706746026,2176.0,3452.901031746032,6700.207793650792,1965.1639285714282
2011/12/20 0:00,558569.245186508,1.5745206371031752,1.9481971263492068,3857.7414960317465,2972.0,8789.253297619047,1540.5121984126974
2011/12/27 0:00,813240.3204754691,1.1985503223412697,1.5385120402380965,2421.0,4664.3444007936505,14262.208896825396,2132.633593795094
2012/1/3 0:00,543471.2865927131,1.6666648393001446,1.896789990515873,4165.741059523811,4092.870055555555,11777.244678571427,1628.7415357142859
2012/1/10 0:00,770526.0375129874,1.401139902063492,1.46634037484127,2960.0,3811.614215201466,10158.0,1940.0
2012/1/17 0:00,797444.0,1.4368693994841266,1.4928478515873018,3202.0,4233.0,11088.445416666667,2013.4340223665217
2012/1/24 0:00,509211.8691681097,2.2484659861507943,2.1502553839285716,6950.108662698413,4252.261119047619,10913.0,1609.4287857142858
2012/1/31 0:00,543471.2865927131,1.6666648393001446,1.896789990515873,4165.741059523811,4092.870055555555,11777.244678571427,1628.7415357142859
2012/2/7 0:00,543471.2865927131,1.6666648393001446,1.896789990515873,4165.741059523811,4092.870055555555,11777.244678571427,1628.7415357142859
2012/2/14 0:00,533579.940810967,1.7590636074603174,2.112658186349205,5007.052436507937,4549.391297258297,13623.0,1632.2535357142856
2012/2/21 0:00,543471.2865927131,1.6666648393001446,1.896789990515873,4165.741059523811,4092.870055555555,11777.244678571427,1628.7415357142859
2012/2/28 0:00,543471.2865927131,1.6666648393001446,1.896789990515873,4165.741059523811,4092.870055555555,11777.244678571427,1628.7415357142859
2012/3/6 0:00,1318217.244126984,3.179460686388889,4.691684902904043,5334.359964285714,10857.0,52124.48769047619,3137.915583333333
2012/3/13 0:00,837073.3893196251,2.0761908191666665,2.7897535053968237,5182.636611111112,6842.741734126987,29432.0,2109.7231121933623
2012/3/20 0:00,770694.5652907651,1.429100003849206,1.4556430842857138,3130.889976190476,3713.4593778998787,9663.593361111114,1908.0
2012/3/27 0:00,849946.4262640694,5.298173190833333,6.02598,9230.636723665222,15687.379555555557,51950.0546904762,2200.6982579365085
2012/4/3 0:00,687051.0,1.5870922677380954,1.9024218659920635,3920.9785119047633,4182.987773809524,11379.736630952384,1982.0
2012/4/10 0:00,543471.2865927131,1.6666648393001446,1.896789990515873,4165.741059523811,4092.870055555555,11777.244678571427,1628.7415357142859
2012/4/17 0:00,543471.2865927131,1.6666648393001446,1.896789990515873,4165.741059523811,4092.870055555555,11777.244678571427,1628.7415357142859
2012/4/24 0:00,496747.03465079376,4.2171,5.258012446356423,14112.406150432902,22246.976460317463,36160.028956349204,1600.2751904761906
2012/5/1 0:00,543471.2865927131,1.6666648393001446,1.896789990515873,4165.741059523811,4092.870055555555,11777.244678571427,1628.7415357142859
2012/5/8 0:00,837073.3893196251,2.1833826388095243,2.715330039325396,5286.085388888889,6803.538567460319,24987.0,2172.173874098124
2012/5/15 0:00,832896.386819625,3.0197,2.89421,5419.430698412699,9395.0,26951.228646825395,2159.480723304474
2012/5/22 0:00,543471.2865927131,1.6666648393001446,1.896789990515873,4165.741059523811,4092.870055555555,11777.244678571427,1628.7415357142859
2012/5/29 0:00,543471.2865927131,1.6666648393001446,1.896789990515873,4165.741059523811,4092.870055555555,11777.244678571427,1628.7415357142859
2012/6/5 0:00,543471.2865927131,1.6666648393001446,1.896789990515873,4165.741059523811,4092.870055555555,11777.244678571427,1628.7415357142859
2012/6/12 0:00,531148.1452752528,1.7714819991269841,2.43225,5067.546603174605,4726.721809163058,17953.458761904763,1632.2535357142856
2012/6/19 0:00,851105.6498474028,1.4353133288492064,1.6288233343253975,3341.4937380952383,4727.690880591629,15254.0,2112.22321031746
2012/6/26 0:00,533579.940810967,1.7590636074603174,2.112658186349205,5033.495603174604,4549.391297258297,13714.0,1632.2535357142856
2012/7/3 0:00,543471.2865927131,1.6666648393001446,1.896789990515873,4165.741059523811,4092.870055555555,11777.244678571427,1628.7415357142859
2012/7/10 0:00,773412.8698939397,1.43006,1.49713,3110.0,4131.842091269841,11106.235416666668,1976.302103174603
2012/7/17 0:00,543471.2865927131,1.6666648393001446,1.896789990515873,4165.741059523811,4092.870055555555,11777.244678571427,1628.7415357142859
2012/7/24 0:00,813518.896725469,1.2245586619444444,1.5257097292857151,2588.0,4182.680686507937,11219.647892857145,2082.923494588745
2012/7/31 0:00,570987.0964011546,1.4523851737301587,1.19614,3520.1247460317472,2994.483642857143,7281.9916111111115,1540.0978174603165
2012/8/7 0:00,560793.8504260463,1.6665489493001444,1.8870082048015875,4165.741059523811,4100.5708888888885,11344.80148809524,1630.0
2012/8/14 0:00,620994.3683809524,1.07343,1.008644613430847,1682.9227579365079,2820.85066017316,5792.850257936507,1751.814884920635
2012/8/21 0:00,543471.2865927131,1.6666648393001446,1.896789990515873,4165.741059523811,4092.870055555555,11777.244678571427,1628.7415357142859
2012/8/28 0:00,543471.2865927131,1.6666648393001446,1.896789990515873,4165.741059523811,4092.870055555555,11777.244678571427,1628.7415357142859
2012/9/4 0:00,543471.2865927131,1.6666648393001446,1.896789990515873,4165.741059523811,4092.870055555555,11777.244678571427,1628.7415357142859
2012/9/11 0:00,501518.30648412695,0.920779,0.8450371601757704,1423.3198968253973,2277.7830371572873,5537.626492063489,1353.6759098124096
2012/9/18 0:00,579726.9238019483,1.0800468857460317,1.00138,1983.7448225108228,2797.530342712843,6266.179246031745,1501.424865079364
2012/9/25 0:00,543471.2865927131,1.6666648393001446,1.896789990515873,4165.741059523811,4092.870055555555,11777.244678571427,1628.7415357142859
2012/10/2 0:00,580376.9321590911,0.862837,0.8451894366281512,1554.1201071428577,2426.367187950938,5746.241519841269,1431.906007936508
2012/10/9 0:00,543833.0,5.600278056785714,5.847896700476193,14663.678704184704,22984.487626984122,36224.342289682536,1632.2535357142856
2012/10/16 0:00,543471.2865927131,1.6666648393001446,1.896789990515873,4165.741059523811,4092.870055555555,11777.244678571427,1628.7415357142859
2012/10/23 0:00,454183.0226125541,1.5449363122222226,1.9857552581349205,3682.681126984128,2178.659549783551,10868.176158730155,1325.0
2012/10/30 0:00,487617.0,0.6886633762658732,0.796937,1514.9740158730162,2236.8097157287166,5332.111214285714,1349.5909603174605
2012/11/6 0:00,285343.51442857145,0.7454723169126987,0.779136,822.5060039682539,1334.0398730158727,4075.0,866.8313333333332
2012/11/13 0:00,543471.2865927131,1.6666648393001446,1.896789990515873,4165.741059523811,4092.870055555555,11777.244678571427,1628.7415357142859
2012/11/20 0:00,299517.906376984,0.8104696128531745,0.825485,1305.5588841991344,1561.0,4317.0,1065.3774285714287
2012/11/27 0:00,743856.3358373018,1.0483016531955263,1.0031799992998949,1499.0,2466.087023809523,5592.933543650792,1858.4945436507937
2012/12/4 0:00,543471.2865927131,1.6666648393001446,1.896789990515873,4165.741059523811,4092.870055555555,11777.244678571427,1628.7415357142859
2012/12/11 0:00,796391.3607113998,1.1424235992352092,1.09107,1926.0,3445.957698412699,6191.830210317457,1968.8905952380949
2012/12/18 0:00,653226.4337261904,1.0967,1.0576055582132033,2177.3912113997117,3151.610195887446,6600.121126984126,1859.2874087301586
2012/12/25 0:00,543471.2865927131,1.6666648393001446,1.896789990515873,4165.741059523811,4092.870055555555,11777.244678571427,1628.7415357142859
2013/1/1 0:00,543471.2865927131,1.6666648393001446,1.896789990515873,4165.741059523811,4092.870055555555,11777.244678571427,1628.7415357142859
2013/1/8 0:00,511354.76519841276,2.286564205198413,2.151924517261905,6946.380162698413,3747.875262820514,10420.0,1605.9167857142859
2013/1/15 0:00,770799.1299574318,1.429100003849206,1.465991702380952,3130.889976190476,3880.0,9956.803523809527,1909.1136666666662
2013/1/22 0:00,811385.947962482,1.466684928888889,1.5461624426984133,3351.0433214285717,4607.071463924962,14266.722515873014,2027.0
2013/1/29 0:00,533027.1296284273,1.7040730623412705,1.9095311097222223,4258.069595238096,4281.88763095238,12502.0,1632.2535357142856
2013/2/5 0:00,801797.8264613998,1.430162803849206,1.520564168849207,3144.7421341991344,4156.763865079365,11106.235416666668,2017.0
2013/2/12 0:00,543471.2865927131,1.6666648393001446,1.896789990515873,4165.741059523811,4092.870055555555,11777.244678571427,1628.7415357142859
2013/2/19 0:00,545550.4079657289,1.491384984126984,1.73267,3709.2201547619065,4036.5364285714277,11670.918178571428,1628.4915357142856
2013/2/26 0:00,665926.0,2.11076,2.09858,4838.689595238096,4313.0,11212.988285714287,1973.5244653679654
2013/3/5 0:00,543471.2865927131,1.6666648393001446,1.896789990515873,4165.741059523811,4092.870055555555,11777.244678571427,1628.7415357142859
2013/3/12 0:00,543471.2865927131,1.6666648393001446,1.896789990515873,4165.741059523811,4092.870055555555,11777.244678571427,1628.7415357142859
2013/3/19 0:00,849946.4262640694,3.3382547955952373,4.895032268975473,6555.0,12716.57250793651,52065.096690476195,2200.6982579365085
2013/3/26 0:00,615148.0,1.1482154155555555,1.1096281331746027,2213.522112193362,3168.023473665224,6710.024126984125,1774.8073055555556
2013/4/2 0:00,798354.0770378788,1.6316836463095243,2.1212601020634914,3810.7713452380967,4629.554594877343,14638.089773809521,2033.0
2013/4/9 0:00,809067.9480339106,1.4660335488888887,1.5500342943650802,3377.584154761905,4601.342535353533,14318.651373015875,2059.0
2013/4/16 0:00,855297.0,1.4353133288492064,1.6187601343253974,3341.4937380952383,4727.690880591629,14934.251297619046,2112.22321031746
2013/4/23 0:00,543471.2865927131,1.6666648393001446,1.896789990515873,4165.741059523811,4092.870055555555,11777.244678571427,1628.7415357142859
2013/4/30 0:00,478296.1134538241,2.343817169880953,2.88598,7572.5499880952375,7077.936412698414,25970.140575396825,1600.2751904761906
2013/5/7 0:00,834810.8651529583,2.0439372250793646,2.62172,5043.191976190476,7711.0,25927.37571031747,2117.557556637807
2013/5/14 0:00,543471.2865927131,1.6666648393001446,1.896789990515873,4165.741059523811,4092.870055555555,11777.244678571427,1628.7415357142859
2013/5/21 0:00,543471.2865927131,1.6666648393001446,1.896789990515873,4165.741059523811,4092.870055555555,11777.244678571427,1628.7415357142859
2013/5/28 0:00,543471.2865927131,1.6645161281890335,1.91094,4165.741059523811,4092.870055555555,11770.539678571427,1628.7415357142859
2013/6/4 0:00,543471.2865927131,1.6666648393001446,1.896789990515873,4165.741059523811,4092.870055555555,11777.244678571427,1628.7415357142859
2013/6/11 0:00,543471.2865927131,1.6666648393001446,1.896789990515873,4165.741059523811,4092.870055555555,11777.244678571427,1628.7415357142859
2013/6/18 0:00,543471.2865927131,1.6666648393001446,1.896789990515873,4165.741059523811,4092.870055555555,11777.244678571427,1628.7415357142859
2013/6/25 0:00,805133.0,1.429610903849206,1.4802992704761904,3147.512444444445,4024.5471746031735,11041.682821428572,1887.0
2013/7/2 0:00,848030.6557283552,1.256296961706349,1.6079590401587307,2474.2886150793647,4857.910321067822,14637.0,2152.721638888889
2013/7/9 0:00,543471.2865927131,1.6666648393001446,1.896789990515873,4165.741059523811,4092.870055555555,11777.244678571427,1628.7415357142859
2013/7/16 0:00,813132.1388088025,1.1985503223412697,1.51636,2461.2859444444443,4279.0,11202.922845238098,2138.5637683982686
2013/7/23 0:00,758725.4918145749,1.3776602403571423,1.2788718159740262,2846.0,3300.800662698412,7634.177992063491,1856.3558492063491
2013/7/30 0:00,543471.2865927131,1.6666648393001446,1.896789990515873,4165.741059523811,4092.870055555555,11777.244678571427,1628.7415357142859
2013/8/6 0:00,543471.2865927131,1.6666648393001446,1.896789990515873,4165.741059523811,4092.870055555555,11777.244678571427,1628.7415357142859
2013/8/13 0:00,543471.2865927131,1.6666648393001446,1.896789990515873,4165.741059523811,4092.870055555555,11777.244678571427,1628.7415357142859
2013/8/20 0:00,679395.0,1.4601529309920636,1.29483,3563.49021825397,3068.0,7665.139158730159,1801.9687341269841
2013/8/27 0:00,543471.2865927131,1.6666648393001446,1.896789990515873,4165.741059523811,4092.870055555555,11777.244678571427,1628.7415357142859
2013/9/3 0:00,631143.0,1.19291,1.16571061281746,2573.3805952380953,3184.9434736652242,7066.333166666665,1789.3495396825397
2013/9/10 0:00,793700.4568542572,1.1484749348412697,1.111660004007936,2227.0,3452.901031746032,6725.7824603174595,1965.1639285714282
2013/9/17 0:00,793909.0080447332,1.1474278015079364,1.1111038706746026,2159.0,3452.901031746032,6700.207793650792,1965.1639285714282
2013/9/24 0:00,789724.3011637807,1.1019960978463201,1.0475428768878068,2049.0,3420.0079920634926,6038.0,1927.42719047619
2013/10/1 0:00,538049.0,2.2667079438492066,2.102558468849206,6946.380162698413,2566.8520436507943,8876.317063492064,1388.0
2013/10/8 0:00,543471.2865927131,1.6666648393001446,1.896789990515873,4165.741059523811,4092.870055555555,11777.244678571427,1628.7415357142859
2013/10/15 0:00,743856.3358373018,1.0660820937987008,1.005878846478466,1582.0,2627.1241666666665,5441.511757936507,1863.5268214285718
2013/10/22 0:00,543471.2865927131,1.6666648393001446,1.896789990515873,4165.741059523811,4092.870055555555,11777.244678571427,1628.7415357142859
2013/10/29 0:00,567105.9725757575,0.852792,0.8417738762075168,1553.2441269841272,2398.630711760462,5573.764825396823,1425.5996666666667
2013/11/5 0:00,543471.2865927131,1.6666648393001446,1.896789990515873,4165.741059523811,4092.870055555555,11777.244678571427,1628.7415357142859
2013/11/12 0:00,319570.24575396825,0.761098,0.7987199503424373,1528.0,1631.0,4625.654385281385,1145.7841727994225
2013/11/19 0:00,543471.2865927131,1.6666648393001446,1.896789990515873,4165.741059523811,4092.870055555555,11777.244678571427,1628.7415357142859
2013/11/26 0:00,580319.4963257577,0.8189283797222221,0.905981,1577.537746031746,2426.367187950938,5731.13740079365,1431.906007936508
2013/12/3 0:00,543471.2865927131,1.6666648393001446,1.896789990515873,4165.741059523811,4092.870055555555,11777.244678571427,1628.7415357142859
2013/12/10 0:00,543471.2865927131,1.6666648393001446,1.896789990515873,4165.741059523811,4092.870055555555,11777.244678571427,1628.7415357142859
2013/12/17 0:00,543471.2865927131,1.6666648393001446,1.896789990515873,4165.741059523811,4092.870055555555,11777.244678571427,1628.7415357142859
2013/12/24 0:00,793909.0080447332,1.1474278015079364,1.1111038706746026,2146.379563492063,3447.0,6700.207793650792,1965.1639285714282
2013/12/31 0:00,543471.2865927131,1.6666648393001446,1.896789990515873,4165.741059523811,4092.870055555555,11777.244678571427,1628.7415357142859
2014/1/7 0:00,509211.8691681097,2.2484659861507943,2.1596383722619046,6950.108662698413,4437.0,10977.0,1609.4287857142858
2014/1/14 0:00,543471.2865927131,1.6666648393001446,1.896789990515873,4165.741059523811,4092.870055555555,11777.244678571427,1628.7415357142859
2014/1/21 0:00,816241.408607143,1.2202739909920632,1.42547,2522.386892857143,4955.0,11407.84112301587,2008.0
2014/1/28 0:00,701369.4166944444,1.42791,1.43909,3632.0,3331.233814407813,8249.336087301588,1848.6644325396824
2014/2/4 0:00,543471.2865927131,1.6666648393001446,1.896789990515873,4165.741059523811,4092.870055555555,11777.244678571427,1628.7415357142859
2014/2/11 0:00,543471.2865927131,1.65976,1.895145250515873,4165.741059523811,4092.870055555555,11777.244678571427,1628.7415357142859
2014/2/18 0:00,543471.2865927131,1.6666648393001446,1.896789990515873,4165.741059523811,4092.870055555555,11777.244678571427,1628.7415357142859
2014/2/25 0:00,813575.1720974029,1.6316836463095243,2.3456437328968254,3803.6088452380964,4890.898936147185,17602.0,2049.68926984127
2014/3/4 0:00,543471.2865927131,1.6666648393001446,1.896789990515873,4165.741059523811,4092.870055555555,11777.244678571427,1628.7415357142859
2014/3/11 0:00,849946.4262640694,3.815251501190476,5.076213846356423,7424.0,13336.988353174604,51950.0546904762,2200.6982579365085
2014/3/18 0:00,543471.2865927131,1.6666648393001446,1.896789990515873,4165.741059523811,4092.870055555555,11777.244678571427,1628.7415357142859
2014/3/25 0:00,543471.2865927131,1.6666648393001446,1.896789990515873,4165.741059523811,4092.870055555555,11777.244678571427,1628.7415357142859
2014/4/1 0:00,849946.4262640694,3.9033296797619044,5.275639292189758,9732.0,14327.079222222223,51950.0546904762,2200.6982579365085
2014/4/8 0:00,849946.4262640694,3.815251501190476,5.076213846356423,7160.0,13249.13201984127,51950.0546904762,2200.6982579365085
2014/4/15 0:00,1318217.244126984,4.21022,4.9759306280230895,7300.033886724387,11966.0,51950.0546904762,3137.915583333333
2014/4/22 0:00,543471.2865927131,1.6666648393001446,1.896789990515873,4165.741059523811,4092.870055555555,11777.244678571427,1628.7415357142859
2014/4/29 0:00,543471.2865927131,1.6666648393001446,1.896789990515873,4165.741059523811,4092.870055555555,11777.244678571427,1628.7415357142859
2014/5/6 0:00,543471.2865927131,1.6666648393001446,1.896789990515873,4165.741059523811,4092.870055555555,11777.244678571427,1628.7415357142859
2014/5/13 0:00,543471.2865927131,1.6666648393001446,1.896789990515873,4165.741059523811,4092.870055555555,11777.244678571427,1628.7415357142859
2014/5/20 0:00,543471.2865927131,1.6666648393001446,1.896789990515873,4165.741059523811,4092.870055555555,11777.244678571427,1628.7415357142859
2014/5/27 0:00,543471.2865927131,1.6666648393001446,1.896789990515873,4165.741059523811,4092.870055555555,11777.244678571427,1628.7415357142859
2014/6/3 0:00,531499.204560967,1.7590636074603174,2.33472,5033.495603174604,4579.461404401153,16687.59686904762,1632.2535357142856
2014/6/10 0:00,520259.1905039682,2.35665,2.21286,6946.380162698413,2952.4896150793643,10777.98609920635,1545.8495793650789
2014/6/17 0:00,543471.2865927131,1.6666648393001446,1.896789990515873,4165.741059523811,4092.870055555555,11777.244678571427,1628.7415357142859
2014/6/24 0:00,1225226.4904682538,1.2784244159126978,2.4937774661111107,2441.568575396826,6003.0,19580.85577777778,2970.9631825396827
2014/7/1 0:00,699677.3557453101,1.7309617892460318,1.9483862388888886,4174.0,4583.551963924963,14055.874611111109,1978.6910129870128
2014/7/8 0:00,543471.2865927131,1.6666648393001446,1.896789990515873,4165.741059523811,4092.870055555555,11777.244678571427,1628.7415357142859
2014/7/15 0:00,800974.0,1.1438622093650794,1.0815894983531744,1974.1324523809526,3441.7472222222223,6374.790246031745,1968.8905952380949
2014/7/22 0:00,543471.2865927131,1.6666648393001446,1.896789990515873,4165.741059523811,4092.870055555555,11777.244678571427,1628.7415357142859
2014/7/29 0:00,543471.2865927131,1.6666648393001446,1.896789990515873,4165.741059523811,4092.870055555555,11777.244678571427,1628.7415357142859
2014/8/5 0:00,543471.2865927131,1.6666648393001446,1.896789990515873,4165.741059523811,4092.870055555555,11777.244678571427,1628.7415357142859
2014/8/12 0:00,564333.8185966811,1.7549394586507938,2.0565228894444445,4927.917388888889,4208.449960317461,11061.774904761905,1688.0
2014/8/19 0:00,562369.2695158732,1.4614090809920635,1.33093,3572.6232182539698,2931.720238095237,7608.382130952383,1515.247626984126
2014/8/26 0:00,572362.2765202023,1.469337996269841,1.6983755057142855,3616.401702380954,3172.2019929792423,8948.971873015871,1579.0
2014/9/2 0:00,543471.2865927131,1.6666648393001446,1.896789990515873,4165.741059523811,4092.870055555555,11777.244678571427,1628.7415357142859
2014/9/9 0:00,611184.0,1.1482154155555555,1.1111081331746027,2213.522112193362,3168.023473665224,6710.024126984125,1771.1745277777777
2014/9/16 0:00,543471.2865927131,1.6666648393001446,1.896789990515873,4165.741059523811,4092.870055555555,11777.244678571427,1628.7415357142859
2014/9/23 0:00,543471.2865927131,1.6666648393001446,1.896789990515873,4165.741059523811,4092.870055555555,11777.244678571427,1628.7415357142859
2014/9/30 0:00,539243.242488456,0.7180010211825396,0.7980129680884689,1558.0437460317462,2410.201187950938,5232.0,1417.0
2014/10/7 0:00,580738.3712543291,0.864118,0.8450304819614846,1572.6344126984131,2398.630711760462,5578.457825396824,1428.1368809523813
2014/10/14 0:00,543471.2865927131,1.6666648393001446,1.896789990515873,4165.741059523811,4092.870055555555,11777.244678571427,1628.7415357142859
2014/10/21 0:00,527281.6785162337,0.742747,0.797729791338469,1529.2548492063493,2387.6524974747476,5289.297297619048,1401.0
2014/10/28 0:00,543471.2865927131,1.6666648393001446,1.896789990515873,4165.741059523811,4092.870055555555,11777.244678571427,1628.7415357142859
2014/11/4 0:00,543471.2865927131,1.6666648393001446,1.896789990515873,4165.741059523811,4092.870055555555,11777.244678571427,1628.7415357142859
2014/11/11 0:00,579668.0,0.805251,0.8186677845527545,1608.9806984126988,2426.367187950938,5676.866793650793,1431.906007936508
2014/11/18 0:00,387547.08148412703,0.7346565511309524,0.7941184982829135,1366.7531825396827,1814.0357539682539,5173.0,1274.190129148629
2014/11/25 0:00,406696.7105450941,1.4875275032936506,1.7626530102777775,3416.8909880952397,2033.0,11563.440079365078,1286.8689112554107
2014/12/2 0:00,543471.2865927131,1.6666648393001446,1.896789990515873,4165.741059523811,4092.870055555555,11777.244678571427,1628.7415357142859
2014/12/9 0:00,583853.0,0.8050855452341268,0.7810064358571427,1714.0,2434.992687950938,5970.0,1431.7001031746033
2014/12/16 0:00,543471.2865927131,1.6666648393001446,1.896789990515873,4165.741059523811,4092.870055555555,11777.244678571427,1628.7415357142859
2014/12/23 0:00,558459.8216150795,1.5745206371031752,1.9481971263492068,3857.7414960317465,2947.0,8783.771297619047,1538.463912698412
2014/12/30 0:00,563549.7261825397,1.4614090809920635,1.2917867250216453,3572.6232182539698,2926.4969047619047,7626.0,1515.7837936507929
2015/1/6 0:00,543471.2865927131,1.6666648393001446,1.896789990515873,4165.741059523811,4092.870055555555,11777.244678571427,1628.7415357142859
2015/1/13 0:00,543471.2865927131,1.6666648393001446,1.896789990515873,4165.741059523811,4092.870055555555,11777.244678571427,1628.7415357142859
2015/1/20 0:00,543471.2865927131,1.6666648393001446,1.896789990515873,4165.741059523811,4092.870055555555,11777.244678571427,1628.7415357142859
2015/1/27 0:00,509898.98346176057,2.195700678134921,2.1502553839285716,6937.014496031746,4250.634869047619,11164.0,1609.4287857142858
2015/2/3 0:00,543471.2865927131,1.6666648393001446,1.896789990515873,4165.741059523811,4092.870055555555,11777.244678571427,1628.7415357142859
2015/2/10 0:00,803298.3349624819,1.50165,1.5795709276984136,3421.099083333333,4573.291130591629,13890.31171428571,2028.0
2015/2/17 0:00,543471.2865927131,1.6666648393001446,1.896789990515873,4165.741059523811,4092.870055555555,11777.244678571427,1628.7415357142859
2015/2/24 0:00,543471.2865927131,1.6666648393001446,1.896789990515873,4165.741059523811,4073.0,12158.0,1628.7415357142859
2015/3/3 0:00,543471.2865927131,1.6666648393001446,1.896789990515873,4165.741059523811,4092.870055555555,11777.244678571427,1628.7415357142859
2015/3/10 0:00,543471.2865927131,1.6666648393001446,1.896789990515873,4165.741059523811,4092.870055555555,11777.244678571427,1628.7415357142859
2015/3/17 0:00,543471.2865927131,1.6666648393001446,1.896789990515873,4165.741059523811,4092.870055555555,11777.244678571427,1628.7415357142859
2015/3/24 0:00,773386.521727273,1.4358065994841267,1.4852583988095243,3205.742905483406,4119.639579365079,11088.445416666667,1978.0
2015/3/31 0:00,650356.0,2.40991,2.92520322199495,5700.0,7447.131630952382,26626.02248015872,1949.0
2015/4/7 0:00,787192.0,1.584408133809524,1.98859,3655.418000000001,4494.0,13845.813999999997,2012.7739285714279
2015/4/14 0:00,511088.1092182539,1.57280528984127,1.98985,3786.586662698413,2651.0641150793654,10265.816777777778,1497.2498968253965
2015/4/21 0:00,794277.451532828,1.4531536766269837,1.4944061393253971,3241.009548340548,4147.1081230158725,11102.746083333333,2008.0
2015/4/28 0:00,530817.4356468255,2.25112,2.103240587738095,6946.380162698413,3012.724615079364,8586.84684126984,1536.1638174603167
2015/5/5 0:00,543471.2865927131,1.6666648393001446,1.896789990515873,4165.741059523811,4092.870055555555,11777.244678571427,1628.7415357142859
2015/5/12 0:00,543471.2865927131,1.6666648393001446,1.896789990515873,4165.741059523811,4092.870055555555,11777.244678571427,1628.7415357142859
2015/5/19 0:00,816098.0,1.2481265612301586,1.5450770798015878,2521.6037499999998,4781.943047258297,14512.056384920632,1993.0
2015/5/26 0:00,849946.4262640694,3.15183,4.707747762904043,5538.320071428572,11983.000674603174,52124.48769047619,2200.6982579365085
2015/6/2 0:00,543471.2865927131,1.6666648393001446,1.896789990515873,4165.741059523811,4092.870055555555,11777.244678571427,1628.7415357142859
2015/6/9 0:00,480596.4601204907,2.2513271959523804,3.5918,7802.09375,7474.947365079365,26398.879265873013,1600.2751904761906
2015/6/16 0:00,543471.2865927131,1.6666648393001446,1.896789990515873,4165.741059523811,4092.870055555555,11777.244678571427,1628.7415357142859
2015/6/23 0:00,543471.2865927131,1.6666648393001446,1.896789990515873,4165.741059523811,4092.870055555555,11777.244678571427,1628.7415357142859
2015/6/30 0:00,489073.5111204908,2.336912801150794,2.658055699444444,7182.936138888888,4859.791591269841,19603.0,1600.2751904761906
2015/7/7 0:00,543471.2865927131,1.6666648393001446,1.896789990515873,4165.741059523811,4092.870055555555,11777.244678571427,1628.7415357142859
2015/7/14 0:00,543471.2865927131,1.6666648393001446,1.896789990515873,4165.741059523811,4092.870055555555,11777.244678571427,1628.7415357142859
2015/7/21 0:00,511088.1092182539,1.57280528984127,1.98957,3786.586662698413,2651.0641150793654,10265.816777777778,1497.2498968253965
2015/7/28 0:00,543471.2865927131,1.6666648393001446,1.896789990515873,4165.741059523811,4092.870055555555,11777.244678571427,1628.7415357142859
2015/8/4 0:00,602325.7648888888,1.4577622588888886,1.6306950232539679,3592.063202380954,3232.000016788765,9038.597289682539,1742.0
2015/8/11 0:00,543471.2865927131,1.6666648393001446,1.896789990515873,4165.741059523811,4092.870055555555,11777.244678571427,1628.7415357142859
2015/8/18 0:00,543471.2865927131,1.6666648393001446,1.896789990515873,4165.741059523811,4092.870055555555,11777.244678571427,1628.7415357142859
2015/8/25 0:00,563013.5158932181,1.2593152728968255,1.673815257261905,2612.0,2575.4921879509384,9082.223083333334,1439.0
2015/9/1 0:00,543471.2865927131,1.6666648393001446,1.896789990515873,4165.741059523811,4092.870055555555,11777.244678571427,1628.7415357142859
2015/9/8 0:00,498553.911297619,1.4768761738888887,1.7801300632539676,3463.1834880952397,2313.0,10661.679849206346,1348.0986161616163
2015/9/15 0:00,578010.9682067102,0.8025313626785713,0.742116867996032,2087.519401875903,2465.774687950938,6768.0,1434.9984365079365
2015/9/22 0:00,543471.2865927131,1.6666648393001446,1.896789990515873,4165.741059523811,4092.870055555555,11777.244678571427,1628.7415357142859
2015/9/29 0:00,434804.13425396837,0.8249442567499998,0.8414684130725959,1501.9283134920638,2122.281146464647,5686.0,1310.5822655122652
2015/10/6 0:00,543471.2865927131,1.6666648393001446,1.896789990515873,4165.741059523811,4092.870055555555,11777.244678571427,1628.7415357142859
2015/10/13 0:00,579782.7714924244,0.8277942578690473,0.843118,1593.0070793650798,2426.367187950938,5746.241519841269,1431.906007936508
2015/10/20 0:00,543471.2865927131,1.6666648393001446,1.896789990515873,4165.741059523811,4092.870055555555,11777.244678571427,1628.7415357142859
2015/10/27 0:00,543471.2865927131,1.6666648393001446,1.896789990515873,4165.741059523811,4092.870055555555,11777.244678571427,1628.7415357142859
2015/11/3 0:00,336324.01185317466,0.663501,0.8087451772142858,1320.3579556277057,1494.3527857142863,4596.0,1108.5610238095242
2015/11/10 0:00,585923.0,0.8583079913412699,0.830826,1457.2794920634926,2237.648314935065,5614.147325396823,1329.0
2015/11/17 0:00,467768.084063492,0.710029,0.7966365329495801,1514.9740158730162,2239.4572157287166,5331.242880952382,1334.7021349206352
2015/11/24 0:00,504385.2053452381,0.6957107468611112,0.7993354296162467,1529.2548492063493,2364.0,5318.629547619048,1356.0
2015/12/1 0:00,543471.2865927131,1.6666648393001446,1.896789990515873,4165.741059523811,4092.870055555555,11777.244678571427,1628.7415357142859
2015/12/8 0:00,543471.2865927131,1.6666648393001446,1.896789990515873,4165.741059523811,4092.870055555555,11777.244678571427,1628.7415357142859
2015/12/15 0:00,543471.2865927131,1.6666648393001446,1.896789990515873,4165.741059523811,4092.870055555555,11777.244678571427,1628.7415357142859
2015/12/22 0:00,653226.4337261904,1.10163,1.056351226784632,2177.3912113997117,3151.610195887446,6600.121126984126,1859.2874087301586
2015/12/29 0:00,543471.2865927131,1.6666648393001446,1.896789990515873,4165.741059523811,4092.870055555555,11777.244678571427,1628.7415357142859
2016/1/5 0:00,543471.2865927131,1.6666648393001446,1.896789990515873,4165.741059523811,4092.870055555555,11777.244678571427,1628.7415357142859
2016/1/12 0:00,770060.1483939397,1.443123466388888,1.4872705121428575,3207.0,4078.0,11120.617488095239,1943.605984126984
2016/1/19 0:00,543471.2865927131,1.6666648393001446,1.896789990515873,4165.741059523811,4092.870055555555,11777.244678571427,1628.7415357142859
2016/1/26 0:00,543471.2865927131,1.6666648393001446,1.896789990515873,4165.741059523811,4092.870055555555,11777.244678571427,1628.7415357142859
2016/2/2 0:00,801078.8267947331,1.4363174994841266,1.4928478515873018,3214.455405483406,4136.369067460318,11088.445416666667,1999.0
2016/2/9 0:00,543471.2865927131,1.6666648393001446,1.896789990515873,4165.741059523811,4092.870055555555,11777.244678571427,1628.7415357142859
2016/2/16 0:00,543471.2865927131,1.6666648393001446,1.896789990515873,4165.741059523811,4092.870055555555,11777.244678571427,1628.7415357142859
2016/2/23 0:00,543471.2865927131,1.6666648393001446,1.896789990515873,4165.741059523811,4092.870055555555,11777.244678571427,1628.7415357142859
2016/3/1 0:00,854258.0859862918,2.0503023320238087,4.658099857904043,5209.0,7980.5419126984125,48833.204833333344,2135.451496031746
2016/3/8 0:00,543471.2865927131,1.6666648393001446,1.896789990515873,4165.741059523811,4092.870055555555,11777.244678571427,1628.7415357142859
2016/3/15 0:00,846072.5484862917,2.118439312738095,4.626058915404041,5744.0,7688.586674603173,51904.70028571429,2192.5132579365086
2016/3/22 0:00,543471.2865927131,1.6666648393001446,1.896789990515873,4165.741059523811,4092.870055555555,11777.244678571427,1628.7415357142859
2016/3/29 0:00,832896.386819625,3.36832,3.070831900198414,5940.776559523809,12301.817055555557,24900.0,2160.219294733045
2016/4/5 0:00,543471.2865927131,1.6666648393001446,1.896789990515873,4165.741059523811,4092.870055555555,11777.244678571427,1628.7415357142859
2016/4/12 0:00,543471.2865927131,1.6666648393001446,1.896789990515873,4165.741059523811,4092.870055555555,11777.244678571427,1628.7415357142859
2016/4/19 0:00,845391.0,1.4353133288492064,1.6187601343253974,3341.4937380952383,4727.690880591629,14816.919369047617,2112.22321031746
2016/4/26 0:00,489536.64098412707,3.8027,5.2345197663564225,13701.468938311687,21603.380626984126,36160.028956349204,1600.2751904761906
2016/5/3 0:00,543471.2865927131,1.6666648393001446,1.896789990515873,4165.741059523811,4092.870055555555,11777.244678571427,1628.7415357142859
2016/5/10 0:00,496747.03465079376,5.06308,5.847896700476193,14663.678704184704,22963.68096031746,36160.028956349204,1600.2751904761906
2016/5/17 0:00,854258.0859862918,2.0503023320238087,4.65163,5157.183488095238,8008.206079365079,48833.204833333344,2130.4814960317462
2016/5/24 0:00,543471.2865927131,1.6666648393001446,1.896789990515873,4165.741059523811,4092.870055555555,11777.244678571427,1628.7415357142859
2016/5/31 0:00,818838.5475555557,2.0798122941666666,2.819749722063491,5164.2776111111125,7041.6623055555565,30183.0,1995.0
2016/6/7 0:00,543471.2865927131,1.6666648393001446,1.896789990515873,4165.741059523811,4092.870055555555,11777.244678571427,1628.7415357142859
2016/6/14 0:00,832896.386819625,3.21511,3.16426,5467.480813492063,12332.98276984127,25484.0,2160.219294733045
2016/6/21 0:00,832896.386819625,3.1967828866269836,3.14433,5467.480813492063,11503.0,26678.122539682536,2160.219294733045
2016/6/28 0:00,854258.0859862918,2.0214938050793645,4.658099857904043,5145.0,8008.206079365079,48833.204833333344,2130.4814960317462
2016/7/5 0:00,543471.2865927131,1.6666648393001446,1.896789990515873,4165.741059523811,4092.870055555555,11777.244678571427,1628.7415357142859
2016/7/12 0:00,851407.4922283551,1.4453961253968253,1.6894415676587309,3383.515428571429,4727.690880591629,15548.0,2112.4905436507934
2016/7/19 0:00,543471.2865927131,1.6666648393001446,1.896789990515873,4165.741059523811,4092.870055555555,11777.244678571427,1628.7415357142859
2016/7/26 0:00,543471.2865927131,1.6666648393001446,1.896789990515873,4165.741059523811,4092.870055555555,11777.244678571427,1628.7415357142859
2016/8/2 0:00,781240.0,1.1492208265079364,1.111660004007936,2266.1399058441557,3453.3074603174605,6790.37246031746,1915.4393015873013
2016/8/9 0:00,543471.2865927131,1.6666648393001446,1.896789990515873,4165.741059523811,4092.870055555555,11777.244678571427,1628.7415357142859
2016/8/16 0:00,543471.2865927131,1.6666648393001446,1.896789990515873,4165.741059523811,4092.870055555555,11777.244678571427,1628.7415357142859
2016/8/23 0:00,543471.2865927131,1.6666648393001446,1.896789990515873,4165.741059523811,4092.870055555555,11777.244678571427,1628.7415357142859
2016/8/30 0:00,543471.2865927131,1.6666648393001446,1.896789990515873,4165.741059523811,4092.870055555555,11777.244678571427,1628.7415357142859
2016/9/6 0:00,543471.2865927131,1.6666648393001446,1.896789990515873,4165.741059523811,4092.870055555555,11777.244678571427,1628.7415357142859
2016/9/13 0:00,543471.2865927131,1.6666648393001446,1.896789990515873,4165.741059523811,4092.870055555555,11777.244678571427,1628.7415357142859
2016/9/20 0:00,543471.2865927131,1.6666648393001446,1.896789990515873,4165.741059523811,4092.870055555555,11777.244678571427,1628.7415357142859
2016/9/27 0:00,415361.34712301596,1.036027697322511,0.961603,1404.7857420634923,2060.165753607504,5596.0,1289.574493145743
2016/10/4 0:00,579910.7039924244,0.818998,0.8526375764098972,1593.0070793650798,2426.367187950938,5746.241519841269,1431.906007936508
2016/10/11 0:00,489090.7793614717,0.7905699214206348,0.827597,1447.2825508658009,1578.0,5126.226285714286,1405.0
2016/10/18 0:00,543471.2865927131,1.6666648393001446,1.896789990515873,4165.741059523811,4092.870055555555,11777.244678571427,1628.7415357142859
2016/10/25 0:00,543471.2865927131,1.6666648393001446,1.896789990515873,4165.741059523811,4092.870055555555,11777.244678571427,1628.7415357142859
2016/11/1 0:00,543471.2865927131,1.6666648393001446,1.896789990515873,4165.741059523811,4092.870055555555,11777.244678571427,1628.7415357142859
2016/11/8 0:00,356443.598329365,0.7338968816071428,0.7950203632829136,1389.6238690476193,1655.6481190476186,4915.0,1218.1667759740258
2016/11/15 0:00,398477.9957658732,0.7312039516547619,0.7948958529495801,1471.8053492063493,1940.4512593795093,5230.0,1296.2930660173158
2016/11/22 0:00,543471.2865927131,1.6666648393001446,1.896789990515873,4165.741059523811,4092.870055555555,11777.244678571427,1628.7415357142859
2016/11/29 0:00,543471.2865927131,1.6666648393001446,1.896789990515873,4165.741059523811,4092.870055555555,11777.244678571427,1628.7415357142859
2016/12/6 0:00,796391.3607113998,1.1438622093650794,1.0847787370436506,2073.0,3445.957698412699,6679.927793650792,1968.8905952380949
2016/12/13 0:00,548426.5128690477,2.0828235503174612,2.022914137420634,6804.668325396825,3000.411281746031,8304.0,1536.1638174603167
2016/12/20 0:00,530881.5337420634,2.2529334842063493,2.0827472299603174,6920.443496031746,2964.9611230158716,8563.0,1484.0
2016/12/27 0:00,543471.2865927131,1.6666648393001446,1.896789990515873,4165.741059523811,4092.870055555555,11777.244678571427,1628.7415357142859
2017/1/3 0:00,543471.2865927131,1.6666648393001446,1.896789990515873,4165.741059523811,4092.870055555555,11777.244678571427,1628.7415357142859
2017/1/10 0:00,543471.2865927131,1.6666648393001446,1.896789990515873,4165.741059523811,4092.870055555555,11777.244678571427,1628.7415357142859
2017/1/17 0:00,543471.2865927131,1.6666648393001446,1.896789990515873,4165.741059523811,4092.870055555555,11777.244678571427,1628.7415357142859
2017/1/24 0:00,543471.2865927131,1.6666648393001446,1.896789990515873,4165.741059523811,4092.870055555555,11777.244678571427,1628.7415357142859
2017/1/31 0:00,1225226.4904682538,1.2784244159126978,2.5194952794444436,2441.568575396826,6134.0,31890.240682539683,2970.9631825396827
2017/2/7 0:00,543471.2865927131,1.6666648393001446,1.896789990515873,4165.741059523811,4092.870055555555,11777.244678571427,1628.7415357142859
2017/2/14 0:00,543471.2865927131,1.6666648393001446,1.896789990515873,4165.741059523811,4092.870055555555,11777.244678571427,1628.7415357142859
2017/2/21 0:00,543471.2865927131,1.6666648393001446,1.896789990515873,4165.741059523811,4092.870055555555,11777.244678571427,1628.7415357142859
2017/2/28 0:00,850249.5509862917,2.126004221071428,4.299740089563494,5585.927777777779,7474.0,48598.77479761905,2279.0
2017/3/7 0:00,814280.241475469,1.1712505020238095,1.570346901666668,2134.501301587302,4689.633734126984,14114.15873015873,2272.0
2017/3/14 0:00,543471.2865927131,1.6666648393001446,1.896789990515873,4165.741059523811,4092.870055555555,11777.244678571427,1628.7415357142859
2017/3/21 0:00,1318217.244126984,3.9033296797619044,5.259576432189757,9138.457503246751,14166.0,51950.0546904762,3137.915583333333
2017/3/28 0:00,496747.03465079376,5.70943,5.847896700476193,14663.678704184704,22963.68096031746,36160.028956349204,1600.2751904761906
2017/4/4 0:00,849946.4262640694,3.9033296797619044,5.275639292189758,9410.0,14327.079222222223,51950.0546904762,2200.6982579365085
2017/4/11 0:00,854123.4287640693,2.118439312738095,4.672680459570708,5439.148940476192,8074.244186507936,56761.0,2189.6232579365083
2017/4/18 0:00,543471.2865927131,1.6666648393001446,1.896789990515873,4165.741059523811,4092.870055555555,11777.244678571427,1628.7415357142859
2017/4/25 0:00,543471.2865927131,1.6666648393001446,1.896789990515873,4165.741059523811,4092.870055555555,11777.244678571427,1628.7415357142859
2017/5/2 0:00,543471.2865927131,1.6666648393001446,1.896789990515873,4165.741059523811,4092.870055555555,11777.244678571427,1628.7415357142859
2017/5/9 0:00,543471.2865927131,1.6666648393001446,1.896789990515873,4165.741059523811,4092.870055555555,11777.244678571427,1628.7415357142859
2017/5/16 0:00,814280.241475469,1.1712505020238095,1.570346901666668,2134.501301587302,4689.633734126984,14114.15873015873,2227.0
2017/5/23 0:00,849946.4262640694,2.1281696555952374,4.728439229570709,5465.520976190477,7956.790400793649,53025.0,2192.5132579365086
2017/5/30 0:00,543471.2865927131,1.6666648393001446,1.896789990515873,4165.741059523811,4092.870055555555,11777.244678571427,1628.7415357142859
2017/6/6 0:00,478296.1134538241,2.3582929698809525,3.00518,7588.279273809524,7077.936412698414,25970.140575396825,1600.2751904761906
2017/6/13 0:00,837073.3893196251,2.2156066338095237,2.763170620873015,5339.192853174604,6813.958567460319,25938.0,2201.0
2017/6/20 0:00,850249.5509862917,2.0503023320238087,4.724913036237377,5223.0,7944.308341269842,48833.204833333344,2135.451496031746
2017/6/27 0:00,875658.0,1.8457752016666666,2.80581886456349,4721.0,7033.185924603176,37747.85869047618,2105.248278860029
2017/7/4 0:00,1225226.4904682538,1.2784244159126978,2.7170665739682534,2501.860063492064,6218.0,43176.95866666665,2970.9631825396827
2017/7/11 0:00,543471.2865927131,1.6666648393001446,1.896789990515873,4165.741059523811,4092.870055555555,11777.244678571427,1628.7415357142859
2017/7/18 0:00,813856.4049754691,1.336707363333333,1.526796329285715,2666.0397568542567,4185.556853174603,11219.647892857145,2112.0
2017/7/25 0:00,543471.2865927131,1.6666648393001446,1.896789990515873,4165.741059523811,4092.870055555555,11777.244678571427,1628.7415357142859
2017/8/1 0:00,792268.8949007934,1.4743783047222216,1.5431444399206355,3358.205821428572,4585.168630591628,13291.0,2018.0
2017/8/8 0:00,543471.2865927131,1.6666648393001446,1.896789990515873,4165.741059523811,4092.870055555555,11777.244678571427,1628.7415357142859
2017/8/15 0:00,543471.2865927131,1.6666648393001446,1.896789990515873,4165.741059523811,4092.870055555555,11777.244678571427,1628.7415357142859
2017/8/22 0:00,727870.137054834,1.452337461825397,1.23235,3212.62411976912,3429.0,7590.837658730157,1896.0
2017/8/29 0:00,785606.0,1.14131,1.1067699641190472,2203.5714534632034,3452.901031746032,6725.7824603174595,1928.29719047619
2017/9/5 0:00,654740.8018928571,1.0973059771428568,1.0473,2179.2597828282833,3157.9946403318904,6600.121126984126,1869.5257420634923
2017/9/12 0:00,543471.2865927131,1.6666648393001446,1.896789990515873,4165.741059523811,4092.870055555555,11777.244678571427,1628.7415357142859
2017/9/19 0:00,543471.2865927131,1.6666648393001446,1.896789990515873,4165.741059523811,4092.870055555555,11777.244678571427,1628.7415357142859
2017/9/26 0:00,543471.2865927131,1.6666648393001446,1.896789990515873,4165.741059523811,4092.870055555555,11777.244678571427,1628.7415357142859
2017/10/3 0:00,760130.0,1.0334706654733044,0.9889838968117993,1314.1690429292933,1862.0,5436.33245238095,1850.1492103174603
2017/10/10 0:00,543471.2865927131,1.6666648393001446,1.896789990515873,4165.741059523811,4092.870055555555,11777.244678571427,1628.7415357142859
2017/10/17 0:00,543471.2865927131,1.6666648393001446,1.896789990515873,4165.741059523811,4092.870055555555,11777.244678571427,1628.7415357142859
2017/10/24 0:00,543471.2865927131,1.6666648393001446,1.896789990515873,4165.741059523811,4092.870055555555,11777.244678571427,1628.7415357142859
2017/10/31 0:00,543471.2865927131,1.6666648393001446,1.896789990515873,4165.741059523811,4092.870055555555,11777.244678571427,1628.7415357142859
2017/11/7 0:00,467768.084063492,0.705637,0.79686089294958,1514.9740158730162,2239.4572157287166,5332.111214285714,1334.7021349206352
2017/11/14 0:00,543471.2865927131,1.6666648393001446,1.896789990515873,4165.741059523811,4092.870055555555,11777.244678571427,1628.7415357142859
2017/11/21 0:00,775731.0,0.822659,0.7440562810912702,2239.0,2733.891023809523,6618.995317460317,1863.792912698413
2017/11/28 0:00,580376.9321590911,0.859864,0.8451894366281512,1554.1201071428577,2426.367187950938,5746.241519841269,1431.906007936508
2017/12/5 0:00,835027.0,1.4216163578968255,1.6066428401587312,3292.3219437229436,4747.105880591629,14831.276988095236,2107.2253531746032
2017/12/12 0:00,850106.5885974029,1.365710179285714,1.6259228801587309,2773.0,4825.126904401154,14903.971297619048,2114.864948412698
2017/12/19 0:00,543471.2865927131,1.6666648393001446,1.896789990515873,4165.741059523811,4092.870055555555,11777.244678571427,1628.7415357142859
2017/12/26 0:00,543471.2865927131,1.6666648393001446,1.896789990515873,4165.741059523811,4092.870055555555,11777.244678571427,1628.7415357142859
2018/1/2 0:00,543471.2865927131,1.6666648393001446,1.896789990515873,4165.741059523811,4092.870055555555,11777.244678571427,1628.7415357142859
2018/1/9 0:00,543471.2865927131,1.6666648393001446,1.896789990515873,4165.741059523811,4092.870055555555,11777.244678571427,1628.7415357142859
2018/1/16 0:00,1176972.7271190474,2.122934681071428,4.228893682896827,5589.0,6802.0,47887.65283333334,2834.9874206349214
2018/1/23 0:00,545550.4079657289,1.491384984126984,1.72208,3709.2201547619065,4036.5364285714277,11670.918178571428,1628.4915357142856
2018/1/30 0:00,543471.2865927131,1.6666648393001446,1.896789990515873,4165.741059523811,4092.870055555555,11777.244678571427,1628.7415357142859
2018/2/6 0:00,1428632.7203015874,1.86871,4.701328679094519,4892.961873015874,8451.0,52555.938285714285,3217.1115634920625
2018/2/13 0:00,837073.3893196251,2.1690928188095238,2.709096275039682,5286.085388888889,6803.538567460319,24419.0,2172.173874098124
2018/2/20 0:00,1026187.0,1.8388911078174603,4.24318410623016,4870.257694444445,7753.7352023809535,48307.46729761905,2806.343706349206
2018/2/27 0:00,1108678.9662619047,1.1842079229761904,1.6267357825396838,2362.828924603175,5213.960388888889,14614.376166666669,2666.0
2018/3/6 0:00,849946.4262640694,3.9033296797619044,5.1340060480230925,8809.0,14327.079222222223,51950.0546904762,2200.6982579365085
2018/3/13 0:00,841081.924319625,2.0665735991666665,2.73181,5106.3000357142855,6842.741734126987,33113.0,2113.9316836219336
2018/3/20 0:00,479112.33345382405,2.365695136547619,3.24012,7762.181607142857,7499.797365079365,26028.533075396823,1600.2751904761906
2018/3/27 0:00,543471.2865927131,1.6666648393001446,1.896789990515873,4165.741059523811,4092.870055555555,11777.244678571427,1628.7415357142859
2018/4/3 0:00,543471.2865927131,1.6666648393001446,1.896789990515873,4165.741059523811,4092.870055555555,11777.244678571427,1628.7415357142859
2018/4/10 0:00,1318217.244126984,3.179460686388889,4.691684902904043,5334.359964285714,10758.0,52124.48769047619,3137.915583333333
2018/4/17 0:00,849946.4262640694,3.3258,4.895032268975473,6263.9897817460305,12585.017507936509,52124.48769047619,2200.6982579365085
2018/4/24 0:00,543471.2865927131,1.6666648393001446,1.896789990515873,4165.741059523811,4092.870055555555,11777.244678571427,1628.7415357142859
2018/5/1 0:00,543471.2865927131,1.6666648393001446,1.896789990515873,4165.741059523811,4092.870055555555,11777.244678571427,1628.7415357142859
2018/5/8 0:00,496006.3319841271,4.242480027619047,5.20091,14097.648233766236,29772.0,36160.028956349204,1600.2751904761906
2018/5/15 0:00,543471.2865927131,1.6666648393001446,1.896789990515873,4165.741059523811,4092.870055555555,11777.244678571427,1628.7415357142859
2018/5/22 0:00,1260932.0,2.0221107186507923,4.724913036237377,5166.792841269841,8044.377678571427,52555.938285714285,2971.6437182539685
2018/5/29 0:00,543471.2865927131,1.6666648393001446,1.896789990515873,4165.741059523811,4092.870055555555,11777.244678571427,1628.7415357142859
2018/6/5 0:00,854123.4287640693,2.118439312738095,4.672680459570708,5439.148940476192,8074.244186507936,55431.0,2189.6232579365083
2018/6/12 0:00,1172205.5333690476,2.122934681071428,4.12777,5477.181333333334,7592.127285714286,48598.77479761905,2646.0
2018/6/19 0:00,849946.4262640694,3.9033296797619044,5.275639292189758,9721.0,14327.079222222223,51950.0546904762,2200.6982579365085
2018/6/26 0:00,832896.386819625,3.08559,3.05581364465368,5420.331646825398,10273.546099206347,26892.045789682536,2159.480723304474
2018/7/3 0:00,543471.2865927131,1.6666648393001446,1.896789990515873,4165.741059523811,4092.870055555555,11777.244678571427,1628.7415357142859
2018/7/10 0:00,837073.3893196251,2.1833826388095243,2.7839974982539673,5383.779353174605,6813.8065674603195,27854.0,2170.855302669553
2018/7/17 0:00,543471.2865927131,1.6666648393001446,1.896789990515873,4165.741059523811,4092.870055555555,11777.244678571427,1628.7415357142859
2018/7/24 0:00,489073.5111204908,2.336912801150794,2.6733359075396828,7182.936138888888,5204.781876984126,20610.0,1600.2751904761906
2018/7/31 0:00,489073.5111204908,2.334620021150794,2.6028721242857142,7167.493472222222,4759.150484126983,18864.0,1600.2751904761906
2018/8/7 0:00,543471.2865927131,1.6666648393001446,1.896789990515873,4165.741059523811,4092.870055555555,11777.244678571427,1628.7415357142859
2018/8/14 0:00,1208132.7632539682,1.2292320730555553,2.15261038452381,2406.444527777778,5530.0,14734.385273809523,2962.6516825396825
2018/8/21 0:00,1123869.0,1.2784244159126978,1.8016107526587306,2408.664051587302,5210.370888888889,15763.0,2802.024349206349
2018/8/28 0:00,543471.2865927131,1.6666648393001446,1.896789990515873,4165.741059523811,4092.870055555555,11777.244678571427,1628.7415357142859
2018/9/4 0:00,543471.2865927131,1.6666648393001446,1.896789990515873,4165.741059523811,4092.870055555555,11777.244678571427,1628.7415357142859
2018/9/11 0:00,770694.5652907651,1.429100003849206,1.4556430842857138,3130.889976190476,3741.0,9755.286250000003,1902.6222380952377
2018/9/18 0:00,543471.2865927131,1.6666648393001446,1.896789990515873,4165.741059523811,4092.870055555555,11777.244678571427,1628.7415357142859
2018/9/25 0:00,543471.2865927131,1.6666648393001446,1.896789990515873,4165.741059523811,4092.870055555555,11777.244678571427,1628.7415357142859
2018/10/2 0:00,814280.241475469,1.1712505020238095,1.570346901666668,2134.501301587302,4689.633734126984,14114.15873015873,2154.0
2018/10/9 0:00,1060841.0,1.2071698810714284,1.6627403140873025,2346.0,5206.862888888889,14599.082833333334,2795.666849206349
2018/10/16 0:00,809278.1666637808,1.2187967909920632,1.4141841696825397,2483.2631428571426,3512.3622976190472,8116.0,2154.0
2018/10/23 0:00,579662.8558257577,0.8025313626785713,0.748613,2138.0,2466.0,6533.02009126984,1433.8134365079366
2018/10/30 0:00,543471.2865927131,1.6666648393001446,1.896789990515873,4165.741059523811,4092.870055555555,11777.244678571427,1628.7415357142859
2018/11/6 0:00,543471.2865927131,1.6666648393001446,1.896789990515873,4165.741059523811,4092.870055555555,11777.244678571427,1628.7415357142859
2018/11/13 0:00,467768.084063492,0.729672,0.79586992294958,1514.9740158730162,2228.761382395383,5331.242880952382,1334.7021349206352
2018/11/20 0:00,543471.2865927131,1.6666648393001446,1.896789990515873,4165.741059523811,4092.870055555555,11777.244678571427,1628.7415357142859
2018/11/27 0:00,543471.2865927131,1.6666648393001446,1.896789990515873,4165.741059523811,4092.870055555555,11777.244678571427,1628.7415357142859
2018/12/4 0:00,578096.2593019484,1.1354,1.075582145396825,2175.817806637807,2967.659128427129,6597.017126984126,1538.7198412698403
2018/12/11 0:00,1166071.0,1.2292320730555553,2.15261038452381,2406.444527777778,5502.0,14734.385273809523,2841.773980158731
2018/12/18 0:00,543471.2865927131,1.6666648393001446,1.896789990515873,4165.741059523811,4092.870055555555,11777.244678571427,1628.7415357142859
2018/12/25 0:00,543471.2865927131,1.6666648393001446,1.896789990515873,4165.741059523811,4092.870055555555,11777.244678571427,1628.7415357142859
2019/1/1 0:00,849946.4262640694,3.3212859239285706,4.895032268975473,6219.0,12585.017507936509,52124.48769047619,2200.6982579365085
2019/1/8 0:00,543471.2865927131,1.6666648393001446,1.896789990515873,4165.741059523811,4092.870055555555,11777.244678571427,1628.7415357142859
2019/1/15 0:00,533027.1296284273,1.72572,2.0690260834126986,4626.659484126985,4190.33596031746,11466.501940476192,1632.2535357142856
2019/1/22 0:00,1295856.326626984,1.83419,4.701328679094519,4858.296873015874,9349.0,52555.938285714285,2997.0
2019/1/29 0:00,543471.2865927131,1.6666648393001446,1.896789990515873,4165.741059523811,4092.870055555555,11777.244678571427,1628.7415357142859
2019/2/5 0:00,543471.2865927131,1.6666648393001446,1.896789990515873,4165.741059523811,4092.870055555555,11777.244678571427,1628.7415357142859
2019/2/12 0:00,543471.2865927131,1.6666648393001446,1.896789990515873,4165.741059523811,4092.870055555555,11777.244678571427,1628.7415357142859
2019/2/19 0:00,543471.2865927131,1.6666648393001446,1.896789990515873,4165.741059523811,4092.870055555555,11777.244678571427,1628.7415357142859
2019/2/26 0:00,543471.2865927131,1.6666648393001446,1.896789990515873,4165.741059523811,4092.870055555555,11777.244678571427,1628.7415357142859
2019/3/5 0:00,543471.2865927131,1.6666648393001446,1.896789990515873,4165.741059523811,4092.870055555555,11777.244678571427,1628.7415357142859
2019/3/12 0:00,543471.2865927131,1.6666648393001446,1.896789990515873,4165.741059523811,4092.870055555555,11777.244678571427,1628.7415357142859
2019/3/19 0:00,543471.2865927131,1.6666648393001446,1.896789990515873,4165.741059523811,4092.870055555555,11777.244678571427,1628.7415357142859
2019/3/26 0:00,543471.2865927131,1.6666648393001446,1.896789990515873,4165.741059523811,4092.870055555555,11777.244678571427,1628.7415357142859
2019/4/2 0:00,543471.2865927131,1.6666648393001446,1.896789990515873,4165.741059523811,4092.870055555555,11777.244678571427,1628.7415357142859
2019/4/9 0:00,543471.2865927131,1.6666648393001446,1.896789990515873,4165.741059523811,4092.870055555555,11777.244678571427,1628.7415357142859
2019/4/16 0:00,1208132.7632539682,1.1996669410714285,2.1630680561904763,2374.273924603175,5632.86304761905,14297.169523809524,2995.0
2019/4/23 0:00,543471.2865927131,1.6666648393001446,1.896789990515873,4165.741059523811,4092.870055555555,11777.244678571427,1628.7415357142859
2019/4/30 0:00,543471.2865927131,1.6666648393001446,1.896789990515873,4165.741059523811,4092.870055555555,11777.244678571427,1628.7415357142859
2019/5/7 0:00,496747.03465079376,5.600278056785714,7.08558,20270.0,22963.68096031746,36160.028956349204,1600.2751904761906
2019/5/14 0:00,496747.03465079376,6.11292,5.847896700476193,14663.678704184704,22963.68096031746,36160.028956349204,1600.2751904761906
2019/5/21 0:00,1208132.7632539682,1.1996669410714285,2.1630680561904763,2374.273924603175,5632.86304761905,14297.169523809524,2984.0
2019/5/28 0:00,543471.2865927131,1.6666648393001446,1.896789990515873,4165.741059523811,4092.870055555555,11777.244678571427,1628.7415357142859
2019/6/4 0:00,543471.2865927131,1.6666648393001446,1.896789990515873,4165.741059523811,4092.870055555555,11777.244678571427,1628.7415357142859
2019/6/11 0:00,543471.2865927131,1.6666648393001446,1.896789990515873,4165.741059523811,4092.870055555555,11777.244678571427,1628.7415357142859
2019/6/18 0:00,1111310.1562619046,1.1842079229761904,1.6267357825396838,2362.828924603175,5213.960388888889,14614.376166666669,2810.0
2019/6/25 0:00,853431.0,1.4353133288492064,1.6187601343253974,3341.4937380952383,4727.690880591629,14934.251297619046,2112.22321031746
2019/7/2 0:00,1303671.330626984,1.2978680494841268,4.82995,2359.0,8087.812059523808,52555.938285714285,3052.7748968253964
2019/7/9 0:00,543471.2865927131,1.6666648393001446,1.896789990515873,4165.741059523811,4092.870055555555,11777.244678571427,1628.7415357142859
2019/7/16 0:00,533102.0706468255,2.12907,2.0827472299603174,6907.34932936508,3024.962948412698,8517.223103174603,1536.1638174603167
2019/7/23 0:00,543471.2865927131,1.6666648393001446,1.896789990515873,4165.741059523811,4092.870055555555,11777.244678571427,1628.7415357142859
2019/7/30 0:00,416824.22127128445,1.5456097023809525,1.8328092193253962,3741.815619047621,2098.0,12821.0,1284.3068170995666
2019/8/6 0:00,543471.2865927131,1.6666648393001446,1.896789990515873,4165.741059523811,4092.870055555555,11777.244678571427,1628.7415357142859
2019/8/13 0:00,511354.76519841276,2.282863530198413,2.148758117261905,6946.380162698413,3842.2007390109898,10480.0,1605.9167857142859
2019/8/20 0:00,543471.2865927131,1.6666648393001446,1.896789990515873,4165.741059523811,4092.870055555555,11777.244678571427,1628.7415357142859
2019/8/27 0:00,1193460.3104603172,0.889878,1.5191172626587306,805.0,1893.0,9605.0,2946.0
2019/9/3 0:00,543471.2865927131,1.6666648393001446,1.896789990515873,4165.741059523811,4092.870055555555,11777.244678571427,1628.7415357142859
2019/9/10 0:00,543471.2865927131,1.6666648393001446,1.896789990515873,4165.741059523811,4092.870055555555,11777.244678571427,1628.7415357142859
2019/9/17 0:00,290312.2221269841,0.929189,0.8617948601310372,1005.0,1321.5616944444444,3960.765909090908,983.5414523809527
2019/9/24 0:00,543471.2865927131,1.6666648393001446,1.896789990515873,4165.741059523811,4092.870055555555,11777.244678571427,1628.7415357142859
2019/10/1 0:00,769347.4283939397,1.4358065994841267,1.4798722138095242,3210.89361976912,3965.0,10949.105488095242,1920.055646825396
2019/10/8 0:00,743856.3358373018,1.0648057296717166,1.0108262738713232,1544.0,2568.6074999999996,5441.511757936507,1858.4945436507937
2019/10/15 0:00,543471.2865927131,1.6666648393001446,1.896789990515873,4165.741059523811,4092.870055555555,11777.244678571427,1628.7415357142859
2019/10/22 0:00,770122.1069217175,1.4358522865873011,1.384418449563492,3203.79361976912,3554.0,8542.744027777777,1870.7322539682534
2019/10/29 0:00,611478.4342738094,1.2057650952777776,1.1519,2589.7308333333335,3184.9434736652242,7066.333166666665,1748.5907063492064
2019/11/5 0:00,747820.4464058444,1.1072160184920634,1.05776,2220.1132907647907,3268.0,6625.695793650793,1898.3777658730157
2019/11/12 0:00,543471.2865927131,1.6666648393001446,1.896789990515873,4165.741059523811,4092.870055555555,11777.244678571427,1628.7415357142859
2019/11/19 0:00,543471.2865927131,1.6666648393001446,1.896789990515873,4165.741059523811,4092.870055555555,11777.244678571427,1628.7415357142859
2019/11/26 0:00,543471.2865927131,1.6666648393001446,1.896789990515873,4165.741059523811,4092.870055555555,11777.244678571427,1628.7415357142859
2019/12/3 0:00,543471.2865927131,1.6666648393001446,1.896789990515873,4165.741059523811,4092.870055555555,11777.244678571427,1628.7415357142859
2019/12/10 0:00,543471.2865927131,1.6666648393001446,1.896789990515873,4165.741059523811,4092.870055555555,11777.244678571427,1628.7415357142859
2019/12/17 0:00,543471.2865927131,1.6666648393001446,1.896789990515873,4165.741059523811,4092.870055555555,11777.244678571427,1628.7415357142859
2019/12/24 0:00,543471.2865927131,1.6666648393001446,1.896789990515873,4165.741059523811,4092.870055555555,11777.244678571427,1628.7415357142859
2019/12/31 0:00,803185.4737045455,1.6316836463095243,2.2498281297619043,3803.6088452380964,4641.290761544009,16493.0,2027.3061706349201
2020/1/7 0:00,543471.2865927131,1.6666648393001446,1.896789990515873,4165.741059523811,4092.870055555555,11777.244678571427,1628.7415357142859
2020/1/14 0:00,714897.5218881672,1.726656135555556,2.4336456998809517,4076.2585634920642,4611.0,17233.0,1978.0089098124095
2020/1/21 0:00,543471.2865927131,1.6666648393001446,1.896789990515873,4165.741059523811,4092.870055555555,11777.244678571427,1628.7415357142859
2020/1/28 0:00,1563623.0,2.0221107186507923,4.724913036237377,5059.010031746032,8218.940178571427,52555.938285714285,3213.375313492062
2020/2/4 0:00,543471.2865927131,1.6666648393001446,1.896789990515873,4165.741059523811,4092.870055555555,11777.244678571427,1628.7415357142859
2020/2/11 0:00,543471.2865927131,1.6666648393001446,1.896789990515873,4165.741059523811,4092.870055555555,11777.244678571427,1628.7415357142859
2020/2/18 0:00,1363216.0308095238,1.55053,4.237461606230161,4079.035035714286,7662.319940476189,48307.46729761905,3362.0
2020/2/25 0:00,813518.896725469,1.2187967909920632,1.5304069882142866,2483.0,4188.9114960317465,11219.647892857145,2138.3712683982685
2020/3/3 0:00,767390.1711598127,1.429100003849206,1.44898,3130.889976190476,3585.7924413919404,9269.97752777778,1870.7322539682534
2020/3/10 0:00,543471.2865927131,1.6666648393001446,1.896789990515873,4165.741059523811,4092.870055555555,11777.244678571427,1628.7415357142859
2020/3/17 0:00,1195652.4791269843,1.2130062759920635,1.543734960357144,2482.0,4278.0,11442.282797619051,2965.261515873016
2020/3/24 0:00,814280.241475469,1.1787534420238095,1.556815722857144,2323.0,4759.477293650793,14114.15873015873,2160.097518398268
2020/3/31 0:00,1457151.0,2.0221107186507923,4.724913036237377,5059.010031746032,8218.940178571427,52555.938285714285,3213.375313492062
2020/4/7 0:00,543471.2865927131,1.6666648393001446,1.896789990515873,4165.741059523811,4092.870055555555,11777.244678571427,1628.7415357142859
2020/4/14 0:00,1517183.0,2.0221107186507923,4.724913036237377,5059.010031746032,8218.940178571427,52555.938285714285,3213.375313492062
2020/4/21 0:00,543471.2865927131,1.6666648393001446,1.896789990515873,4165.741059523811,4092.870055555555,11777.244678571427,1628.7415357142859
2020/4/28 0:00,543471.2865927131,1.6666648393001446,1.896789990515873,4165.741059523811,4092.870055555555,11777.244678571427,1628.7415357142859
2020/5/5 0:00,543471.2865927131,1.6666648393001446,1.896789990515873,4165.741059523811,4092.870055555555,11777.244678571427,1628.7415357142859
2020/5/12 0:00,1358002.8841428573,1.2996987895634917,2.6837065331349197,2554.0,6710.647392857143,37647.42167857142,3260.0
2020/5/19 0:00,1381381.0,1.2515385372619046,2.6217234523015867,2317.0,6702.78180952381,33361.893793650794,3217.0462063492055
2020/5/26 0:00,543471.2865927131,1.6666648393001446,1.896789990515873,4165.741059523811,4092.870055555555,11777.244678571427,1628.7415357142859
2020/6/2 0:00,543471.2865927131,1.6666648393001446,1.896789990515873,4165.741059523811,4092.870055555555,11777.244678571427,1628.7415357142859
2020/6/9 0:00,543471.2865927131,1.6666648393001446,1.896789990515873,4165.741059523811,4092.870055555555,11777.244678571427,1628.7415357142859
2020/6/16 0:00,1323990.7413730158,1.1635068870238094,1.557628389444445,1824.7469603174604,3796.0,10330.809214285719,3177.0
2020/6/23 0:00,543471.2865927131,1.6666648393001446,1.896789990515873,4165.741059523811,4092.870055555555,11777.244678571427,1628.7415357142859
2020/6/30 0:00,543471.2865927131,1.6666648393001446,1.896789990515873,4165.741059523811,4092.870055555555,11777.244678571427,1628.7415357142859
