date,OT,WEIGHTED_ILI,UNWEIGHTED_ILI,AGE_0_TO_4,AGE_5_TO_24,ILITOTAL,NUM_OF_PROVIDERS
2002/1/1 0:00,528938.2388405484,3.996757081190478,5.73915075543651,7031.081082611831,6916.128285714287,78300.32966666666,1351.2140822510823
2002/1/8 0:00,528938.2388405484,3.996757081190478,5.73915075543651,7031.081082611831,6916.128285714287,78300.32966666666,1351.2140822510823
2002/1/15 0:00,528938.2388405484,3.996757081190478,5.73915075543651,7031.081082611831,6916.128285714287,78300.32966666666,1351.2140822510823
2002/1/22 0:00,528938.2388405484,3.996757081190478,5.73915075543651,7031.081082611831,6916.128285714287,78300.32966666666,1351.2140822510823
2002/1/29 0:00,610673.8700714286,1.4917219199898988,1.30237,2685.3017182539684,4261.578416666666,11071.446793290046,1552.3985992063485
2002/2/5 0:00,580621.6227539683,1.58094,1.40551,2119.2214841269843,2919.027887445887,7995.598456349207,1550.4079563492057
2002/2/12 0:00,528938.2388405484,3.996757081190478,5.73915075543651,7031.081082611831,6916.128285714287,78300.32966666666,1351.2140822510823
2002/2/19 0:00,223818.0,1.7920240653174593,1.6288775268253965,676.6947023809523,866.375091269841,1879.572865079365,645.5055357142859
2002/2/26 0:00,230819.3407063492,1.7920240653174593,1.6288775268253965,676.6947023809523,978.0,1879.572865079365,683.6168333333334
2002/3/5 0:00,528938.2388405484,3.996757081190478,5.73915075543651,7031.081082611831,6916.128285714287,78300.32966666666,1351.2140822510823
2002/3/12 0:00,528938.2388405484,3.996757081190478,5.73915075543651,7031.081082611831,6916.128285714287,78300.32966666666,1351.2140822510823
2002/3/19 0:00,216179.0,1.7920240653174593,1.6288775268253965,676.6947023809523,866.375091269841,1879.572865079365,640.5052976190477
2002/3/26 0:00,528938.2388405484,3.996757081190478,5.73915075543651,7031.081082611831,6916.128285714287,78300.32966666666,1351.2140822510823
2002/4/2 0:00,528938.2388405484,3.996757081190478,5.73915075543651,7031.081082611831,6916.128285714287,78300.32966666666,1351.2140822510823
2002/4/9 0:00,528938.2388405484,3.996757081190478,5.73915075543651,7031.081082611831,6916.128285714287,78300.32966666666,1351.2140822510823
2002/4/16 0:00,528938.2388405484,3.996757081190478,5.73915075543651,7031.081082611831,6916.128285714287,78300.32966666666,1351.2140822510823
2002/4/23 0:00,528938.2388405484,3.996757081190478,5.73915075543651,7031.081082611831,6916.128285714287,78300.32966666666,1351.2140822510823
2002/4/30 0:00,528938.2388405484,3.996757081190478,5.73915075543651,7031.081082611831,6916.128285714287,78300.32966666666,1351.2140822510823
2002/5/7 0:00,245751.0,1.7920240653174593,1.6288775268253965,676.6947023809523,1067.223083333333,1879.572865079365,738.5178571428572
2002/5/14 0:00,528938.2388405484,3.996757081190478,5.73915075543651,7031.081082611831,6916.128285714287,78300.32966666666,1351.2140822510823
2002/5/21 0:00,528938.2388405484,3.996757081190478,5.73915075543651,7031.081082611831,6916.128285714287,78300.32966666666,1351.2140822510823
2002/5/28 0:00,528938.2388405484,3.996757081190478,5.73915075543651,7031.081082611831,6916.128285714287,78300.32966666666,1351.2140822510823
2002/6/4 0:00,379336.70369336224,2.1344,1.94707,2198.0024296536794,3081.2937803030304,4450.0,1172.826510822511
2002/6/11 0:00,528938.2388405484,3.996757081190478,5.73915075543651,7031.081082611831,6916.128285714287,78300.32966666666,1351.2140822510823
2002/6/18 0:00,528938.2388405484,3.996757081190478,5.73915075543651,7031.081082611831,6916.128285714287,78300.32966666666,1351.2140822510823
2002/6/25 0:00,528938.2388405484,3.996757081190478,5.73915075543651,7031.081082611831,6916.128285714287,78300.32966666666,1351.2140822510823
2002/7/2 0:00,528938.2388405484,3.996757081190478,5.73915075543651,7031.081082611831,6916.128285714287,78300.32966666666,1351.2140822510823
2002/7/9 0:00,528938.2388405484,3.996757081190478,5.73915075543651,7031.081082611831,6916.128285714287,78300.32966666666,1351.2140822510823
2002/7/16 0:00,366646.63414177485,1.790852479603174,1.6288775268253965,440.0,2191.0849866522362,4272.801396825395,1017.7800227272726
2002/7/23 0:00,176111.0,1.7920240653174593,1.6288775268253965,676.6947023809523,553.7444999999999,1879.572865079365,571.1855238095238
2002/7/30 0:00,201145.79301587306,1.7920240653174593,1.6288775268253965,676.6947023809523,599.468841269841,1879.572865079365,655.0
2002/8/6 0:00,624669.5605396824,1.030246574404762,0.63935,2504.668908730159,4247.428416666666,11469.966424242428,1758.4856388888893
2002/8/13 0:00,528938.2388405484,3.996757081190478,5.73915075543651,7031.081082611831,6916.128285714287,78300.32966666666,1351.2140822510823
2002/8/20 0:00,528938.2388405484,3.996757081190478,5.73915075543651,7031.081082611831,6916.128285714287,78300.32966666666,1351.2140822510823
2002/8/27 0:00,528938.2388405484,3.996757081190478,5.73915075543651,7031.081082611831,6916.128285714287,78300.32966666666,1351.2140822510823
2002/9/3 0:00,528938.2388405484,3.996757081190478,5.73915075543651,7031.081082611831,6916.128285714287,78300.32966666666,1351.2140822510823
2002/9/10 0:00,528938.2388405484,3.996757081190478,5.73915075543651,7031.081082611831,6916.128285714287,78300.32966666666,1351.2140822510823
2002/9/17 0:00,528938.2388405484,3.996757081190478,5.73915075543651,7031.081082611831,6916.128285714287,78300.32966666666,1351.2140822510823
2002/9/24 0:00,528938.2388405484,3.996757081190478,5.73915075543651,7031.081082611831,6916.128285714287,78300.32966666666,1351.2140822510823
2002/10/1 0:00,677235.805420635,0.397421,0.7313968962326833,2409.664658730159,4201.772488095237,11481.127852813855,1970.8877139249641
2002/10/8 0:00,72972.0,1.7920240653174593,1.6288775268253965,676.6947023809523,451.94861904761905,1879.572865079365,448.2966785714286
2002/10/15 0:00,69593.0,1.7920240653174593,1.6288775268253965,676.6947023809523,451.94861904761905,1879.572865079365,448.2966785714286
2002/10/22 0:00,528938.2388405484,3.996757081190478,5.73915075543651,7031.081082611831,6916.128285714287,78300.32966666666,1351.2140822510823
2002/10/29 0:00,71466.0,1.7920240653174593,1.6288775268253965,676.6947023809523,120.0,1879.572865079365,448.2966785714286
2002/11/5 0:00,366646.63414177485,1.7889853962698408,1.6288775268253965,136.0,2213.325415223665,4272.801396825395,1017.7800227272726
2002/11/12 0:00,528938.2388405484,3.996757081190478,5.73915075543651,7031.081082611831,6916.128285714287,78300.32966666666,1351.2140822510823
2002/11/19 0:00,528938.2388405484,3.996757081190478,5.73915075543651,7031.081082611831,6916.128285714287,78300.32966666666,1351.2140822510823
2002/11/26 0:00,94722.39316666666,1.7920240653174593,1.6288775268253965,676.6947023809523,451.94861904761905,1879.572865079365,276.0
2002/12/3 0:00,94722.39316666666,1.7920240653174593,1.6288775268253965,676.6947023809523,182.0,1879.572865079365,448.2966785714286
2002/12/10 0:00,528938.2388405484,3.996757081190478,5.73915075543651,7031.081082611831,6916.128285714287,78300.32966666666,1351.2140822510823
2002/12/17 0:00,528938.2388405484,3.996757081190478,5.73915075543651,7031.081082611831,6916.128285714287,78300.32966666666,1351.2140822510823
2002/12/24 0:00,528938.2388405484,3.996757081190478,5.73915075543651,7031.081082611831,6916.128285714287,78300.32966666666,1351.2140822510823
2002/12/31 0:00,366646.63414177485,1.7920240653174593,1.6288775268253965,808.0,1996.3048755411262,4272.801396825395,1017.7800227272726
2003/1/7 0:00,528938.2388405484,3.996757081190478,5.73915075543651,7031.081082611831,6916.128285714287,78300.32966666666,1351.2140822510823
2003/1/14 0:00,287436.0,1.9900052065079366,1.7764727618253968,1434.5775595238094,1149.9566428571427,3031.0,1098.8721893939394
2003/1/21 0:00,528938.2388405484,3.996757081190478,5.73915075543651,7031.081082611831,6916.128285714287,78300.32966666666,1351.2140822510823
2003/1/28 0:00,528938.2388405484,3.996757081190478,5.73915075543651,7031.081082611831,6916.128285714287,78300.32966666666,1351.2140822510823
2003/2/4 0:00,528938.2388405484,3.996757081190478,5.73915075543651,7031.081082611831,6916.128285714287,78300.32966666666,1351.2140822510823
2003/2/11 0:00,528938.2388405484,3.996757081190478,5.73915075543651,7031.081082611831,6916.128285714287,78300.32966666666,1351.2140822510823
2003/2/18 0:00,491428.48294047604,1.659726077045454,1.6101741518253971,2561.0,2969.613702380951,6877.750980158728,1129.7807965367967
2003/2/25 0:00,482373.1298849205,3.4008553826190497,3.441447501150792,4178.076404761907,5464.65505952381,11742.0,1209.596867965368
2003/3/4 0:00,481890.35173340543,5.6560700640476185,4.365226818174602,4734.0,8015.994345238095,21939.868496031748,1215.2784393939394
2003/3/11 0:00,480022.69173340546,3.9437191257142876,4.309312123531744,4717.887833333334,5850.011559523809,17479.402773809525,1173.0
2003/3/18 0:00,345097.0,1.7920240653174593,1.6288775268253965,676.6947023809523,1491.6231428571427,4209.850257936506,1017.7800227272726
2003/3/25 0:00,528938.2388405484,3.996757081190478,5.73915075543651,7031.081082611831,6916.128285714287,78300.32966666666,1351.2140822510823
2003/4/1 0:00,528938.2388405484,3.996757081190478,5.73915075543651,7031.081082611831,6916.128285714287,78300.32966666666,1351.2140822510823
2003/4/8 0:00,528938.2388405484,3.996757081190478,5.73915075543651,7031.081082611831,6916.128285714287,78300.32966666666,1351.2140822510823
2003/4/15 0:00,528938.2388405484,3.996757081190478,5.73915075543651,7031.081082611831,6916.128285714287,78300.32966666666,1351.2140822510823
2003/4/22 0:00,528938.2388405484,3.996757081190478,5.73915075543651,7031.081082611831,6916.128285714287,78300.32966666666,1351.2140822510823
2003/4/29 0:00,528938.2388405484,3.996757081190478,5.73915075543651,7031.081082611831,6916.128285714287,78300.32966666666,1351.2140822510823
2003/5/6 0:00,528938.2388405484,3.996757081190478,5.73915075543651,7031.081082611831,6916.128285714287,78300.32966666666,1351.2140822510823
2003/5/13 0:00,371071.1305624098,2.017190332063492,1.7939453368253968,1843.316525974025,2349.117367604618,3824.0,1171.124010822511
2003/5/20 0:00,528938.2388405484,3.996757081190478,5.73915075543651,7031.081082611831,6916.128285714287,78300.32966666666,1351.2140822510823
2003/5/27 0:00,528938.2388405484,3.996757081190478,5.73915075543651,7031.081082611831,6916.128285714287,78300.32966666666,1351.2140822510823
2003/6/3 0:00,271597.0,1.7920240653174593,1.6288775268253965,676.6947023809523,1086.9319166666664,1879.572865079365,843.8000227272726
2003/6/10 0:00,528938.2388405484,3.996757081190478,5.73915075543651,7031.081082611831,6916.128285714287,78300.32966666666,1351.2140822510823
2003/6/17 0:00,528938.2388405484,3.996757081190478,5.73915075543651,7031.081082611831,6916.128285714287,78300.32966666666,1351.2140822510823
2003/6/24 0:00,366646.63414177485,1.7920240653174593,1.6288775268253965,760.0,1996.3048755411262,4272.801396825395,1017.7800227272726
2003/7/1 0:00,652598.8872539682,0.747127,0.790645,2409.664658730159,4201.772488095237,11481.127852813855,1813.239212481962
2003/7/8 0:00,528938.2388405484,3.996757081190478,5.73915075543651,7031.081082611831,6916.128285714287,78300.32966666666,1351.2140822510823
2003/7/15 0:00,528938.2388405484,3.996757081190478,5.73915075543651,7031.081082611831,6916.128285714287,78300.32966666666,1351.2140822510823
2003/7/22 0:00,528938.2388405484,3.996757081190478,5.73915075543651,7031.081082611831,6916.128285714287,78300.32966666666,1351.2140822510823
2003/7/29 0:00,528938.2388405484,3.996757081190478,5.73915075543651,7031.081082611831,6916.128285714287,78300.32966666666,1351.2140822510823
2003/8/5 0:00,528938.2388405484,3.996757081190478,5.73915075543651,7031.081082611831,6916.128285714287,78300.32966666666,1351.2140822510823
2003/8/12 0:00,622859.9233492063,1.0354405082103175,0.788585,2504.668908730159,4247.428416666666,11469.966424242428,1720.9922460317464
2003/8/19 0:00,528938.2388405484,3.996757081190478,5.73915075543651,7031.081082611831,6916.128285714287,78300.32966666666,1351.2140822510823
2003/8/26 0:00,528938.2388405484,3.996757081190478,5.73915075543651,7031.081082611831,6916.128285714287,78300.32966666666,1351.2140822510823
2003/9/2 0:00,528938.2388405484,3.996757081190478,5.73915075543651,7031.081082611831,6916.128285714287,78300.32966666666,1351.2140822510823
2003/9/9 0:00,528938.2388405484,3.996757081190478,5.73915075543651,7031.081082611831,6916.128285714287,78300.32966666666,1351.2140822510823
2003/9/16 0:00,528938.2388405484,3.996757081190478,5.73915075543651,7031.081082611831,6916.128285714287,78300.32966666666,1351.2140822510823
2003/9/23 0:00,528938.2388405484,3.996757081190478,5.73915075543651,7031.081082611831,6916.128285714287,78300.32966666666,1351.2140822510823
2003/9/30 0:00,528938.2388405484,3.996757081190478,5.73915075543651,7031.081082611831,6916.128285714287,78300.32966666666,1351.2140822510823
2003/10/7 0:00,528938.2388405484,3.996757081190478,5.73915075543651,7031.081082611831,6916.128285714287,78300.32966666666,1351.2140822510823
2003/10/14 0:00,528938.2388405484,3.996757081190478,5.73915075543651,7031.081082611831,6916.128285714287,78300.32966666666,1351.2140822510823
2003/10/21 0:00,528938.2388405484,3.996757081190478,5.73915075543651,7031.081082611831,6916.128285714287,78300.32966666666,1351.2140822510823
2003/10/28 0:00,528938.2388405484,3.996757081190478,5.73915075543651,7031.081082611831,6916.128285714287,78300.32966666666,1351.2140822510823
2003/11/4 0:00,94722.39316666666,1.7920240653174593,1.6288775268253965,676.6947023809523,451.94861904761905,1879.572865079365,345.0
2003/11/11 0:00,366646.63414177485,1.7889853962698408,1.6288775268253965,243.0,2213.325415223665,4272.801396825395,1017.7800227272726
2003/11/18 0:00,291530.74640367966,1.9879226481746033,1.7764727618253968,1698.6210595238092,1169.2932777777778,770.0,1023.5180346320346
2003/11/25 0:00,366646.63414177485,1.7889853962698408,1.6288775268253965,259.0,2213.325415223665,4272.801396825395,1017.7800227272726
2003/12/2 0:00,528938.2388405484,3.996757081190478,5.73915075543651,7031.081082611831,6916.128285714287,78300.32966666666,1351.2140822510823
2003/12/9 0:00,528938.2388405484,3.996757081190478,5.73915075543651,7031.081082611831,6916.128285714287,78300.32966666666,1351.2140822510823
2003/12/16 0:00,118343.0,1.7920240653174593,1.6288775268253965,676.6947023809523,451.94861904761905,1879.572865079365,341.0
2003/12/23 0:00,366646.63414177485,1.7889853962698408,1.6288775268253965,322.0,2213.325415223665,4272.801396825395,1017.7800227272726
2003/12/30 0:00,366646.63414177485,1.7889853962698408,1.6288775268253965,333.0,2213.325415223665,4272.801396825395,1017.7800227272726
2004/1/6 0:00,293857.584737013,2.004692070952381,1.7939453368253968,1800.4882380952374,1256.0,2227.8733650793647,1176.0
2004/1/13 0:00,528938.2388405484,3.996757081190478,5.73915075543651,7031.081082611831,6916.128285714287,78300.32966666666,1351.2140822510823
2004/1/20 0:00,528938.2388405484,3.996757081190478,5.73915075543651,7031.081082611831,6916.128285714287,78300.32966666666,1351.2140822510823
2004/1/27 0:00,607537.9482142857,1.1980075335476188,1.14696,2309.230373015873,3236.2788755411248,9363.069976190476,1597.6236825396818
2004/2/3 0:00,528938.2388405484,3.996757081190478,5.73915075543651,7031.081082611831,6916.128285714287,78300.32966666666,1351.2140822510823
2004/2/10 0:00,610673.8700714286,1.4917219199898988,1.30517,2685.3017182539684,4261.578416666666,11071.446793290046,1552.3985992063485
2004/2/17 0:00,528938.2388405484,3.996757081190478,5.73915075543651,7031.081082611831,6916.128285714287,78300.32966666666,1351.2140822510823
2004/2/24 0:00,295546.0,1.7920240653174593,1.6288775268253965,676.6947023809523,1120.0361944444442,1908.3321984126987,887.0765465367965
2004/3/2 0:00,528938.2388405484,3.996757081190478,5.73915075543651,7031.081082611831,6916.128285714287,78300.32966666666,1351.2140822510823
2004/3/9 0:00,528938.2388405484,3.996757081190478,5.73915075543651,7031.081082611831,6916.128285714287,78300.32966666666,1351.2140822510823
2004/3/16 0:00,366935.44997510826,1.7920240653174593,1.6288775268253965,667.8480357142856,2071.0,4272.801396825395,1017.7800227272726
2004/3/23 0:00,528938.2388405484,3.996757081190478,5.73915075543651,7031.081082611831,6916.128285714287,78300.32966666666,1351.2140822510823
2004/3/30 0:00,528938.2388405484,3.996757081190478,5.73915075543651,7031.081082611831,6916.128285714287,78300.32966666666,1351.2140822510823
2004/4/6 0:00,528938.2388405484,3.996757081190478,5.73915075543651,7031.081082611831,6916.128285714287,78300.32966666666,1351.2140822510823
2004/4/13 0:00,486420.2503214284,1.6440971577597407,1.6171568118253967,2188.0,2777.5060422077922,6624.000654761904,1129.7807965367967
2004/4/20 0:00,528938.2388405484,3.996757081190478,5.73915075543651,7031.081082611831,6916.128285714287,78300.32966666666,1351.2140822510823
2004/4/27 0:00,528938.2388405484,3.996757081190478,5.73915075543651,7031.081082611831,6916.128285714287,78300.32966666666,1351.2140822510823
2004/5/4 0:00,528938.2388405484,3.996757081190478,5.73915075543651,7031.081082611831,6916.128285714287,78300.32966666666,1351.2140822510823
2004/5/11 0:00,528938.2388405484,3.996757081190478,5.73915075543651,7031.081082611831,6916.128285714287,78300.32966666666,1351.2140822510823
2004/5/18 0:00,528938.2388405484,3.996757081190478,5.73915075543651,7031.081082611831,6916.128285714287,78300.32966666666,1351.2140822510823
2004/5/25 0:00,528938.2388405484,3.996757081190478,5.73915075543651,7031.081082611831,6916.128285714287,78300.32966666666,1351.2140822510823
2004/6/1 0:00,532513.4019920635,3.6752,3.7162671731746015,4494.327269841271,5276.842797619049,16990.189000000002,1268.0
2004/6/8 0:00,367292.0,3.3353,2.8206110706349197,3549.4158582251084,3837.1102500000006,5821.550071428572,1189.5798441558443
2004/6/15 0:00,431246.0610039683,2.76224,2.364378868968254,3460.234154761904,3432.617416666667,6559.608468253968,1180.2046060606062
2004/6/22 0:00,528938.2388405484,3.996757081190478,5.73915075543651,7031.081082611831,6916.128285714287,78300.32966666666,1351.2140822510823
2004/6/29 0:00,528938.2388405484,3.996757081190478,5.73915075543651,7031.081082611831,6916.128285714287,78300.32966666666,1351.2140822510823
2004/7/6 0:00,528938.2388405484,3.996757081190478,5.73915075543651,7031.081082611831,6916.128285714287,78300.32966666666,1351.2140822510823
2004/7/13 0:00,528938.2388405484,3.996757081190478,5.73915075543651,7031.081082611831,6916.128285714287,78300.32966666666,1351.2140822510823
2004/7/20 0:00,528938.2388405484,3.996757081190478,5.73915075543651,7031.081082611831,6916.128285714287,78300.32966666666,1351.2140822510823
2004/7/27 0:00,528938.2388405484,3.996757081190478,5.73915075543651,7031.081082611831,6916.128285714287,78300.32966666666,1351.2140822510823
2004/8/3 0:00,607537.9482142857,1.15832,1.07895,2355.148658730159,3311.1225119047613,9457.51180952381,1618.9531825396816
2004/8/10 0:00,263009.0,1.7920240653174593,1.6288775268253965,676.6947023809523,1086.9319166666664,1879.572865079365,812.1534870129871
2004/8/17 0:00,528938.2388405484,3.996757081190478,5.73915075543651,7031.081082611831,6916.128285714287,78300.32966666666,1351.2140822510823
2004/8/24 0:00,528938.2388405484,3.996757081190478,5.73915075543651,7031.081082611831,6916.128285714287,78300.32966666666,1351.2140822510823
2004/8/31 0:00,178830.5340277778,1.7920240653174593,1.6288775268253965,676.6947023809523,678.0,1879.572865079365,604.6338095238096
2004/9/7 0:00,171960.0,1.7920240653174593,1.6288775268253965,676.6947023809523,553.7444999999999,1879.572865079365,571.1855238095238
2004/9/14 0:00,291530.74640367966,1.9879226481746033,1.7764727618253968,1698.6210595238092,1169.2932777777778,1614.0,1023.5180346320346
2004/9/21 0:00,366646.63414177485,1.7920240653174593,1.6288775268253965,580.0,2089.450911255411,4272.801396825395,1017.7800227272726
2004/9/28 0:00,635753.4961507935,0.894837,0.7325031681215726,2409.664658730159,4257.086988095237,11481.127852813855,1754.4429841269844
2004/10/5 0:00,291530.74640367966,1.9879226481746033,1.7764727618253968,1698.6210595238092,1169.2932777777778,1198.0,1023.5180346320346
2004/10/12 0:00,528938.2388405484,3.996757081190478,5.73915075543651,7031.081082611831,6916.128285714287,78300.32966666666,1351.2140822510823
2004/10/19 0:00,528938.2388405484,3.996757081190478,5.73915075543651,7031.081082611831,6916.128285714287,78300.32966666666,1351.2140822510823
2004/10/26 0:00,528938.2388405484,3.996757081190478,5.73915075543651,7031.081082611831,6916.128285714287,78300.32966666666,1351.2140822510823
2004/11/2 0:00,291530.74640367966,1.9879226481746033,1.7764727618253968,1698.6210595238092,1169.2932777777778,982.0,1023.5180346320346
2004/11/9 0:00,675355.0777539682,0.684724,0.7313968962326833,2409.664658730159,4201.772488095237,11481.127852813855,1860.3688712121211
2004/11/16 0:00,366646.63414177485,1.7889853962698408,1.6288775268253965,330.0,2213.325415223665,4272.801396825395,1017.7800227272726
2004/11/23 0:00,528938.2388405484,3.996757081190478,5.73915075543651,7031.081082611831,6916.128285714287,78300.32966666666,1351.2140822510823
2004/11/30 0:00,528938.2388405484,3.996757081190478,5.73915075543651,7031.081082611831,6916.128285714287,78300.32966666666,1351.2140822510823
2004/12/7 0:00,528938.2388405484,3.996757081190478,5.73915075543651,7031.081082611831,6916.128285714287,78300.32966666666,1351.2140822510823
2004/12/14 0:00,528938.2388405484,3.996757081190478,5.73915075543651,7031.081082611831,6916.128285714287,78300.32966666666,1351.2140822510823
2004/12/21 0:00,366646.63414177485,1.7889853962698408,1.6288775268253965,368.0,2213.325415223665,4272.801396825395,1017.7800227272726
2004/12/28 0:00,528938.2388405484,3.996757081190478,5.73915075543651,7031.081082611831,6916.128285714287,78300.32966666666,1351.2140822510823
2005/1/4 0:00,528938.2388405484,3.996757081190478,5.73915075543651,7031.081082611831,6916.128285714287,78300.32966666666,1351.2140822510823
2005/1/11 0:00,528938.2388405484,3.996757081190478,5.73915075543651,7031.081082611831,6916.128285714287,78300.32966666666,1351.2140822510823
2005/1/18 0:00,528938.2388405484,3.996757081190478,5.73915075543651,7031.081082611831,6916.128285714287,78300.32966666666,1351.2140822510823
2005/1/25 0:00,528938.2388405484,3.996757081190478,5.73915075543651,7031.081082611831,6916.128285714287,78300.32966666666,1351.2140822510823
2005/2/1 0:00,601289.5804047618,1.4519077448152955,1.25489,2067.2210079365077,2920.0890779220767,8367.665337301589,1580.062825396825
2005/2/8 0:00,528938.2388405484,3.996757081190478,5.73915075543651,7031.081082611831,6916.128285714287,78300.32966666666,1351.2140822510823
2005/2/15 0:00,528938.2388405484,3.996757081190478,5.73915075543651,7031.081082611831,6916.128285714287,78300.32966666666,1351.2140822510823
2005/2/22 0:00,528938.2388405484,5.7879943902380955,5.356783018055557,7166.421265151517,8971.744702380955,77106.64758333332,1301.0
2005/3/1 0:00,528938.2388405484,3.996757081190478,5.73915075543651,7031.081082611831,6916.128285714287,78300.32966666666,1351.2140822510823
2005/3/8 0:00,421446.8825357142,1.683824409823232,1.65374,1894.9665396825387,2371.6360183982692,5592.429091269843,1121.715272727273
2005/3/15 0:00,528938.2388405484,3.996757081190478,5.73915075543651,7031.081082611831,6916.128285714287,78300.32966666666,1351.2140822510823
2005/3/22 0:00,528938.2388405484,3.996757081190478,5.73915075543651,7031.081082611831,6916.128285714287,78300.32966666666,1351.2140822510823
2005/3/29 0:00,528938.2388405484,3.996757081190478,5.73915075543651,7031.081082611831,6916.128285714287,78300.32966666666,1351.2140822510823
2005/4/5 0:00,343871.0,1.7920240653174593,1.6288775268253965,676.6947023809523,1491.6231428571427,4209.850257936506,1017.7800227272726
2005/4/12 0:00,528938.2388405484,3.996757081190478,5.73915075543651,7031.081082611831,6916.128285714287,78300.32966666666,1351.2140822510823
2005/4/19 0:00,381699.0,1.806756639325396,1.620188876825397,572.9139372294372,2147.923081890331,4665.936337301588,1017.7800227272726
2005/4/26 0:00,528938.2388405484,3.996757081190478,5.73915075543651,7031.081082611831,6916.128285714287,78300.32966666666,1351.2140822510823
2005/5/3 0:00,528938.2388405484,3.996757081190478,5.73915075543651,7031.081082611831,6916.128285714287,78300.32966666666,1351.2140822510823
2005/5/10 0:00,431246.0610039683,2.7620690924062057,2.49279,3477.359154761904,3441.1274166666676,6559.608468253968,1180.2046060606062
2005/5/17 0:00,528938.2388405484,3.996757081190478,5.73915075543651,7031.081082611831,6916.128285714287,78300.32966666666,1351.2140822510823
2005/5/24 0:00,528938.2388405484,3.996757081190478,5.73915075543651,7031.081082611831,6916.128285714287,78300.32966666666,1351.2140822510823
2005/5/31 0:00,528938.2388405484,3.996757081190478,5.73915075543651,7031.081082611831,6916.128285714287,78300.32966666666,1351.2140822510823
2005/6/7 0:00,525448.1803253968,3.08261,3.0754535063888877,3945.356234126986,5272.2054761904765,11338.271555194806,1260.1275119047618
2005/6/14 0:00,528938.2388405484,3.996757081190478,5.73915075543651,7031.081082611831,6916.128285714287,78300.32966666666,1351.2140822510823
2005/6/21 0:00,523612.8497777778,3.0866028284523797,3.0345161018650777,3735.979107142857,3963.0677619047624,8064.0,1253.480511904762
2005/6/28 0:00,528938.2388405484,3.996757081190478,5.73915075543651,7031.081082611831,6916.128285714287,78300.32966666666,1351.2140822510823
2005/7/5 0:00,475882.7663214284,1.6944279041486292,1.64101,2515.4860476190474,2969.613702380951,6748.689408730158,1129.7807965367967
2005/7/12 0:00,528938.2388405484,3.996757081190478,5.73915075543651,7031.081082611831,6916.128285714287,78300.32966666666,1351.2140822510823
2005/7/19 0:00,379861.5783639971,1.517355265936508,1.1428,1071.9179177489182,2158.956863636364,4573.171170634921,1045.0
2005/7/26 0:00,528938.2388405484,3.996757081190478,5.73915075543651,7031.081082611831,6916.128285714287,78300.32966666666,1351.2140822510823
2005/8/2 0:00,528938.2388405484,3.996757081190478,5.73915075543651,7031.081082611831,6916.128285714287,78300.32966666666,1351.2140822510823
2005/8/9 0:00,281076.4720941559,1.7920240653174593,1.6288775268253965,676.6947023809523,1039.0,2592.0,919.0
2005/8/16 0:00,528938.2388405484,3.996757081190478,5.73915075543651,7031.081082611831,6916.128285714287,78300.32966666666,1351.2140822510823
2005/8/23 0:00,528938.2388405484,3.996757081190478,5.73915075543651,7031.081082611831,6916.128285714287,78300.32966666666,1351.2140822510823
2005/8/30 0:00,528938.2388405484,3.996757081190478,5.73915075543651,7031.081082611831,6916.128285714287,78300.32966666666,1351.2140822510823
2005/9/6 0:00,176364.4540277778,1.7920240653174593,1.6288775268253965,676.6947023809523,626.0,1879.572865079365,593.6159761904763
2005/9/13 0:00,622859.9233492063,1.0354405082103175,0.84439,2504.668908730159,4247.428416666666,11469.966424242428,1720.9922460317464
2005/9/20 0:00,528938.2388405484,3.996757081190478,5.73915075543651,7031.081082611831,6916.128285714287,78300.32966666666,1351.2140822510823
2005/9/27 0:00,528938.2388405484,3.996757081190478,5.73915075543651,7031.081082611831,6916.128285714287,78300.32966666666,1351.2140822510823
2005/10/4 0:00,528938.2388405484,3.996757081190478,5.73915075543651,7031.081082611831,6916.128285714287,78300.32966666666,1351.2140822510823
2005/10/11 0:00,528938.2388405484,3.996757081190478,5.73915075543651,7031.081082611831,6916.128285714287,78300.32966666666,1351.2140822510823
2005/10/18 0:00,172654.0,1.7920240653174593,1.6288775268253965,676.6947023809523,522.2936666666666,1879.572865079365,564.0
2005/10/25 0:00,528938.2388405484,3.996757081190478,5.73915075543651,7031.081082611831,6916.128285714287,78300.32966666666,1351.2140822510823
2005/11/1 0:00,528938.2388405484,3.996757081190478,5.73915075543651,7031.081082611831,6916.128285714287,78300.32966666666,1351.2140822510823
2005/11/8 0:00,622859.9233492063,1.0354405082103175,0.817145,2504.668908730159,4247.428416666666,11469.966424242428,1720.9922460317464
2005/11/15 0:00,528938.2388405484,3.996757081190478,5.73915075543651,7031.081082611831,6916.128285714287,78300.32966666666,1351.2140822510823
2005/11/22 0:00,528938.2388405484,3.996757081190478,5.73915075543651,7031.081082611831,6916.128285714287,78300.32966666666,1351.2140822510823
2005/11/29 0:00,622859.9233492063,1.0354405082103175,0.797966,2504.668908730159,4247.428416666666,11469.966424242428,1720.9922460317464
2005/12/6 0:00,528938.2388405484,3.996757081190478,5.73915075543651,7031.081082611831,6916.128285714287,78300.32966666666,1351.2140822510823
2005/12/13 0:00,528938.2388405484,3.996757081190478,5.73915075543651,7031.081082611831,6916.128285714287,78300.32966666666,1351.2140822510823
2005/12/20 0:00,366646.63414177485,1.7920240653174593,1.6288775268253965,511.0,2105.9421056998553,4272.801396825395,1017.7800227272726
2005/12/27 0:00,528938.2388405484,3.996757081190478,5.73915075543651,7031.081082611831,6916.128285714287,78300.32966666666,1351.2140822510823
2006/1/3 0:00,528938.2388405484,3.996757081190478,5.73915075543651,7031.081082611831,6916.128285714287,78300.32966666666,1351.2140822510823
2006/1/10 0:00,528938.2388405484,3.996757081190478,5.73915075543651,7031.081082611831,6916.128285714287,78300.32966666666,1351.2140822510823
2006/1/17 0:00,528938.2388405484,3.996757081190478,5.73915075543651,7031.081082611831,6916.128285714287,78300.32966666666,1351.2140822510823
2006/1/24 0:00,528938.2388405484,3.996757081190478,5.73915075543651,7031.081082611831,6916.128285714287,78300.32966666666,1351.2140822510823
2006/1/31 0:00,365919.4489751082,1.7889853962698408,1.6288775268253965,390.1251540404041,2270.0,4272.801396825395,1017.7800227272726
2006/2/7 0:00,528938.2388405484,3.996757081190478,5.73915075543651,7031.081082611831,6916.128285714287,78300.32966666666,1351.2140822510823
2006/2/14 0:00,528938.2388405484,3.996757081190478,5.73915075543651,7031.081082611831,6916.128285714287,78300.32966666666,1351.2140822510823
2006/2/21 0:00,528938.2388405484,3.996757081190478,5.73915075543651,7031.081082611831,6916.128285714287,78300.32966666666,1351.2140822510823
2006/2/28 0:00,552537.4146103896,3.991591724047621,4.950759244365077,5623.299567460319,6039.241714285716,33741.48140476191,1486.0
2006/3/7 0:00,401395.73732431454,2.2720464954437234,1.9432652237301584,2813.2527301587306,3244.0,5711.071134920635,1173.531510822511
2006/3/14 0:00,528938.2388405484,3.996757081190478,5.73915075543651,7031.081082611831,6916.128285714287,78300.32966666666,1351.2140822510823
2006/3/21 0:00,365334.0,1.790852479603174,1.6288775268253965,482.9722586580088,2079.5921150793647,4272.801396825395,1017.7800227272726
2006/3/28 0:00,528938.2388405484,3.996757081190478,5.73915075543651,7031.081082611831,6916.128285714287,78300.32966666666,1351.2140822510823
2006/4/4 0:00,528938.2388405484,3.996757081190478,5.73915075543651,7031.081082611831,6916.128285714287,78300.32966666666,1351.2140822510823
2006/4/11 0:00,379974.58202669554,2.09232,1.8457063684920638,2137.141585497835,3068.3670898268397,4954.199623015872,1171.124010822511
2006/4/18 0:00,528938.2388405484,3.996757081190478,5.73915075543651,7031.081082611831,6916.128285714287,78300.32966666666,1351.2140822510823
2006/4/25 0:00,528938.2388405484,3.996757081190478,5.73915075543651,7031.081082611831,6916.128285714287,78300.32966666666,1351.2140822510823
2006/5/2 0:00,430429.35933730163,2.9802784203571435,2.83018,3638.2337738095234,3623.8167500000004,6733.691337301587,1191.7679393939395
2006/5/9 0:00,528938.2388405484,3.996757081190478,5.73915075543651,7031.081082611831,6916.128285714287,78300.32966666666,1351.2140822510823
2006/5/16 0:00,528938.2388405484,3.996757081190478,5.73915075543651,7031.081082611831,6916.128285714287,78300.32966666666,1351.2140822510823
2006/5/23 0:00,528938.2388405484,3.996757081190478,5.73915075543651,7031.081082611831,6916.128285714287,78300.32966666666,1351.2140822510823
2006/5/30 0:00,528938.2388405484,3.996757081190478,5.73915075543651,7031.081082611831,6916.128285714287,78300.32966666666,1351.2140822510823
2006/6/6 0:00,528938.2388405484,3.996757081190478,5.73915075543651,7031.081082611831,6916.128285714287,78300.32966666666,1351.2140822510823
2006/6/13 0:00,528938.2388405484,3.996757081190478,5.73915075543651,7031.081082611831,6916.128285714287,78300.32966666666,1361.0
2006/6/20 0:00,528938.2388405484,3.996757081190478,5.73915075543651,7031.081082611831,6916.128285714287,78300.32966666666,1351.2140822510823
2006/6/27 0:00,484222.5988055554,1.6172543355772004,1.5176957749999997,1664.0,2217.324232683983,6495.875892857143,1128.7342965367968
2006/7/4 0:00,361955.0,1.7920240653174593,1.6288775268253965,1445.0,1479.3056428571426,4213.258924603173,1121.081510822511
2006/7/11 0:00,528938.2388405484,3.996757081190478,5.73915075543651,7031.081082611831,6916.128285714287,78300.32966666666,1351.2140822510823
2006/7/18 0:00,601289.5804047618,1.2532883482222221,1.1737,1892.978948412698,2431.951458874459,8931.54915873016,1591.088825396825
2006/7/25 0:00,618738.5492023808,1.1928484960909094,1.06358,2409.664658730159,4247.428416666666,11431.414424242428,1592.244015873015
2006/8/1 0:00,528938.2388405484,3.996757081190478,5.73915075543651,7031.081082611831,6916.128285714287,78300.32966666666,1351.2140822510823
2006/8/8 0:00,528938.2388405484,3.996757081190478,5.73915075543651,7031.081082611831,6916.128285714287,78300.32966666666,1351.2140822510823
2006/8/15 0:00,285031.0,1.7920240653174593,1.6288775268253965,676.6947023809523,1086.9319166666664,1879.572865079365,843.8000227272726
2006/8/22 0:00,528938.2388405484,3.996757081190478,5.73915075543651,7031.081082611831,6916.128285714287,78300.32966666666,1351.2140822510823
2006/8/29 0:00,528938.2388405484,3.996757081190478,5.73915075543651,7031.081082611831,6916.128285714287,78300.32966666666,1351.2140822510823
2006/9/5 0:00,528938.2388405484,3.996757081190478,5.73915075543651,7031.081082611831,6916.128285714287,78300.32966666666,1351.2140822510823
2006/9/12 0:00,528938.2388405484,3.996757081190478,5.73915075543651,7031.081082611831,6916.128285714287,78300.32966666666,1351.2140822510823
2006/9/19 0:00,528938.2388405484,3.996757081190478,5.73915075543651,7031.081082611831,6916.128285714287,78300.32966666666,1351.2140822510823
2006/9/26 0:00,218376.0,1.7920240653174593,1.6288775268253965,676.6947023809523,866.375091269841,1879.572865079365,640.5052976190477
2006/10/3 0:00,366646.63414177485,1.7889853962698408,1.6288775268253965,394.0,2213.325415223665,4272.801396825395,1017.7800227272726
2006/10/10 0:00,199040.0,1.7920240653174593,1.6288775268253965,676.6947023809523,599.468841269841,1879.572865079365,608.163892857143
2006/10/17 0:00,528938.2388405484,3.996757081190478,5.73915075543651,7031.081082611831,6916.128285714287,78300.32966666666,1351.2140822510823
2006/10/24 0:00,528938.2388405484,3.996757081190478,5.73915075543651,7031.081082611831,6916.128285714287,78300.32966666666,1351.2140822510823
2006/10/31 0:00,528938.2388405484,3.996757081190478,5.73915075543651,7031.081082611831,6916.128285714287,78300.32966666666,1351.2140822510823
2006/11/7 0:00,528938.2388405484,3.996757081190478,5.73915075543651,7031.081082611831,6916.128285714287,78300.32966666666,1351.2140822510823
2006/11/14 0:00,624669.5605396824,1.030246574404762,0.618075,2504.668908730159,4247.428416666666,11469.966424242428,1758.4856388888893
2006/11/21 0:00,528938.2388405484,3.996757081190478,5.73915075543651,7031.081082611831,6916.128285714287,78300.32966666666,1351.2140822510823
2006/11/28 0:00,653992.1997539682,0.787458,0.7313968962326833,2409.664658730159,4201.772488095237,11481.127852813855,1831.5189148629145
2006/12/5 0:00,528938.2388405484,3.996757081190478,5.73915075543651,7031.081082611831,6916.128285714287,78300.32966666666,1351.2140822510823
2006/12/12 0:00,528938.2388405484,3.996757081190478,5.73915075543651,7031.081082611831,6916.128285714287,78300.32966666666,1351.2140822510823
2006/12/19 0:00,528938.2388405484,3.996757081190478,5.73915075543651,7031.081082611831,6916.128285714287,78300.32966666666,1351.2140822510823
2006/12/26 0:00,528938.2388405484,3.996757081190478,5.73915075543651,7031.081082611831,6916.128285714287,78300.32966666666,1351.2140822510823
2007/1/2 0:00,528938.2388405484,3.996757081190478,5.73915075543651,7031.081082611831,6916.128285714287,78300.32966666666,1351.2140822510823
2007/1/9 0:00,528938.2388405484,3.996757081190478,5.73915075543651,7031.081082611831,6916.128285714287,78300.32966666666,1351.2140822510823
2007/1/16 0:00,432030.3789801587,2.019947492640693,1.7960077801587304,2583.0,3236.418083333333,6941.0,1176.9381774891779
2007/1/23 0:00,528938.2388405484,3.996757081190478,5.73915075543651,7031.081082611831,6916.128285714287,78300.32966666666,1351.2140822510823
2007/1/30 0:00,528938.2388405484,3.996757081190478,5.73915075543651,7031.081082611831,6916.128285714287,78300.32966666666,1351.2140822510823
2007/2/6 0:00,528938.2388405484,3.996757081190478,5.73915075543651,7031.081082611831,6916.128285714287,78300.32966666666,1351.2140822510823
2007/2/13 0:00,528938.2388405484,3.996757081190478,5.73915075543651,7031.081082611831,6916.128285714287,78300.32966666666,1351.2140822510823
2007/2/20 0:00,528938.2388405484,3.996757081190478,5.73915075543651,7031.081082611831,6916.128285714287,78300.32966666666,1351.2140822510823
2007/2/27 0:00,528938.2388405484,3.996757081190478,5.73915075543651,7031.081082611831,6916.128285714287,78300.32966666666,1351.2140822510823
2007/3/6 0:00,528938.2388405484,3.996757081190478,5.73915075543651,7031.081082611831,6916.128285714287,78300.32966666666,1351.2140822510823
2007/3/13 0:00,422384.97978571424,1.67351,1.620188876825397,1910.5312896825385,2371.6360183982692,5599.825757936509,1121.715272727273
2007/3/20 0:00,528938.2388405484,3.996757081190478,5.73915075543651,7031.081082611831,6916.128285714287,78300.32966666666,1351.2140822510823
2007/3/27 0:00,381995.90952669556,2.50019,2.1160523859920635,2856.7237867965364,3396.5764166666672,5739.524444444443,1173.531510822511
2007/4/3 0:00,430603.0,2.43939,2.184181716587301,3190.999551587301,3372.2450833333337,6429.3068492063485,1180.2046060606062
2007/4/10 0:00,528938.2388405484,3.996757081190478,5.73915075543651,7031.081082611831,6916.128285714287,78300.32966666666,1351.2140822510823
2007/4/17 0:00,528938.2388405484,3.996757081190478,5.73915075543651,7031.081082611831,6916.128285714287,78300.32966666666,1351.2140822510823
2007/4/24 0:00,525535.8321738817,3.6854242671031754,3.32331,4518.920317460318,6054.670904761905,21187.60263888889,1268.1324285714284
2007/5/1 0:00,528938.2388405484,3.996757081190478,5.73915075543651,7031.081082611831,6916.128285714287,78300.32966666666,1351.2140822510823
2007/5/8 0:00,528938.2388405484,3.996757081190478,5.73915075543651,7031.081082611831,6916.128285714287,78300.32966666666,1351.2140822510823
2007/5/15 0:00,528938.2388405484,3.996757081190478,5.73915075543651,7031.081082611831,6916.128285714287,78300.32966666666,1351.2140822510823
2007/5/22 0:00,528938.2388405484,3.991591724047621,4.155210969841267,5159.271912698412,5511.315464285714,30245.0,1285.5261904761903
2007/5/29 0:00,528938.2388405484,3.996757081190478,5.73915075543651,7031.081082611831,6916.128285714287,78300.32966666666,1351.2140822510823
2007/6/5 0:00,528938.2388405484,3.996757081190478,5.73915075543651,7031.081082611831,6916.128285714287,78300.32966666666,1351.2140822510823
2007/6/12 0:00,528938.2388405484,3.996757081190478,5.73915075543651,7031.081082611831,6916.128285714287,78300.32966666666,1351.2140822510823
2007/6/19 0:00,528938.2388405484,3.996757081190478,5.73915075543651,7031.081082611831,6916.128285714287,78300.32966666666,1351.2140822510823
2007/6/26 0:00,528938.2388405484,3.996757081190478,5.73915075543651,7031.081082611831,6916.128285714287,78300.32966666666,1351.2140822510823
2007/7/3 0:00,528938.2388405484,3.996757081190478,5.73915075543651,7031.081082611831,6916.128285714287,78300.32966666666,1351.2140822510823
2007/7/10 0:00,528938.2388405484,3.996757081190478,5.73915075543651,7031.081082611831,6916.128285714287,78300.32966666666,1351.2140822510823
2007/7/17 0:00,528938.2388405484,5.7879943902380955,4.568391506984124,5530.456964285716,8174.816845238095,32192.04733333333,1288.0
2007/7/24 0:00,528938.2388405484,3.996757081190478,5.73915075543651,7031.081082611831,6916.128285714287,78300.32966666666,1351.2140822510823
2007/7/31 0:00,528938.2388405484,3.996757081190478,5.73915075543651,7031.081082611831,6916.128285714287,78300.32966666666,1351.2140822510823
2007/8/7 0:00,528938.2388405484,3.996757081190478,5.73915075543651,7031.081082611831,6916.128285714287,78300.32966666666,1351.2140822510823
2007/8/14 0:00,528938.2388405484,3.996757081190478,5.73915075543651,7031.081082611831,6916.128285714287,78300.32966666666,1351.2140822510823
2007/8/21 0:00,528938.2388405484,3.996757081190478,5.73915075543651,7031.081082611831,6916.128285714287,78300.32966666666,1351.2140822510823
2007/8/28 0:00,528938.2388405484,3.996757081190478,5.73915075543651,7031.081082611831,6916.128285714287,78300.32966666666,1351.2140822510823
2007/9/4 0:00,528938.2388405484,3.996757081190478,5.73915075543651,7031.081082611831,6916.128285714287,78300.32966666666,1351.2140822510823
2007/9/11 0:00,234331.58758333334,1.7920240653174593,1.6288775268253965,676.6947023809523,923.6129960317459,1879.572865079365,764.0
2007/9/18 0:00,293857.584737013,2.001861450952381,1.7939453368253968,1698.6210595238092,1169.2932777777778,2842.0,1152.1683441558446
2007/9/25 0:00,622859.9233492063,1.0354405082103175,0.826756,2504.668908730159,4247.428416666666,11469.966424242428,1720.9922460317464
2007/10/2 0:00,528938.2388405484,3.996757081190478,5.73915075543651,7031.081082611831,6916.128285714287,78300.32966666666,1351.2140822510823
2007/10/9 0:00,528938.2388405484,3.996757081190478,5.73915075543651,7031.081082611831,6916.128285714287,78300.32966666666,1351.2140822510823
2007/10/16 0:00,528938.2388405484,3.996757081190478,5.73915075543651,7031.081082611831,6916.128285714287,78300.32966666666,1351.2140822510823
2007/10/23 0:00,528938.2388405484,3.996757081190478,5.73915075543651,7031.081082611831,6916.128285714287,78300.32966666666,1351.2140822510823
2007/10/30 0:00,203865.3363492064,1.7920240653174593,1.6288775268253965,676.6947023809523,743.1865436507935,1879.572865079365,676.0
2007/11/6 0:00,528938.2388405484,3.996757081190478,5.73915075543651,7031.081082611831,6916.128285714287,78300.32966666666,1351.2140822510823
2007/11/13 0:00,528938.2388405484,3.996757081190478,5.73915075543651,7031.081082611831,6916.128285714287,78300.32966666666,1351.2140822510823
2007/11/20 0:00,528938.2388405484,3.996757081190478,5.73915075543651,7031.081082611831,6916.128285714287,78300.32966666666,1351.2140822510823
2007/11/27 0:00,528938.2388405484,3.996757081190478,5.73915075543651,7031.081082611831,6916.128285714287,78300.32966666666,1351.2140822510823
2007/12/4 0:00,528938.2388405484,3.996757081190478,5.73915075543651,7031.081082611831,6916.128285714287,78300.32966666666,1351.2140822510823
2007/12/11 0:00,528938.2388405484,3.996757081190478,5.73915075543651,7031.081082611831,6916.128285714287,78300.32966666666,1351.2140822510823
2007/12/18 0:00,528938.2388405484,3.996757081190478,5.73915075543651,7031.081082611831,6916.128285714287,78300.32966666666,1351.2140822510823
2007/12/25 0:00,528938.2388405484,3.996757081190478,5.73915075543651,7031.081082611831,6916.128285714287,78300.32966666666,1351.2140822510823
2008/1/1 0:00,528938.2388405484,3.996757081190478,5.73915075543651,7031.081082611831,6916.128285714287,78300.32966666666,1351.2140822510823
2008/1/8 0:00,617771.2344523808,1.2049305005194808,1.03017,2504.668908730159,4247.428416666666,11386.31194805195,1584.4583015873013
2008/1/15 0:00,528938.2388405484,3.996757081190478,5.73915075543651,7031.081082611831,6916.128285714287,78300.32966666666,1351.2140822510823
2008/1/22 0:00,528938.2388405484,3.996757081190478,5.73915075543651,7031.081082611831,6916.128285714287,78300.32966666666,1351.2140822510823
2008/1/29 0:00,528938.2388405484,3.996757081190478,5.73915075543651,7031.081082611831,6916.128285714287,78300.32966666666,1351.2140822510823
2008/2/5 0:00,528938.2388405484,3.996757081190478,5.73915075543651,7031.081082611831,6916.128285714287,78300.32966666666,1351.2140822510823
2008/2/12 0:00,528938.2388405484,3.996757081190478,5.73915075543651,7031.081082611831,6916.128285714287,78300.32966666666,1351.2140822510823
2008/2/19 0:00,608646.0,1.4602425800851366,1.27053,1910.8972182539683,2448.301935064935,7733.0,1563.0
2008/2/26 0:00,528938.2388405484,3.996757081190478,5.73915075543651,7031.081082611831,6916.128285714287,78300.32966666666,1351.2140822510823
2008/3/4 0:00,609909.9537222221,1.2130258000194807,1.086084085904762,2504.668908730159,4247.428416666666,11365.009948051951,1551.0
2008/3/11 0:00,528938.2388405484,3.996757081190478,5.73915075543651,7031.081082611831,6916.128285714287,78300.32966666666,1351.2140822510823
2008/3/18 0:00,528938.2388405484,3.996757081190478,5.73915075543651,7031.081082611831,6916.128285714287,78300.32966666666,1351.2140822510823
2008/3/25 0:00,528938.2388405484,3.996757081190478,5.73915075543651,7031.081082611831,6916.128285714287,78300.32966666666,1351.2140822510823
2008/4/1 0:00,528938.2388405484,3.996757081190478,5.73915075543651,7031.081082611831,6916.128285714287,78300.32966666666,1351.2140822510823
2008/4/8 0:00,528938.2388405484,3.996757081190478,5.73915075543651,7031.081082611831,6916.128285714287,78300.32966666666,1351.2140822510823
2008/4/15 0:00,472257.6174094515,1.61555,1.5149263749999995,1663.1427579365075,2217.324232683983,6411.444821428571,1128.7342965367968
2008/4/22 0:00,482373.1298849205,3.4008553826190497,3.441447501150792,4166.378904761907,5464.65505952381,11456.0,1209.596867965368
2008/4/29 0:00,528938.2388405484,3.996757081190478,5.73915075543651,7031.081082611831,6916.128285714287,78300.32966666666,1351.2140822510823
2008/5/6 0:00,528938.2388405484,3.996757081190478,5.73915075543651,7031.081082611831,6916.128285714287,78300.32966666666,1351.2140822510823
2008/5/13 0:00,528938.2388405484,5.7879943902380955,5.73915075543651,7569.694074675327,11215.0,78300.32966666666,1341.9473322510823
2008/5/20 0:00,481890.35173340543,5.773984370238095,4.365226818174602,4848.0,8015.994345238095,21939.868496031748,1215.2784393939394
2008/5/27 0:00,528938.2388405484,3.996757081190478,5.73915075543651,7031.081082611831,6916.128285714287,78300.32966666666,1351.2140822510823
2008/6/3 0:00,609909.9537222221,1.2565495610909092,1.1053783272380955,2504.668908730159,4247.428416666666,11365.009948051951,1534.0
2008/6/10 0:00,528938.2388405484,3.996757081190478,5.73915075543651,7031.081082611831,6916.128285714287,78300.32966666666,1351.2140822510823
2008/6/17 0:00,605503.0,1.1333096268924958,0.9923880409224389,2309.230373015873,3236.2788755411248,9535.25505952381,1664.227186507936
2008/6/24 0:00,528938.2388405484,3.996757081190478,5.73915075543651,7031.081082611831,6916.128285714287,78300.32966666666,1351.2140822510823
2008/7/1 0:00,552537.4146103896,3.996757081190478,5.73915075543651,7031.081082611831,6654.616083333335,78300.32966666666,1440.0
2008/7/8 0:00,491428.48294047604,1.659726077045454,1.6101741518253971,2577.0,2969.613702380951,6877.750980158728,1129.7807965367967
2008/7/15 0:00,528938.2388405484,3.996757081190478,5.73915075543651,7031.081082611831,6916.128285714287,78300.32966666666,1351.2140822510823
2008/7/22 0:00,528938.2388405484,3.996757081190478,5.73915075543651,7031.081082611831,6916.128285714287,78300.32966666666,1351.2140822510823
2008/7/29 0:00,431246.0610039683,2.74012,2.364378868968254,3460.234154761904,3432.617416666667,6559.608468253968,1180.2046060606062
2008/8/5 0:00,528938.2388405484,3.996757081190478,5.73915075543651,7031.081082611831,6916.128285714287,78300.32966666666,1351.2140822510823
2008/8/12 0:00,482373.1298849205,3.4008553826190497,3.441447501150792,4178.076404761907,5464.65505952381,12554.0,1209.596867965368
2008/8/19 0:00,528938.2388405484,3.996757081190478,5.73915075543651,7031.081082611831,6916.128285714287,78300.32966666666,1351.2140822510823
2008/8/26 0:00,528938.2388405484,3.996757081190478,5.73915075543651,7031.081082611831,6916.128285714287,78300.32966666666,1351.2140822510823
2008/9/2 0:00,528938.2388405484,3.996757081190478,5.73915075543651,7031.081082611831,6916.128285714287,78300.32966666666,1351.2140822510823
2008/9/9 0:00,482373.1298849205,3.4008553826190497,3.441447501150792,4178.076404761907,5464.65505952381,12392.0,1209.596867965368
2008/9/16 0:00,528938.2388405484,3.996757081190478,5.73915075543651,7031.081082611831,6916.128285714287,78300.32966666666,1351.2140822510823
2008/9/23 0:00,528938.2388405484,5.7879943902380955,4.555270706984124,5530.456964285716,8174.816845238095,31799.27,1279.0
2008/9/30 0:00,528938.2388405484,3.996757081190478,5.73915075543651,7031.081082611831,6916.128285714287,78300.32966666666,1351.2140822510823
2008/10/7 0:00,528938.2388405484,3.996757081190478,5.73915075543651,7031.081082611831,6916.128285714287,78300.32966666666,1351.2140822510823
2008/10/14 0:00,400954.29732431454,2.933439606230159,2.451928868015873,3509.3394404761902,3450.293083333334,5964.0,1181.934772727273
2008/10/21 0:00,528938.2388405484,3.996757081190478,5.73915075543651,7031.081082611831,6916.128285714287,78300.32966666666,1351.2140822510823
2008/10/28 0:00,528938.2388405484,3.996757081190478,5.73915075543651,7031.081082611831,6916.128285714287,78300.32966666666,1351.2140822510823
2008/11/4 0:00,528938.2388405484,3.996757081190478,5.73915075543651,7031.081082611831,6916.128285714287,78300.32966666666,1351.2140822510823
2008/11/11 0:00,528938.2388405484,3.996757081190478,5.73915075543651,7031.081082611831,6916.128285714287,78300.32966666666,1351.2140822510823
2008/11/18 0:00,528938.2388405484,3.996757081190478,5.73915075543651,7031.081082611831,6916.128285714287,78300.32966666666,1351.2140822510823
2008/11/25 0:00,528938.2388405484,3.996757081190478,5.73915075543651,7031.081082611831,6916.128285714287,78300.32966666666,1351.2140822510823
2008/12/2 0:00,528938.2388405484,3.996757081190478,5.73915075543651,7031.081082611831,6916.128285714287,78300.32966666666,1351.2140822510823
2008/12/9 0:00,528938.2388405484,3.996757081190478,5.73915075543651,7031.081082611831,6916.128285714287,78300.32966666666,1351.2140822510823
2008/12/16 0:00,528938.2388405484,3.821465837500002,3.9231870455555535,4740.337067460318,5407.38813095238,26091.0,1268.1324285714284
2008/12/23 0:00,528938.2388405484,3.996757081190478,5.73915075543651,7031.081082611831,6916.128285714287,78300.32966666666,1351.2140822510823
2008/12/30 0:00,528938.2388405484,3.996757081190478,5.73915075543651,7031.081082611831,6916.128285714287,78300.32966666666,1351.2140822510823
2009/1/6 0:00,528938.2388405484,5.7879943902380955,5.73915075543651,13917.971884920633,27406.0,78300.32966666666,1341.9473322510823
2009/1/13 0:00,481890.35173340543,7.09467,4.365226818174602,5399.301785714288,8061.911011904762,22919.331329365083,1220.4627012987014
2009/1/20 0:00,528938.2388405484,3.996757081190478,5.73915075543651,7031.081082611831,6916.128285714287,78300.32966666666,1351.2140822510823
2009/1/27 0:00,528938.2388405484,3.996757081190478,5.73915075543651,7031.081082611831,6916.128285714287,78300.32966666666,1351.2140822510823
2009/2/3 0:00,528938.2388405484,3.996757081190478,5.73915075543651,6640.619915945164,6383.734011904762,57017.0,1340.970288600289
2009/2/10 0:00,528938.2388405484,3.996757081190478,5.73915075543651,7031.081082611831,6916.128285714287,78300.32966666666,1351.2140822510823
2009/2/17 0:00,528938.2388405484,3.996757081190478,5.73915075543651,7031.081082611831,6916.128285714287,78300.32966666666,1351.2140822510823
2009/2/24 0:00,525535.8321738817,3.6854242671031754,3.44106,4518.920317460318,6054.670904761905,21187.60263888889,1268.1324285714284
2009/3/3 0:00,528938.2388405484,3.996757081190478,5.73915075543651,7031.081082611831,6916.128285714287,78300.32966666666,1351.2140822510823
2009/3/10 0:00,528938.2388405484,3.996757081190478,5.73915075543651,7031.081082611831,6916.128285714287,78300.32966666666,1351.2140822510823
2009/3/17 0:00,431246.0610039683,2.7550771852633487,2.345,3446.1828214285715,3418.5674166666668,6559.608468253968,1180.2046060606062
2009/3/24 0:00,528938.2388405484,3.996757081190478,5.73915075543651,7031.081082611831,6916.128285714287,78300.32966666666,1351.2140822510823
2009/3/31 0:00,528938.2388405484,3.996757081190478,5.73915075543651,7031.081082611831,6916.128285714287,78300.32966666666,1351.2140822510823
2009/4/7 0:00,528938.2388405484,3.996757081190478,5.73915075543651,7031.081082611831,6916.128285714287,78300.32966666666,1351.2140822510823
2009/4/14 0:00,528938.2388405484,3.996757081190478,5.73915075543651,7031.081082611831,6916.128285714287,78300.32966666666,1351.2140822510823
2009/4/21 0:00,528938.2388405484,3.996757081190478,5.73915075543651,7031.081082611831,6916.128285714287,78300.32966666666,1351.2140822510823
2009/4/28 0:00,528938.2388405484,3.996757081190478,5.73915075543651,7031.081082611831,6916.128285714287,78300.32966666666,1351.2140822510823
2009/5/5 0:00,767773.0,0.5382600953055561,0.7313968962326833,2409.664658730159,4257.086988095237,11481.127852813855,2012.1902182539684
2009/5/12 0:00,528938.2388405484,3.996757081190478,5.73915075543651,7031.081082611831,6916.128285714287,78300.32966666666,1351.2140822510823
2009/5/19 0:00,528938.2388405484,3.996757081190478,5.73915075543651,7031.081082611831,6916.128285714287,78300.32966666666,1351.2140822510823
2009/5/26 0:00,528938.2388405484,3.996757081190478,5.73915075543651,7031.081082611831,6916.128285714287,78300.32966666666,1351.2140822510823
2009/6/2 0:00,528938.2388405484,3.996757081190478,5.73915075543651,7031.081082611831,6916.128285714287,78300.32966666666,1351.2140822510823
2009/6/9 0:00,528938.2388405484,3.996757081190478,5.73915075543651,7031.081082611831,6916.128285714287,78300.32966666666,1351.2140822510823
2009/6/16 0:00,528938.2388405484,3.996757081190478,5.73915075543651,7031.081082611831,6916.128285714287,78300.32966666666,1351.2140822510823
2009/6/23 0:00,528938.2388405484,3.996757081190478,5.73915075543651,7031.081082611831,6916.128285714287,78300.32966666666,1351.2140822510823
2009/6/30 0:00,528938.2388405484,3.996757081190478,5.73915075543651,7031.081082611831,6916.128285714287,78300.32966666666,1351.2140822510823
2009/7/7 0:00,528938.2388405484,3.996757081190478,5.73915075543651,7031.081082611831,6916.128285714287,78300.32966666666,1351.2140822510823
2009/7/14 0:00,528938.2388405484,3.996757081190478,5.73915075543651,7031.081082611831,6916.128285714287,78300.32966666666,1351.2140822510823
2009/7/21 0:00,528938.2388405484,3.996757081190478,5.73915075543651,7031.081082611831,6916.128285714287,78300.32966666666,1351.2140822510823
2009/7/28 0:00,575338.3644563493,2.186873859259741,2.1579535963888885,3081.0,3558.776095238096,8440.0,1755.0
2009/8/4 0:00,528938.2388405484,3.996757081190478,5.73915075543651,7031.081082611831,6916.128285714287,78300.32966666666,1351.2140822510823
2009/8/11 0:00,528938.2388405484,3.996757081190478,5.73915075543651,7031.081082611831,6916.128285714287,78300.32966666666,1351.2140822510823
2009/8/18 0:00,528938.2388405484,3.996757081190478,5.73915075543651,7031.081082611831,6916.128285714287,78300.32966666666,1351.2140822510823
2009/8/25 0:00,366935.44997510826,1.790852479603174,1.6288775268253965,523.2949166666667,2188.0,4272.801396825395,1017.7800227272726
2009/9/1 0:00,528938.2388405484,3.996757081190478,5.73915075543651,7031.081082611831,6916.128285714287,78300.32966666666,1351.2140822510823
2009/9/8 0:00,528938.2388405484,3.996757081190478,5.73915075543651,7031.081082611831,6916.128285714287,78300.32966666666,1351.2140822510823
2009/9/15 0:00,528938.2388405484,3.996757081190478,5.73915075543651,7031.081082611831,6916.128285714287,78300.32966666666,1351.2140822510823
2009/9/22 0:00,575664.0,1.5244965529581522,1.2564794499206347,2131.5918174603175,2920.0890779220767,8044.674884920635,1537.1815992063484
2009/9/29 0:00,528938.2388405484,3.996757081190478,5.73915075543651,7031.081082611831,6916.128285714287,78300.32966666666,1347.0
2009/10/6 0:00,528938.2388405484,3.996757081190478,5.73915075543651,7031.081082611831,6916.128285714287,78300.32966666666,1351.2140822510823
2009/10/13 0:00,528938.2388405484,3.996757081190478,5.73915075543651,7031.081082611831,6916.128285714287,78300.32966666666,1351.2140822510823
2009/10/20 0:00,531790.0,3.821465837500002,3.926645445555554,4740.337067460318,5407.38813095238,25809.83396825396,1273.9349285714284
2009/10/27 0:00,624669.5605396824,1.030246574404762,0.730934,2504.668908730159,4247.428416666666,11469.966424242428,1758.4856388888893
2009/11/3 0:00,528938.2388405484,3.996757081190478,5.73915075543651,7031.081082611831,6916.128285714287,78300.32966666666,1351.2140822510823
2009/11/10 0:00,528938.2388405484,3.996757081190478,5.73915075543651,7031.081082611831,6916.128285714287,78300.32966666666,1351.2140822510823
2009/11/17 0:00,528938.2388405484,3.996757081190478,5.73915075543651,7031.081082611831,6916.128285714287,78300.32966666666,1351.2140822510823
2009/11/24 0:00,528938.2388405484,3.996757081190478,5.73915075543651,7031.081082611831,6916.128285714287,78300.32966666666,1351.2140822510823
2009/12/1 0:00,528938.2388405484,3.996757081190478,5.73915075543651,7031.081082611831,6916.128285714287,78300.32966666666,1351.2140822510823
2009/12/8 0:00,531250.0,3.821465837500002,3.926645445555554,4740.337067460318,5407.38813095238,25809.83396825396,1268.1324285714284
2009/12/15 0:00,366935.44997510826,1.7920240653174593,1.6288775268253965,667.8480357142856,2118.0,4272.801396825395,1017.7800227272726
2009/12/22 0:00,528938.2388405484,3.996757081190478,5.73915075543651,7031.081082611831,6916.128285714287,78300.32966666666,1351.2140822510823
2009/12/29 0:00,528938.2388405484,3.996757081190478,5.73915075543651,7031.081082611831,6916.128285714287,78300.32966666666,1351.2140822510823
2010/1/5 0:00,528938.2388405484,3.996757081190478,5.73915075543651,7031.081082611831,6916.128285714287,78300.32966666666,1351.2140822510823
2010/1/12 0:00,528938.2388405484,3.996757081190478,5.73915075543651,7031.081082611831,6916.128285714287,78300.32966666666,1351.2140822510823
2010/1/19 0:00,607537.9482142857,1.1335771561623376,0.9777130906843433,2355.148658730159,3311.1225119047613,9684.0,1668.742186507936
2010/1/26 0:00,528938.2388405484,3.996757081190478,5.73915075543651,7031.081082611831,6916.128285714287,78300.32966666666,1351.2140822510823
2010/2/2 0:00,528938.2388405484,3.996757081190478,5.73915075543651,7031.081082611831,6916.128285714287,78300.32966666666,1351.2140822510823
2010/2/9 0:00,528938.2388405484,3.996757081190478,5.73915075543651,7031.081082611831,6916.128285714287,78300.32966666666,1351.2140822510823
2010/2/16 0:00,528938.2388405484,3.996757081190478,5.73915075543651,7031.081082611831,6916.128285714287,78300.32966666666,1351.2140822510823
2010/2/23 0:00,528938.2388405484,3.996757081190478,5.73915075543651,7031.081082611831,6916.128285714287,78300.32966666666,1351.2140822510823
2010/3/2 0:00,526460.0503253968,3.239961984166667,3.246037806507934,4167.150686507937,4978.0,11838.897721861478,1263.7278452380951
2010/3/9 0:00,528938.2388405484,3.996757081190478,5.73915075543651,7031.081082611831,6916.128285714287,78300.32966666666,1351.2140822510823
2010/3/16 0:00,528938.2388405484,3.996757081190478,5.73915075543651,7031.081082611831,6916.128285714287,78300.32966666666,1351.2140822510823
2010/3/23 0:00,528938.2388405484,3.996757081190478,5.73915075543651,7031.081082611831,6916.128285714287,78300.32966666666,1351.2140822510823
2010/3/30 0:00,528938.2388405484,3.996757081190478,5.73915075543651,7031.081082611831,6916.128285714287,78300.32966666666,1351.2140822510823
2010/4/6 0:00,528938.2388405484,3.996757081190478,5.73915075543651,7031.081082611831,6916.128285714287,78300.32966666666,1351.2140822510823
2010/4/13 0:00,528938.2388405484,3.996757081190478,5.73915075543651,7031.081082611831,6916.128285714287,78300.32966666666,1351.2140822510823
2010/4/20 0:00,528938.2388405484,3.996757081190478,5.73915075543651,7031.081082611831,6916.128285714287,78300.32966666666,1351.2140822510823
2010/4/27 0:00,528938.2388405484,3.996757081190478,5.73915075543651,7031.081082611831,6916.128285714287,78300.32966666666,1351.2140822510823
2010/5/4 0:00,528938.2388405484,3.996757081190478,5.73915075543651,7031.081082611831,6916.128285714287,78300.32966666666,1351.2140822510823
2010/5/11 0:00,528938.2388405484,3.996757081190478,5.73915075543651,7031.081082611831,6916.128285714287,78300.32966666666,1351.2140822510823
2010/5/18 0:00,528938.2388405484,3.996757081190478,5.73915075543651,7031.081082611831,6916.128285714287,78300.32966666666,1351.2140822510823
2010/5/25 0:00,528938.2388405484,3.996757081190478,5.73915075543651,7031.081082611831,6916.128285714287,78300.32966666666,1351.2140822510823
2010/6/1 0:00,528938.2388405484,3.996757081190478,5.73915075543651,7031.081082611831,6916.128285714287,78300.32966666666,1351.2140822510823
2010/6/8 0:00,523612.8497777778,2.99142,3.000062167341268,3800.2863928571437,4754.490630952381,11287.184055194806,1260.1275119047618
2010/6/15 0:00,528938.2388405484,3.996757081190478,5.73915075543651,7031.081082611831,6916.128285714287,78300.32966666666,1351.2140822510823
2010/6/22 0:00,528938.2388405484,3.996757081190478,5.73915075543651,7031.081082611831,6916.128285714287,78300.32966666666,1351.2140822510823
2010/6/29 0:00,525448.1803253968,3.1131372716666665,3.0754535063888877,4189.0,5374.866904761905,11604.86641233767,1260.1275119047618
2010/7/6 0:00,528938.2388405484,3.996757081190478,5.73915075543651,7031.081082611831,6916.128285714287,78300.32966666666,1351.2140822510823
2010/7/13 0:00,607537.9482142857,1.203834125611111,1.0994155686309524,2309.230373015873,3236.2788755411248,9391.0,1608.0978492063484
2010/7/20 0:00,662612.0,0.7074179504722222,0.7313968962326833,2409.664658730159,4201.772488095237,11481.127852813855,1858.2792045454544
2010/7/27 0:00,528938.2388405484,3.996757081190478,5.73915075543651,7031.081082611831,6916.128285714287,78300.32966666666,1351.2140822510823
2010/8/3 0:00,617771.2344523808,1.2090559500194806,1.0447298639523812,2504.668908730159,4247.428416666666,11365.009948051951,1585.0
2010/8/10 0:00,491428.48294047604,1.659726077045454,1.6101741518253971,2551.0,2969.613702380951,6877.750980158728,1129.7807965367967
2010/8/17 0:00,528938.2388405484,3.996757081190478,5.73915075543651,7031.081082611831,6916.128285714287,78300.32966666666,1351.2140822510823
2010/8/24 0:00,528938.2388405484,3.996757081190478,5.73915075543651,7031.081082611831,6916.128285714287,78300.32966666666,1351.2140822510823
2010/8/31 0:00,528938.2388405484,3.996757081190478,5.73915075543651,7031.081082611831,6916.128285714287,78300.32966666666,1351.2140822510823
2010/9/7 0:00,528938.2388405484,3.996757081190478,5.73915075543651,7031.081082611831,6916.128285714287,78300.32966666666,1351.2140822510823
2010/9/14 0:00,528938.2388405484,3.996757081190478,5.73915075543651,7031.081082611831,6916.128285714287,78300.32966666666,1351.2140822510823
2010/9/21 0:00,651895.2787142856,0.843568,0.7313968962326833,2409.664658730159,4201.772488095237,11481.127852813855,1800.5000263347767
2010/9/28 0:00,358726.25502272724,1.7920240653174593,1.6288775268253965,1378.7025595238092,1462.0,4218.0,1083.0393798701298
2010/10/5 0:00,528938.2388405484,3.996757081190478,5.73915075543651,7031.081082611831,6916.128285714287,78300.32966666666,1351.2140822510823
2010/10/12 0:00,371071.1305624098,2.017190332063492,1.7939453368253968,1843.316525974025,2349.117367604618,3721.0,1171.124010822511
2010/10/19 0:00,307693.0342052669,2.0246308626190475,1.8409945368253968,1801.6582380952375,1184.0,4181.259603174603,1203.0
2010/10/26 0:00,528938.2388405484,3.996757081190478,5.73915075543651,7031.081082611831,6916.128285714287,78300.32966666666,1351.2140822510823
2010/11/2 0:00,293857.584737013,2.004692070952381,1.7939453368253968,1800.4882380952374,1125.0,2243.027698412698,1175.0
2010/11/9 0:00,528938.2388405484,3.996757081190478,5.73915075543651,7031.081082611831,6916.128285714287,78300.32966666666,1351.2140822510823
2010/11/16 0:00,528938.2388405484,3.996757081190478,5.73915075543651,7031.081082611831,6916.128285714287,78300.32966666666,1351.2140822510823
2010/11/23 0:00,602538.3855952381,1.1176226422258295,0.806526,1505.0,2227.62783982684,9001.003765873018,1708.5084841269836
2010/11/30 0:00,652533.0942777777,0.804155,0.7313968962326833,2409.664658730159,4201.772488095237,11481.127852813855,1814.286776334777
2010/12/7 0:00,528938.2388405484,3.996757081190478,5.73915075543651,7031.081082611831,6916.128285714287,78300.32966666666,1351.2140822510823
2010/12/14 0:00,528938.2388405484,3.996757081190478,5.73915075543651,7031.081082611831,6916.128285714287,78300.32966666666,1351.2140822510823
2010/12/21 0:00,365919.4489751082,1.7889853962698408,1.6288775268253965,390.1251540404041,2264.0,4272.801396825395,1017.7800227272726
2010/12/28 0:00,430429.35933730163,2.947361763690475,2.57105934765873,3566.623273809523,3501.8072500000003,6708.0,1185.3414393939395
2011/1/4 0:00,528938.2388405484,3.996757081190478,5.73915075543651,7031.081082611831,6916.128285714287,78300.32966666666,1351.2140822510823
2011/1/11 0:00,528938.2388405484,3.996757081190478,5.73915075543651,7031.081082611831,6916.128285714287,78300.32966666666,1351.2140822510823
2011/1/18 0:00,528938.2388405484,3.996757081190478,5.73915075543651,7031.081082611831,6916.128285714287,78300.32966666666,1351.2140822510823
2011/1/25 0:00,528938.2388405484,3.996757081190478,5.73915075543651,7031.081082611831,6916.128285714287,78300.32966666666,1351.2140822510823
2011/2/1 0:00,482373.1298849205,3.4008553826190497,3.441447501150792,4166.378904761907,5464.65505952381,11396.0,1209.596867965368
2011/2/8 0:00,528938.2388405484,3.996757081190478,5.73915075543651,7031.081082611831,6916.128285714287,78300.32966666666,1351.2140822510823
2011/2/15 0:00,528938.2388405484,3.996757081190478,5.73915075543651,7031.081082611831,6916.128285714287,78300.32966666666,1351.2140822510823
2011/2/22 0:00,675355.0777539682,0.64934013659127,0.7313968962326833,2409.664658730159,4201.772488095237,11481.127852813855,1918.0
2011/3/1 0:00,528938.2388405484,3.996757081190478,5.73915075543651,7031.081082611831,6916.128285714287,78300.32966666666,1351.2140822510823
2011/3/8 0:00,528938.2388405484,3.996757081190478,5.73915075543651,7031.081082611831,6916.128285714287,78300.32966666666,1351.2140822510823
2011/3/15 0:00,665479.6772063491,0.7225857985674605,0.7313968962326833,2409.664658730159,4201.772488095237,11481.127852813855,1872.0
2011/3/22 0:00,741908.8425238094,0.5673022162103178,0.7313968962326833,2409.664658730159,4257.086988095237,11481.127852813855,1851.0
2011/3/29 0:00,528938.2388405484,3.996757081190478,5.73915075543651,7031.081082611831,6916.128285714287,78300.32966666666,1351.2140822510823
2011/4/5 0:00,528938.2388405484,3.996757081190478,5.73915075543651,7031.081082611831,6916.128285714287,78300.32966666666,1351.2140822510823
2011/4/12 0:00,528938.2388405484,3.996757081190478,5.73915075543651,7031.081082611831,6916.128285714287,78300.32966666666,1351.2140822510823
2011/4/19 0:00,472257.6174094515,1.62891,1.5149263749999995,1663.1427579365075,2217.324232683983,6411.444821428571,1125.0242965367968
2011/4/26 0:00,528938.2388405484,3.996757081190478,5.73915075543651,7031.081082611831,6916.128285714287,78300.32966666666,1351.2140822510823
2011/5/3 0:00,528938.2388405484,3.815873637500002,3.9231870455555535,4740.337067460318,5336.0,24497.744170634913,1268.1324285714284
2011/5/10 0:00,481890.35173340543,5.7846968302380946,4.365226818174602,5028.0,8015.994345238095,22919.331329365083,1217.0774870129871
2011/5/17 0:00,379974.58202669554,2.09951,1.8457063684920638,2137.141585497835,3084.6077564935067,4954.199623015872,1171.124010822511
2011/5/24 0:00,529110.9953253968,3.502759165912699,3.6788799146031717,4461.662103174604,5224.203535714285,16137.0,1263.7278452380951
2011/5/31 0:00,528938.2388405484,3.996757081190478,5.73915075543651,7031.081082611831,6916.128285714287,78300.32966666666,1351.2140822510823
2011/6/7 0:00,528938.2388405484,3.996757081190478,5.73915075543651,7031.081082611831,6916.128285714287,78300.32966666666,1351.2140822510823
2011/6/14 0:00,747570.0,0.5382600953055561,0.7313968962326833,2409.664658730159,4257.086988095237,11481.127852813855,2004.1075115440117
2011/6/21 0:00,652148.5365840546,0.8853212060476189,0.7324877772842708,2409.664658730159,4257.086988095237,11481.127852813855,1780.0
2011/6/28 0:00,528938.2388405484,3.996757081190478,5.73915075543651,7031.081082611831,6916.128285714287,78300.32966666666,1351.2140822510823
2011/7/5 0:00,528938.2388405484,3.996757081190478,5.73915075543651,7031.081082611831,6916.128285714287,78300.32966666666,1351.2140822510823
2011/7/12 0:00,528938.2388405484,3.996757081190478,5.73915075543651,7031.081082611831,6916.128285714287,78300.32966666666,1351.2140822510823
2011/7/19 0:00,610540.0865277776,0.967922854924603,0.8275339412344879,2409.664658730159,3785.011785714285,10123.0,1721.193876984127
2011/7/26 0:00,528938.2388405484,3.996757081190478,5.73915075543651,7031.081082611831,6916.128285714287,78300.32966666666,1351.2140822510823
2011/8/2 0:00,528938.2388405484,3.996757081190478,5.73915075543651,7031.081082611831,6916.128285714287,78300.32966666666,1351.2140822510823
2011/8/9 0:00,528938.2388405484,3.996757081190478,5.73915075543651,7031.081082611831,6916.128285714287,78300.32966666666,1351.2140822510823
2011/8/16 0:00,528938.2388405484,3.996757081190478,5.73915075543651,7031.081082611831,6916.128285714287,78300.32966666666,1351.2140822510823
2011/8/23 0:00,616765.0,0.9185293387261901,0.8010903257662337,2409.664658730159,4247.428416666666,11452.716424242428,1714.5254603174603
2011/8/30 0:00,528938.2388405484,3.996757081190478,5.73915075543651,7031.081082611831,6916.128285714287,78300.32966666666,1351.2140822510823
2011/9/6 0:00,528938.2388405484,3.996757081190478,5.73915075543651,7031.081082611831,6916.128285714287,78300.32966666666,1351.2140822510823
2011/9/13 0:00,528938.2388405484,3.996757081190478,5.73915075543651,7031.081082611831,6916.128285714287,78300.32966666666,1351.2140822510823
2011/9/20 0:00,617771.2344523808,1.11031,0.9500839319462482,2504.668908730159,4247.428416666666,11386.31194805195,1644.7209722222217
2011/9/27 0:00,528938.2388405484,3.996757081190478,5.73915075543651,7031.081082611831,6916.128285714287,78300.32966666666,1351.2140822510823
2011/10/4 0:00,365830.4434274892,1.7920240653174593,1.6288775268253965,676.6947023809523,1706.0,4219.715813492062,1017.7800227272726
2011/10/11 0:00,528938.2388405484,3.996757081190478,5.73915075543651,7031.081082611831,6916.128285714287,78300.32966666666,1351.2140822510823
2011/10/18 0:00,528938.2388405484,3.996757081190478,5.73915075543651,7031.081082611831,6916.128285714287,78300.32966666666,1351.2140822510823
2011/10/25 0:00,617771.2344523808,1.170751408805195,0.915356,2539.438908730159,4261.578416666666,11386.31194805195,1635.3856825396817
2011/11/1 0:00,528938.2388405484,3.996757081190478,5.73915075543651,7031.081082611831,6916.128285714287,78300.32966666666,1351.2140822510823
2011/11/8 0:00,613974.7008055554,0.925024,0.8244384964924244,2309.230373015873,3236.2788755411248,9626.940773809525,1722.4188769841269
2011/11/15 0:00,484222.5988055554,1.6172543355772004,1.5176957749999997,1721.0,2217.324232683983,6495.875892857143,1128.7342965367968
2011/11/22 0:00,528938.2388405484,3.996757081190478,5.73915075543651,7031.081082611831,6916.128285714287,78300.32966666666,1351.2140822510823
2011/11/29 0:00,528938.2388405484,3.996757081190478,5.73915075543651,7031.081082611831,6916.128285714287,78300.32966666666,1351.2140822510823
2011/12/6 0:00,528938.2388405484,3.996757081190478,5.73915075543651,7031.081082611831,6916.128285714287,78300.32966666666,1351.2140822510823
2011/12/13 0:00,528938.2388405484,3.996757081190478,5.73915075543651,7031.081082611831,6916.128285714287,78300.32966666666,1351.2140822510823
2011/12/20 0:00,528938.2388405484,5.7879943902380955,4.51991001115079,5460.324297619049,7949.521154761905,23911.467079365088,1268.0
2011/12/27 0:00,528938.2388405484,3.996757081190478,5.73915075543651,7031.081082611831,6916.128285714287,78300.32966666666,1351.2140822510823
2012/1/3 0:00,528938.2388405484,3.996757081190478,5.73915075543651,7031.081082611831,6916.128285714287,78300.32966666666,1351.2140822510823
2012/1/10 0:00,528938.2388405484,3.996757081190478,5.73915075543651,7031.081082611831,6916.128285714287,78300.32966666666,1351.2140822510823
2012/1/17 0:00,528938.2388405484,3.996757081190478,5.73915075543651,7031.081082611831,6916.128285714287,78300.32966666666,1351.2140822510823
2012/1/24 0:00,432800.2743373016,2.688065031096682,2.3353694523015873,3346.0,3425.057416666667,6586.645134920635,1180.2046060606062
2012/1/31 0:00,528938.2388405484,3.996757081190478,5.73915075543651,7031.081082611831,6916.128285714287,78300.32966666666,1351.2140822510823
2012/2/7 0:00,528938.2388405484,3.996757081190478,5.73915075543651,7031.081082611831,6916.128285714287,78300.32966666666,1351.2140822510823
2012/2/14 0:00,528938.2388405484,3.996757081190478,5.73915075543651,7031.081082611831,6916.128285714287,78300.32966666666,1351.2140822510823
2012/2/21 0:00,381995.90952669556,2.30609,1.9450896987301585,2277.1782391774886,3201.2086136363637,5334.794011904763,1172.826510822511
2012/2/28 0:00,528938.2388405484,3.996757081190478,5.73915075543651,7031.081082611831,6916.128285714287,78300.32966666666,1351.2140822510823
2012/3/6 0:00,528938.2388405484,3.821465837500002,3.9135246455555532,4740.337067460318,5407.38813095238,24877.0,1268.1324285714284
2012/3/13 0:00,528938.2388405484,3.996757081190478,5.73915075543651,7031.081082611831,6916.128285714287,78300.32966666666,1351.2140822510823
2012/3/20 0:00,528938.2388405484,3.996757081190478,5.73915075543651,7031.081082611831,6916.128285714287,78300.32966666666,1351.2140822510823
2012/3/27 0:00,607171.0,1.1657194229163057,1.0775543798928573,2309.230373015873,3236.2788755411248,9457.51180952381,1618.9531825396816
2012/4/3 0:00,528938.2388405484,3.996757081190478,5.73915075543651,7031.081082611831,6916.128285714287,78300.32966666666,1351.2140822510823
2012/4/10 0:00,850531.0,0.5382600953055561,0.7313968962326833,2409.664658730159,4257.086988095237,11481.127852813855,2012.1902182539684
2012/4/17 0:00,786368.865690476,0.5382600953055561,0.7313968962326833,2409.664658730159,4257.086988095237,11481.127852813855,2008.0
2012/4/24 0:00,491461.94542388164,4.2171,3.933583551031744,4764.493190476191,5850.011559523809,20731.55373412699,1219.284498917749
2012/5/1 0:00,682052.7016428572,0.533936210305556,0.7313968962326833,2409.664658730159,4201.772488095237,11481.127852813855,1963.0
2012/5/8 0:00,528938.2388405484,3.996757081190478,5.73915075543651,7031.081082611831,6916.128285714287,78300.32966666666,1351.2140822510823
2012/5/15 0:00,528938.2388405484,3.996757081190478,5.73915075543651,7031.081082611831,6916.128285714287,78300.32966666666,1351.2140822510823
2012/5/22 0:00,682052.7016428572,0.533936210305556,0.7313968962326833,2409.664658730159,4201.772488095237,11481.127852813855,1940.0
2012/5/29 0:00,528938.2388405484,3.996757081190478,5.73915075543651,7031.081082611831,6916.128285714287,78300.32966666666,1351.2140822510823
2012/6/5 0:00,528938.2388405484,3.996757081190478,5.73915075543651,7031.081082611831,6916.128285714287,78300.32966666666,1351.2140822510823
2012/6/12 0:00,528440.1673253968,3.5108562325793655,3.7162671731746015,4483.014603174604,5220.449369047619,17392.0,1263.7278452380951
2012/6/19 0:00,379974.58202669554,2.06778,1.8296123351587303,2122.625585497835,3068.3670898268397,4938.8846230158715,1171.124010822511
2012/6/26 0:00,740285.5121904761,0.6251987448968258,0.7313968962326833,2409.664658730159,4257.086988095237,11481.127852813855,1811.0
2012/7/3 0:00,528938.2388405484,3.996757081190478,5.73915075543651,7031.081082611831,6916.128285714287,78300.32966666666,1351.2140822510823
2012/7/10 0:00,654412.9474444443,0.7429799078055557,0.7313968962326833,2409.664658730159,3798.678357142857,10818.0,1826.3449981962478
2012/7/17 0:00,528938.2388405484,3.996757081190478,5.73915075543651,7031.081082611831,6916.128285714287,78300.32966666666,1351.2140822510823
2012/7/24 0:00,629158.453626984,0.9137668876388888,0.7331447489350645,2409.664658730159,4247.428416666666,11452.716424242428,1711.0
2012/7/31 0:00,667648.0,0.64934013659127,0.7313968962326833,2409.664658730159,4201.772488095237,11481.127852813855,1860.3688712121211
2012/8/7 0:00,528938.2388405484,3.996757081190478,5.73915075543651,7031.081082611831,6916.128285714287,78300.32966666666,1351.2140822510823
2012/8/14 0:00,528938.2388405484,3.996757081190478,5.73915075543651,7031.081082611831,6916.128285714287,78300.32966666666,1351.2140822510823
2012/8/21 0:00,528938.2388405484,3.996757081190478,5.73915075543651,7031.081082611831,6916.128285714287,78300.32966666666,1351.2140822510823
2012/8/28 0:00,528938.2388405484,3.996757081190478,5.73915075543651,7031.081082611831,6916.128285714287,78300.32966666666,1351.2140822510823
2012/9/4 0:00,528938.2388405484,3.996757081190478,5.73915075543651,7031.081082611831,6916.128285714287,78300.32966666666,1351.2140822510823
2012/9/11 0:00,618738.5492023808,1.1623503032099571,1.02358,2409.664658730159,4247.428416666666,11452.716424242428,1600.7276825396816
2012/9/18 0:00,381995.90952669556,2.2851020814538243,1.9593592570634917,2301.208239177489,3201.2086136363637,5474.0,1172.826510822511
2012/9/25 0:00,649162.4474047617,0.83057,0.7313968962326833,2409.664658730159,4201.772488095237,11481.127852813855,1800.5000263347767
2012/10/2 0:00,528938.2388405484,3.996757081190478,5.73915075543651,7031.081082611831,6916.128285714287,78300.32966666666,1351.2140822510823
2012/10/9 0:00,371305.80627669557,2.017190332063492,1.7939453368253968,1843.316525974025,2593.3906493506497,4510.0,1171.124010822511
2012/10/16 0:00,528938.2388405484,3.996757081190478,5.73915075543651,7031.081082611831,6916.128285714287,78300.32966666666,1351.2140822510823
2012/10/23 0:00,528938.2388405484,3.996757081190478,5.73915075543651,7031.081082611831,6916.128285714287,78300.32966666666,1351.2140822510823
2012/10/30 0:00,653992.1997539682,0.726037,0.7313968962326833,2409.664658730159,4201.772488095237,11481.127852813855,1841.4701648629148
2012/11/6 0:00,528938.2388405484,3.996757081190478,5.73915075543651,7031.081082611831,6916.128285714287,78300.32966666666,1351.2140822510823
2012/11/13 0:00,528938.2388405484,3.996757081190478,5.73915075543651,7031.081082611831,6916.128285714287,78300.32966666666,1351.2140822510823
2012/11/20 0:00,528938.2388405484,3.996757081190478,5.73915075543651,7031.081082611831,6916.128285714287,78300.32966666666,1351.2140822510823
2012/11/27 0:00,528938.2388405484,5.7879943902380955,4.555270706984124,5507.37029761905,8174.816845238095,23911.467079365088,1260.0
2012/12/4 0:00,528938.2388405484,3.996757081190478,5.73915075543651,7031.081082611831,6916.128285714287,78300.32966666666,1351.2140822510823
2012/12/11 0:00,578898.0088253968,1.3690835427222219,1.09107,1856.9207777777776,2437.0,8191.957575396826,1583.998325396825
2012/12/18 0:00,528938.2388405484,3.996757081190478,5.73915075543651,7031.081082611831,6916.128285714287,78300.32966666666,1351.2140822510823
2012/12/25 0:00,528938.2388405484,3.996757081190478,5.73915075543651,7031.081082611831,6916.128285714287,78300.32966666666,1351.2140822510823
2013/1/1 0:00,528938.2388405484,3.996757081190478,5.73915075543651,7031.081082611831,6916.128285714287,78300.32966666666,1351.2140822510823
2013/1/8 0:00,528938.2388405484,3.996757081190478,5.73915075543651,7031.081082611831,6916.128285714287,78300.32966666666,1351.2140822510823
2013/1/15 0:00,528938.2388405484,3.996757081190478,5.73915075543651,7031.081082611831,6916.128285714287,78300.32966666666,1351.2140822510823
2013/1/22 0:00,528938.2388405484,3.996757081190478,5.73915075543651,7031.081082611831,6916.128285714287,78300.32966666666,1351.2140822510823
2013/1/29 0:00,528938.2388405484,3.996757081190478,5.73915075543651,7031.081082611831,6916.128285714287,78300.32966666666,1351.2140822510823
2013/2/5 0:00,528938.2388405484,3.996757081190478,5.73915075543651,7031.081082611831,6916.128285714287,78300.32966666666,1351.2140822510823
2013/2/12 0:00,528938.2388405484,3.996757081190478,5.73915075543651,7031.081082611831,6916.128285714287,78300.32966666666,1351.2140822510823
2013/2/19 0:00,528938.2388405484,3.996757081190478,5.73915075543651,7031.081082611831,6916.128285714287,78300.32966666666,1351.2140822510823
2013/2/26 0:00,528938.2388405484,3.996757081190478,5.73915075543651,7031.081082611831,6916.128285714287,78300.32966666666,1351.2140822510823
2013/3/5 0:00,528938.2388405484,3.996757081190478,5.73915075543651,7031.081082611831,6916.128285714287,78300.32966666666,1351.2140822510823
2013/3/12 0:00,528938.2388405484,3.996757081190478,5.73915075543651,7031.081082611831,6916.128285714287,78300.32966666666,1351.2140822510823
2013/3/19 0:00,524523.9621738817,3.15997,3.453051700555554,4411.986031746032,5627.440571428572,24697.0,1268.1324285714284
2013/3/26 0:00,528938.2388405484,3.996757081190478,5.73915075543651,7031.081082611831,6916.128285714287,78300.32966666666,1351.2140822510823
2013/4/2 0:00,528938.2388405484,3.996757081190478,5.73915075543651,7031.081082611831,6916.128285714287,78300.32966666666,1351.2140822510823
2013/4/9 0:00,525535.8321738817,3.56288,5.2902695132936515,6233.0,7881.0,72172.54814285714,1321.0070624098125
2013/4/16 0:00,528938.2388405484,3.996757081190478,5.73915075543651,7031.081082611831,6916.128285714287,78300.32966666666,1351.2140822510823
2013/4/23 0:00,528938.2388405484,3.821465837500002,3.926645445555554,4740.337067460318,5407.38813095238,25502.0,1268.1324285714284
2013/4/30 0:00,528938.2388405484,5.7879943902380955,5.73915075543651,7569.694074675327,8714.0,78300.32966666666,1341.9473322510823
2013/5/7 0:00,528938.2388405484,4.53673497119048,5.73915075543651,7090.65536038961,7711.0,78300.32966666666,1347.6560346320348
2013/5/14 0:00,786368.865690476,0.5382600953055561,0.7313968962326833,2409.664658730159,4257.086988095237,11481.127852813855,2018.0
2013/5/21 0:00,528938.2388405484,3.996757081190478,5.73915075543651,7031.081082611831,6916.128285714287,78300.32966666666,1351.2140822510823
2013/5/28 0:00,525448.1803253968,3.1131372716666665,3.0754535063888877,3953.0,5272.2054761904765,11493.562055194809,1260.1275119047618
2013/6/4 0:00,528938.2388405484,3.996757081190478,5.73915075543651,7031.081082611831,6916.128285714287,78300.32966666666,1351.2140822510823
2013/6/11 0:00,528938.2388405484,3.996757081190478,5.73915075543651,7031.081082611831,6916.128285714287,78300.32966666666,1351.2140822510823
2013/6/18 0:00,528938.2388405484,3.996757081190478,5.3259702182936515,6652.137606421356,5611.0,73497.92157142857,1331.755395743146
2013/6/25 0:00,528938.2388405484,3.996757081190478,5.73915075543651,7031.081082611831,6916.128285714287,78300.32966666666,1351.2140822510823
2013/7/2 0:00,528938.2388405484,3.996757081190478,5.73915075543651,7031.081082611831,6916.128285714287,78300.32966666666,1351.2140822510823
2013/7/9 0:00,422384.97978571424,1.67236,1.620188876825397,1910.5312896825385,2371.6360183982692,5599.825757936509,1121.715272727273
2013/7/16 0:00,369072.9749751082,1.7704986115079353,1.51636,1375.9775349927847,2145.32258982684,4295.614480158729,1083.0393798701298
2013/7/23 0:00,528938.2388405484,3.996757081190478,5.73915075543651,7031.081082611831,6916.128285714287,78300.32966666666,1351.2140822510823
2013/7/30 0:00,528938.2388405484,3.996757081190478,5.73915075543651,7031.081082611831,6916.128285714287,78300.32966666666,1351.2140822510823
2013/8/6 0:00,528938.2388405484,3.996757081190478,5.73915075543651,7031.081082611831,6916.128285714287,78300.32966666666,1351.2140822510823
2013/8/13 0:00,616717.0786190475,1.34208,1.0586546571904765,2504.668908730159,4247.428416666666,11137.551031385283,1580.7141349206347
2013/8/20 0:00,381279.88202669553,2.1672117642857147,1.7912895301587304,2198.1788423520925,3068.0,4973.662956349205,1172.826510822511
2013/8/27 0:00,528938.2388405484,3.996757081190478,5.73915075543651,7031.081082611831,6916.128285714287,78300.32966666666,1351.2140822510823
2013/9/3 0:00,528938.2388405484,3.996757081190478,5.73915075543651,7031.081082611831,6916.128285714287,78300.32966666666,1351.2140822510823
2013/9/10 0:00,528938.2388405484,3.996757081190478,5.73915075543651,7031.081082611831,6916.128285714287,78300.32966666666,1351.2140822510823
2013/9/17 0:00,528938.2388405484,3.996757081190478,5.73915075543651,7031.081082611831,6916.128285714287,78300.32966666666,1351.2140822510823
2013/9/24 0:00,528938.2388405484,3.996757081190478,5.73915075543651,7031.081082611831,6916.128285714287,78300.32966666666,1351.2140822510823
2013/10/1 0:00,528938.2388405484,3.996757081190478,5.73915075543651,7031.081082611831,6916.128285714287,78300.32966666666,1351.2140822510823
2013/10/8 0:00,528938.2388405484,3.996757081190478,5.73915075543651,7031.081082611831,6916.128285714287,78300.32966666666,1351.2140822510823
2013/10/15 0:00,528938.2388405484,3.996757081190478,5.73915075543651,7031.081082611831,6916.128285714287,78300.32966666666,1351.2140822510823
2013/10/22 0:00,360904.1090703463,1.7920240653174593,1.620188876825397,1386.4408928571427,1450.0,4765.0,1083.0393798701298
2013/10/29 0:00,528938.2388405484,3.996757081190478,5.73915075543651,7031.081082611831,6916.128285714287,78300.32966666666,1351.2140822510823
2013/11/5 0:00,528938.2388405484,3.996757081190478,5.73915075543651,7031.081082611831,6916.128285714287,78300.32966666666,1351.2140822510823
2013/11/12 0:00,528938.2388405484,3.996757081190478,5.73915075543651,7031.081082611831,6916.128285714287,78300.32966666666,1351.2140822510823
2013/11/19 0:00,533563.6448722944,3.996757081190478,5.73915075543651,7031.081082611831,6916.128285714287,78300.32966666666,1371.0
2013/11/26 0:00,650762.4199047617,0.862176,0.7313968962326833,2409.664658730159,4201.772488095237,11481.127852813855,1800.5000263347767
2013/12/3 0:00,528938.2388405484,3.996757081190478,5.73915075543651,7031.081082611831,6916.128285714287,78300.32966666666,1351.2140822510823
2013/12/10 0:00,528938.2388405484,3.996757081190478,5.73915075543651,7031.081082611831,6916.128285714287,78300.32966666666,1351.2140822510823
2013/12/17 0:00,528938.2388405484,3.996757081190478,5.73915075543651,7031.081082611831,6916.128285714287,78300.32966666666,1351.2140822510823
2013/12/24 0:00,528938.2388405484,3.996757081190478,5.73915075543651,7031.081082611831,6916.128285714287,78300.32966666666,1351.2140822510823
2013/12/31 0:00,528938.2388405484,3.996757081190478,5.73915075543651,7031.081082611831,6916.128285714287,78300.32966666666,1351.2140822510823
2014/1/7 0:00,528938.2388405484,3.996757081190478,5.73915075543651,7031.081082611831,6916.128285714287,78300.32966666666,1351.2140822510823
2014/1/14 0:00,528938.2388405484,3.996757081190478,5.73915075543651,7031.081082611831,6916.128285714287,78300.32966666666,1351.2140822510823
2014/1/21 0:00,528938.2388405484,3.996757081190478,5.73915075543651,7031.081082611831,6916.128285714287,78300.32966666666,1351.2140822510823
2014/1/28 0:00,786368.865690476,0.5382600953055561,0.7313968962326833,2409.664658730159,4257.086988095237,11481.127852813855,2053.0
2014/2/4 0:00,525448.1803253968,3.1131372716666665,3.2170841731746007,4277.0,5463.179023809524,11631.478912337669,1263.7278452380951
2014/2/11 0:00,528938.2388405484,3.996757081190478,5.73915075543651,7031.081082611831,6916.128285714287,78300.32966666666,1351.2140822510823
2014/2/18 0:00,528938.2388405484,3.996757081190478,5.73915075543651,7031.081082611831,6916.128285714287,78300.32966666666,1351.2140822510823
2014/2/25 0:00,431246.0610039683,2.8871806036904752,2.62227,3535.7773214285703,3565.0857500000006,6626.4208730158725,1185.3414393939395
2014/3/4 0:00,431246.0610039683,2.8452572756601735,2.60749,3503.989988095237,3565.0857500000006,6626.4208730158725,1184.3954393939396
2014/3/11 0:00,528938.2388405484,3.996757081190478,5.73915075543651,7031.081082611831,6916.128285714287,78300.32966666666,1351.2140822510823
2014/3/18 0:00,528938.2388405484,3.996757081190478,5.73915075543651,7031.081082611831,6916.128285714287,78300.32966666666,1351.2140822510823
2014/3/25 0:00,528938.2388405484,3.996757081190478,5.73915075543651,7031.081082611831,6916.128285714287,78300.32966666666,1351.2140822510823
2014/4/1 0:00,528938.2388405484,3.996757081190478,5.73915075543651,7031.081082611831,6916.128285714287,78300.32966666666,1351.2140822510823
2014/4/8 0:00,528938.2388405484,3.996757081190478,5.73915075543651,7031.081082611831,6916.128285714287,78300.32966666666,1351.2140822510823
2014/4/15 0:00,528938.2388405484,3.996757081190478,5.73915075543651,7031.081082611831,6916.128285714287,78300.32966666666,1351.2140822510823
2014/4/22 0:00,528938.2388405484,3.996757081190478,5.73915075543651,7031.081082611831,6916.128285714287,78300.32966666666,1351.2140822510823
2014/4/29 0:00,528938.2388405484,3.996757081190478,5.73915075543651,7031.081082611831,6916.128285714287,78300.32966666666,1351.2140822510823
2014/5/6 0:00,528938.2388405484,3.996757081190478,5.73915075543651,7031.081082611831,6916.128285714287,78300.32966666666,1351.2140822510823
2014/5/13 0:00,528938.2388405484,3.821465837500002,3.9135246455555532,4740.337067460318,5407.38813095238,25218.0,1268.1324285714284
2014/5/20 0:00,536371.8753968255,2.93083,3.0216903469841254,3807.4938214285717,4008.558035714286,8130.334238095238,1269.2788452380953
2014/5/27 0:00,528938.2388405484,3.996757081190478,5.73915075543651,7031.081082611831,6916.128285714287,78300.32966666666,1351.2140822510823
2014/6/3 0:00,528938.2388405484,3.996757081190478,5.73915075543651,7031.081082611831,6916.128285714287,78300.32966666666,1351.2140822510823
2014/6/10 0:00,464189.193869769,2.7964466810966813,2.21286,3409.4579246031744,3466.1332500000008,6991.175111111109,1186.56762987013
2014/6/17 0:00,528938.2388405484,3.996757081190478,5.73915075543651,7031.081082611831,6916.128285714287,78300.32966666666,1351.2140822510823
2014/6/24 0:00,528938.2388405484,3.996757081190478,5.73915075543651,7031.081082611831,6916.128285714287,78300.32966666666,1351.2140822510823
2014/7/1 0:00,376695.4178600288,1.954,1.7852566868253967,1843.316525974025,2480.3482207792217,4640.3672579365075,1171.124010822511
2014/7/8 0:00,528938.2388405484,3.996757081190478,5.73915075543651,7031.081082611831,6916.128285714287,78300.32966666666,1351.2140822510823
2014/7/15 0:00,528938.2388405484,3.996757081190478,5.73915075543651,7031.081082611831,6916.128285714287,78300.32966666666,1351.2140822510823
2014/7/22 0:00,528938.2388405484,3.996757081190478,5.73915075543651,7031.081082611831,6916.128285714287,78300.32966666666,1351.2140822510823
2014/7/29 0:00,528938.2388405484,3.996757081190478,5.73915075543651,7031.081082611831,6916.128285714287,78300.32966666666,1351.2140822510823
2014/8/5 0:00,528938.2388405484,3.996757081190478,5.73915075543651,7031.081082611831,6916.128285714287,78300.32966666666,1351.2140822510823
2014/8/12 0:00,528938.2388405484,3.996757081190478,5.73915075543651,7031.081082611831,6916.128285714287,78300.32966666666,1351.2140822510823
2014/8/19 0:00,678023.0,0.533936210305556,0.7313968962326833,2409.664658730159,4201.772488095237,11481.127852813855,1970.8877139249641
2014/8/26 0:00,475882.7663214284,1.6948890505772007,1.607404751825397,2593.0,2969.613702380951,6768.003575396824,1129.7807965367967
2014/9/2 0:00,528938.2388405484,3.996757081190478,5.73915075543651,7031.081082611831,6916.128285714287,78300.32966666666,1351.2140822510823
2014/9/9 0:00,528938.2388405484,3.996757081190478,5.73915075543651,7031.081082611831,6916.128285714287,78300.32966666666,1351.2140822510823
2014/9/16 0:00,484222.5988055554,1.6172543355772004,1.5176957749999997,1734.0,2217.324232683983,6495.875892857143,1128.7342965367968
2014/9/23 0:00,528938.2388405484,3.996757081190478,5.73915075543651,7031.081082611831,6916.128285714287,78300.32966666666,1351.2140822510823
2014/9/30 0:00,528938.2388405484,3.996757081190478,5.73915075543651,7031.081082611831,6916.128285714287,78300.32966666666,1351.2140822510823
2014/10/7 0:00,528938.2388405484,3.996757081190478,5.73915075543651,7031.081082611831,6916.128285714287,78300.32966666666,1351.2140822510823
2014/10/14 0:00,528938.2388405484,3.996757081190478,5.73915075543651,7031.081082611831,6916.128285714287,78300.32966666666,1351.2140822510823
2014/10/21 0:00,528938.2388405484,3.996757081190478,5.73915075543651,7031.081082611831,6916.128285714287,78300.32966666666,1351.2140822510823
2014/10/28 0:00,528938.2388405484,3.996757081190478,5.73915075543651,7031.081082611831,6916.128285714287,78300.32966666666,1351.2140822510823
2014/11/4 0:00,528938.2388405484,3.996757081190478,5.73915075543651,7031.081082611831,6916.128285714287,78300.32966666666,1351.2140822510823
2014/11/11 0:00,528938.2388405484,3.996757081190478,5.73915075543651,7031.081082611831,6916.128285714287,78300.32966666666,1351.2140822510823
2014/11/18 0:00,528938.2388405484,3.996757081190478,5.73915075543651,7031.081082611831,6916.128285714287,78300.32966666666,1351.2140822510823
2014/11/25 0:00,528938.2388405484,3.996757081190478,5.73915075543651,7031.081082611831,6916.128285714287,78300.32966666666,1351.2140822510823
2014/12/2 0:00,365919.4489751082,1.7889853962698408,1.6288775268253965,390.1251540404041,2292.0,4272.801396825395,1017.7800227272726
2014/12/9 0:00,647029.647579365,0.886704,0.7313968962326833,2409.664658730159,4257.086988095237,11481.127852813855,1782.473502525253
2014/12/16 0:00,528938.2388405484,3.996757081190478,5.73915075543651,7031.081082611831,6916.128285714287,78300.32966666666,1351.2140822510823
2014/12/23 0:00,528938.2388405484,3.996757081190478,5.73915075543651,7031.081082611831,6916.128285714287,78300.32966666666,1351.2140822510823
2014/12/30 0:00,528938.2388405484,3.996757081190478,5.73915075543651,7031.081082611831,6916.128285714287,78300.32966666666,1351.2140822510823
2015/1/6 0:00,601289.5804047618,1.4519077448152955,1.24325,2067.2210079365077,2920.0890779220767,8367.665337301589,1580.062825396825
2015/1/13 0:00,482599.0120753967,3.0987572449999994,2.927540476190475,3794.4180357142864,4007.0,7449.382488095236,1199.3495346320349
2015/1/20 0:00,528938.2388405484,3.996757081190478,5.73915075543651,7031.081082611831,6916.128285714287,78300.32966666666,1351.2140822510823
2015/1/27 0:00,528938.2388405484,3.996757081190478,5.73915075543651,7031.081082611831,6916.128285714287,78300.32966666666,1351.2140822510823
2015/2/3 0:00,476276.8901706349,3.06177597452381,2.796965011785713,3563.0,3689.3575833333334,7340.50532142857,1198.1309632034631
2015/2/10 0:00,528938.2388405484,3.996757081190478,5.73915075543651,7031.081082611831,6916.128285714287,78300.32966666666,1351.2140822510823
2015/2/17 0:00,526460.0503253968,3.273692739722223,3.3684038280555537,4167.150686507937,5076.0,12169.603888528145,1263.7278452380951
2015/2/24 0:00,528938.2388405484,3.996757081190478,5.73915075543651,7031.081082611831,6916.128285714287,78300.32966666666,1351.2140822510823
2015/3/3 0:00,528938.2388405484,3.996757081190478,5.73915075543651,7031.081082611831,6916.128285714287,78300.32966666666,1351.2140822510823
2015/3/10 0:00,482373.1298849205,5.6789321826190475,4.301657534603173,4701.463226190477,7947.357595238094,14986.0,1212.0619512987014
2015/3/17 0:00,528101.8253253968,3.3444138747222216,3.6086249365079346,4292.713091269842,5105.0,13333.014721861475,1263.7278452380951
2015/3/24 0:00,528938.2388405484,3.996757081190478,5.73915075543651,7031.081082611831,6916.128285714287,78300.32966666666,1351.2140822510823
2015/3/31 0:00,528938.2388405484,3.996757081190478,5.73915075543651,7031.081082611831,6916.128285714287,78300.32966666666,1351.2140822510823
2015/4/7 0:00,528938.2388405484,3.996757081190478,5.73915075543651,7031.081082611831,6916.128285714287,78300.32966666666,1351.2140822510823
2015/4/14 0:00,528938.2388405484,3.996757081190478,5.73915075543651,7031.081082611831,6916.128285714287,78300.32966666666,1351.2140822510823
2015/4/21 0:00,528938.2388405484,3.996757081190478,5.73915075543651,7031.081082611831,6916.128285714287,78300.32966666666,1351.2140822510823
2015/4/28 0:00,528938.2388405484,3.996757081190478,5.73915075543651,7031.081082611831,6916.128285714287,78300.32966666666,1351.2140822510823
2015/5/5 0:00,786368.865690476,0.5382600953055561,0.7313968962326833,2409.664658730159,4257.086988095237,11481.127852813855,2007.0
2015/5/12 0:00,528938.2388405484,3.996757081190478,5.73915075543651,7031.081082611831,6916.128285714287,78300.32966666666,1351.2140822510823
2015/5/19 0:00,528938.2388405484,3.996757081190478,5.4143782341269855,5997.0,6134.691916666668,66186.17919047618,1330.8787290764794
2015/5/26 0:00,528938.2388405484,3.9532615907142876,4.155210969841267,4740.337067460318,5407.38813095238,26423.0,1268.1324285714284
2015/6/2 0:00,525535.8321738817,3.6854242671031754,3.32788,4518.920317460318,6054.670904761905,21187.60263888889,1268.1324285714284
2015/6/9 0:00,528938.2388405484,3.996757081190478,5.73915075543651,7031.081082611831,6916.128285714287,78300.32966666666,1351.2140822510823
2015/6/16 0:00,528938.2388405484,3.996757081190478,5.73915075543651,7031.081082611831,6916.128285714287,78300.32966666666,1351.2140822510823
2015/6/23 0:00,528938.2388405484,3.996757081190478,5.73915075543651,7031.081082611831,6916.128285714287,78300.32966666666,1351.2140822510823
2015/6/30 0:00,528938.2388405484,3.996757081190478,5.73915075543651,7031.081082611831,6916.128285714287,78300.32966666666,1351.2140822510823
2015/7/7 0:00,528938.2388405484,3.996757081190478,5.73915075543651,7031.081082611831,6916.128285714287,78300.32966666666,1351.2140822510823
2015/7/14 0:00,528938.2388405484,3.996757081190478,5.73915075543651,7031.081082611831,6916.128285714287,78300.32966666666,1351.2140822510823
2015/7/21 0:00,528938.2388405484,3.996757081190478,5.73915075543651,7031.081082611831,6916.128285714287,78300.32966666666,1351.2140822510823
2015/7/28 0:00,528938.2388405484,3.996757081190478,5.3259702182936515,6652.137606421356,5557.0,73497.92157142857,1331.755395743146
2015/8/4 0:00,528938.2388405484,3.996757081190478,5.73915075543651,7031.081082611831,6916.128285714287,78300.32966666666,1351.2140822510823
2015/8/11 0:00,528938.2388405484,3.996757081190478,5.73915075543651,7031.081082611831,6916.128285714287,78300.32966666666,1351.2140822510823
2015/8/18 0:00,528938.2388405484,3.996757081190478,5.73915075543651,7031.081082611831,6916.128285714287,78300.32966666666,1351.2140822510823
2015/8/25 0:00,635835.0,0.7918726803968253,0.7317170649826835,2409.664658730159,4201.772488095237,11481.127852813855,1811.6136583694085
2015/9/1 0:00,528938.2388405484,3.996757081190478,5.73915075543651,7031.081082611831,6916.128285714287,78300.32966666666,1351.2140822510823
2015/9/8 0:00,528938.2388405484,3.996757081190478,5.73915075543651,7031.081082611831,6916.128285714287,78300.32966666666,1351.2140822510823
2015/9/15 0:00,609460.2183373015,0.971814,0.800473531521645,2309.230373015873,3236.2788755411248,9599.391726190475,1725.518876984127
2015/9/22 0:00,528938.2388405484,3.996757081190478,5.73915075543651,7031.081082611831,6916.128285714287,78300.32966666666,1351.2140822510823
2015/9/29 0:00,528938.2388405484,3.996757081190478,5.73915075543651,7031.081082611831,6916.128285714287,78300.32966666666,1351.2140822510823
2015/10/6 0:00,528938.2388405484,3.996757081190478,5.73915075543651,7031.081082611831,6916.128285714287,78300.32966666666,1351.2140822510823
2015/10/13 0:00,528938.2388405484,3.996757081190478,5.73915075543651,7031.081082611831,6916.128285714287,78300.32966666666,1351.2140822510823
2015/10/20 0:00,484222.5988055554,1.6172543355772004,1.5176957749999997,1670.0,2217.324232683983,6495.875892857143,1128.7342965367968
2015/10/27 0:00,528938.2388405484,3.996757081190478,5.73915075543651,7031.081082611831,6916.128285714287,78300.32966666666,1351.2140822510823
2015/11/3 0:00,622859.9233492063,1.0354405082103175,0.790428,2504.668908730159,4247.428416666666,11469.966424242428,1720.9922460317464
2015/11/10 0:00,528938.2388405484,3.991591724047621,4.537578707222219,5178.430246031745,5642.094523809523,32478.60330952381,1329.0
2015/11/17 0:00,528938.2388405484,3.996757081190478,5.73915075543651,7031.081082611831,6916.128285714287,78300.32966666666,1351.2140822510823
2015/11/24 0:00,621362.0,0.834232,0.7762480491558441,2409.664658730159,4201.772488095237,11452.716424242428,1731.4607341269843
2015/12/1 0:00,614349.0,1.0158640977142854,0.7718265029621212,2409.664658730159,4247.428416666666,11452.716424242428,1714.5254603174603
2015/12/8 0:00,601938.0,1.0344769542261902,0.8388938667160896,2309.230373015873,3236.2788755411248,9593.126726190476,1725.518876984127
2015/12/15 0:00,528938.2388405484,3.996757081190478,5.73915075543651,7031.081082611831,6916.128285714287,78300.32966666666,1351.2140822510823
2015/12/22 0:00,675119.0,0.64934013659127,0.7313968962326833,2409.664658730159,4201.772488095237,11481.127852813855,1860.3688712121211
2015/12/29 0:00,528938.2388405484,3.996757081190478,5.73915075543651,7031.081082611831,6916.128285714287,78300.32966666666,1351.2140822510823
2016/1/5 0:00,528938.2388405484,3.996757081190478,5.73915075543651,7031.081082611831,6916.128285714287,78300.32966666666,1351.2140822510823
2016/1/12 0:00,528938.2388405484,3.996757081190478,5.73915075543651,7031.081082611831,6916.128285714287,78300.32966666666,1351.2140822510823
2016/1/19 0:00,528938.2388405484,3.996757081190478,5.73915075543651,7031.081082611831,6916.128285714287,78300.32966666666,1351.2140822510823
2016/1/26 0:00,528938.2388405484,3.996757081190478,5.73915075543651,7031.081082611831,6916.128285714287,78300.32966666666,1351.2140822510823
2016/2/2 0:00,528938.2388405484,3.996757081190478,5.73915075543651,7031.081082611831,6916.128285714287,78300.32966666666,1351.2140822510823
2016/2/9 0:00,528938.2388405484,3.996757081190478,5.73915075543651,7031.081082611831,6916.128285714287,78300.32966666666,1351.2140822510823
2016/2/16 0:00,528938.2388405484,3.996757081190478,5.73915075543651,7031.081082611831,6916.128285714287,78300.32966666666,1351.2140822510823
2016/2/23 0:00,786368.865690476,0.5382600953055561,0.7313968962326833,2409.664658730159,4257.086988095237,11481.127852813855,2011.0
2016/3/1 0:00,528938.2388405484,3.996757081190478,5.73915075543651,7031.081082611831,6916.128285714287,78300.32966666666,1351.2140822510823
2016/3/8 0:00,528938.2388405484,3.996757081190478,5.73915075543651,7031.081082611831,6916.128285714287,78300.32966666666,1351.2140822510823
2016/3/15 0:00,528938.2388405484,3.996757081190478,5.73915075543651,7031.081082611831,6916.128285714287,78300.32966666666,1351.2140822510823
2016/3/22 0:00,528938.2388405484,3.996757081190478,5.73915075543651,7031.081082611831,6916.128285714287,78300.32966666666,1351.2140822510823
2016/3/29 0:00,701569.0,0.533936210305556,0.7313968962326833,2409.664658730159,4201.772488095237,11481.127852813855,1970.8877139249641
2016/4/5 0:00,528938.2388405484,3.996757081190478,5.73915075543651,7031.081082611831,6916.128285714287,78300.32966666666,1351.2140822510823
2016/4/12 0:00,528938.2388405484,3.996757081190478,5.73915075543651,7031.081082611831,6916.128285714287,78300.32966666666,1351.2140822510823
2016/4/19 0:00,528938.2388405484,3.996757081190478,5.73915075543651,7031.081082611831,6916.128285714287,78300.32966666666,1351.2140822510823
2016/4/26 0:00,528938.2388405484,3.996757081190478,5.73915075543651,7031.081082611831,6916.128285714287,78300.32966666666,1351.2140822510823
2016/5/3 0:00,528938.2388405484,3.996757081190478,5.73915075543651,7031.081082611831,6916.128285714287,78300.32966666666,1351.2140822510823
2016/5/10 0:00,528938.2388405484,3.996757081190478,5.73915075543651,7031.081082611831,6916.128285714287,78300.32966666666,1351.2140822510823
2016/5/17 0:00,528938.2388405484,5.7879943902380955,5.73915075543651,7726.0,18692.0,78300.32966666666,1341.9473322510823
2016/5/24 0:00,528938.2388405484,3.996757081190478,5.73915075543651,7031.081082611831,6916.128285714287,78300.32966666666,1351.2140822510823
2016/5/31 0:00,528938.2388405484,3.996757081190478,5.73915075543651,7031.081082611831,6916.128285714287,78300.32966666666,1351.2140822510823
2016/6/7 0:00,528938.2388405484,3.996757081190478,5.73915075543651,7031.081082611831,6916.128285714287,78300.32966666666,1351.2140822510823
2016/6/14 0:00,528938.2388405484,3.996757081190478,5.73915075543651,7031.081082611831,6916.128285714287,78300.32966666666,1351.2140822510823
2016/6/21 0:00,528938.2388405484,3.996757081190478,5.73915075543651,7031.081082611831,6916.128285714287,78300.32966666666,1351.2140822510823
2016/6/28 0:00,431246.0610039683,2.79056,2.364378868968254,3460.234154761904,3432.617416666667,6559.608468253968,1180.2046060606062
2016/7/5 0:00,528938.2388405484,3.996757081190478,5.73915075543651,7031.081082611831,6916.128285714287,78300.32966666666,1351.2140822510823
2016/7/12 0:00,528938.2388405484,3.996757081190478,5.73915075543651,7031.081082611831,6916.128285714287,78300.32966666666,1351.2140822510823
2016/7/19 0:00,528938.2388405484,3.996757081190478,5.73915075543651,7031.081082611831,6916.128285714287,78300.32966666666,1351.2140822510823
2016/7/26 0:00,528938.2388405484,3.996757081190478,5.73915075543651,7031.081082611831,6916.128285714287,78300.32966666666,1351.2140822510823
2016/8/2 0:00,528938.2388405484,3.996757081190478,5.73915075543651,7031.081082611831,6916.128285714287,78300.32966666666,1351.2140822510823
2016/8/9 0:00,528938.2388405484,3.996757081190478,5.73915075543651,7031.081082611831,6916.128285714287,78300.32966666666,1351.2140822510823
2016/8/16 0:00,528938.2388405484,3.996757081190478,5.73915075543651,7031.081082611831,6916.128285714287,78300.32966666666,1351.2140822510823
2016/8/23 0:00,528938.2388405484,3.996757081190478,5.73915075543651,7031.081082611831,6916.128285714287,78300.32966666666,1351.2140822510823
2016/8/30 0:00,528938.2388405484,3.996757081190478,5.73915075543651,7031.081082611831,6916.128285714287,78300.32966666666,1351.2140822510823
2016/9/6 0:00,528938.2388405484,3.996757081190478,5.73915075543651,7031.081082611831,6916.128285714287,78300.32966666666,1351.2140822510823
2016/9/13 0:00,528938.2388405484,3.996757081190478,5.73915075543651,7031.081082611831,6916.128285714287,78300.32966666666,1351.2140822510823
2016/9/20 0:00,528938.2388405484,3.996757081190478,5.73915075543651,7031.081082611831,6916.128285714287,78300.32966666666,1351.2140822510823
2016/9/27 0:00,365830.4434274892,1.7920240653174593,1.6288775268253965,676.6947023809523,1748.0,4219.715813492062,1017.7800227272726
2016/10/4 0:00,528938.2388405484,3.996757081190478,5.73915075543651,7031.081082611831,6916.128285714287,78300.32966666666,1351.2140822510823
2016/10/11 0:00,373248.98461002886,2.017190332063492,1.7852566868253967,1843.316525974025,2594.7499588744595,4961.0,1171.124010822511
2016/10/18 0:00,528938.2388405484,3.996757081190478,5.73915075543651,7031.081082611831,6916.128285714287,78300.32966666666,1351.2140822510823
2016/10/25 0:00,528938.2388405484,3.996757081190478,5.73915075543651,7031.081082611831,6916.128285714287,78300.32966666666,1351.2140822510823
2016/11/1 0:00,528938.2388405484,3.996757081190478,5.73915075543651,7031.081082611831,6916.128285714287,78300.32966666666,1351.2140822510823
2016/11/8 0:00,358726.25502272724,1.7920240653174593,1.6288775268253965,676.6947023809523,1481.0,4209.850257936506,1017.7800227272726
2016/11/15 0:00,528938.2388405484,3.996757081190478,5.73915075543651,7031.081082611831,6916.128285714287,78300.32966666666,1351.2140822510823
2016/11/22 0:00,528938.2388405484,3.996757081190478,5.73915075543651,7031.081082611831,6916.128285714287,78300.32966666666,1351.2140822510823
2016/11/29 0:00,528938.2388405484,3.996757081190478,5.73915075543651,7031.081082611831,6916.128285714287,78300.32966666666,1351.2140822510823
2016/12/6 0:00,528938.2388405484,3.996757081190478,5.73915075543651,7031.081082611831,6916.128285714287,78300.32966666666,1351.2140822510823
2016/12/13 0:00,528938.2388405484,3.996757081190478,5.73915075543651,7031.081082611831,6916.128285714287,78300.32966666666,1351.2140822510823
2016/12/20 0:00,528938.2388405484,3.996757081190478,5.73915075543651,7031.081082611831,6916.128285714287,78300.32966666666,1351.2140822510823
2016/12/27 0:00,528938.2388405484,3.996757081190478,5.73915075543651,7031.081082611831,6916.128285714287,78300.32966666666,1351.2140822510823
2017/1/3 0:00,528938.2388405484,3.996757081190478,5.73915075543651,7031.081082611831,6916.128285714287,78300.32966666666,1351.2140822510823
2017/1/10 0:00,528938.2388405484,3.996757081190478,5.73915075543651,7031.081082611831,6916.128285714287,78300.32966666666,1351.2140822510823
2017/1/17 0:00,528938.2388405484,3.996757081190478,5.73915075543651,7031.081082611831,6916.128285714287,78300.32966666666,1351.2140822510823
2017/1/24 0:00,1006998.0,0.5382600953055561,0.7313968962326833,2409.664658730159,4257.086988095237,11481.127852813855,2933.988678571429
2017/1/31 0:00,528938.2388405484,3.996757081190478,5.73915075543651,7031.081082611831,6916.128285714287,78300.32966666666,1351.2140822510823
2017/2/7 0:00,528938.2388405484,3.996757081190478,5.502384625793652,6126.0,6134.691916666668,74228.52966666665,1330.8787290764794
2017/2/14 0:00,528938.2388405484,3.6935213337698416,3.7523265348412673,4591.975067460318,5390.956345238094,21892.0,1268.1324285714284
2017/2/21 0:00,528938.2388405484,3.996757081190478,5.73915075543651,7031.081082611831,6916.128285714287,78300.32966666666,1351.2140822510823
2017/2/28 0:00,528938.2388405484,3.996757081190478,5.73915075543651,7031.081082611831,6916.128285714287,78300.32966666666,1351.2140822510823
2017/3/7 0:00,528938.2388405484,3.996757081190478,5.73915075543651,7031.081082611831,6916.128285714287,78300.32966666666,1351.2140822510823
2017/3/14 0:00,528938.2388405484,3.996757081190478,5.73915075543651,7031.081082611831,6916.128285714287,78300.32966666666,1351.2140822510823
2017/3/21 0:00,528938.2388405484,5.7879943902380955,5.73915075543651,10447.0,23339.323386724394,78300.32966666666,1341.9473322510823
2017/3/28 0:00,528938.2388405484,3.996757081190478,5.73915075543651,7031.081082611831,6916.128285714287,78300.32966666666,1351.2140822510823
2017/4/4 0:00,528938.2388405484,3.996757081190478,5.73915075543651,7031.081082611831,6916.128285714287,78300.32966666666,1351.2140822510823
2017/4/11 0:00,528938.2388405484,5.7879943902380955,5.73915075543651,10053.0,17739.930071428567,78300.32966666666,1341.9473322510823
2017/4/18 0:00,528938.2388405484,3.996757081190478,6.34528,7031.081082611831,6916.128285714287,78300.32966666666,1351.2140822510823
2017/4/25 0:00,528938.2388405484,3.996757081190478,5.73915075543651,7031.081082611831,6916.128285714287,78300.32966666666,1351.2140822510823
2017/5/2 0:00,528938.2388405484,3.996757081190478,5.73915075543651,7031.081082611831,6916.128285714287,78300.32966666666,1351.2140822510823
2017/5/9 0:00,528938.2388405484,3.996757081190478,5.73915075543651,7031.081082611831,6916.128285714287,78300.32966666666,1351.2140822510823
2017/5/16 0:00,528938.2388405484,5.7879943902380955,5.73915075543651,13917.971884920633,32124.0,78300.32966666666,1341.9473322510823
2017/5/23 0:00,528938.2388405484,3.996757081190478,5.73915075543651,7031.081082611831,6916.128285714287,78300.32966666666,1351.2140822510823
2017/5/30 0:00,528938.2388405484,5.7879943902380955,5.73915075543651,7208.0,9546.370666666668,78300.32966666666,1341.9473322510823
2017/6/6 0:00,528938.2388405484,3.996757081190478,5.73915075543651,7031.081082611831,6916.128285714287,78300.32966666666,1351.2140822510823
2017/6/13 0:00,528938.2388405484,3.996757081190478,5.73915075543651,7031.081082611831,6916.128285714287,78300.32966666666,1351.2140822510823
2017/6/20 0:00,528938.2388405484,3.996757081190478,5.73915075543651,7031.081082611831,6916.128285714287,78300.32966666666,1351.2140822510823
2017/6/27 0:00,528938.2388405484,3.996757081190478,5.73915075543651,7031.081082611831,6916.128285714287,78300.32966666666,1351.2140822510823
2017/7/4 0:00,528938.2388405484,3.996757081190478,5.73915075543651,7031.081082611831,6916.128285714287,78300.32966666666,1351.2140822510823
2017/7/11 0:00,528938.2388405484,3.996757081190478,5.73915075543651,7031.081082611831,6916.128285714287,78300.32966666666,1351.2140822510823
2017/7/18 0:00,528938.2388405484,3.996757081190478,5.73915075543651,7031.081082611831,6916.128285714287,78300.32966666666,1351.2140822510823
2017/7/25 0:00,530570.8232301587,3.1034486758333326,3.0999087590079353,3723.0,4398.333095238096,10873.127745671,1258.1265119047616
2017/8/1 0:00,528938.2388405484,3.996757081190478,5.73915075543651,7031.081082611831,6916.128285714287,78300.32966666666,1351.2140822510823
2017/8/8 0:00,528938.2388405484,3.996757081190478,5.73915075543651,7031.081082611831,6916.128285714287,78300.32966666666,1351.2140822510823
2017/8/15 0:00,601289.5804047618,1.4519077448152955,1.22051,2067.2210079365077,2917.5690779220768,8367.665337301589,1580.062825396825
2017/8/22 0:00,528938.2388405484,3.996757081190478,5.73915075543651,7031.081082611831,6916.128285714287,78300.32966666666,1351.2140822510823
2017/8/29 0:00,528938.2388405484,3.996757081190478,5.73915075543651,7031.081082611831,6916.128285714287,78300.32966666666,1351.2140822510823
2017/9/5 0:00,830040.0,0.629426982634921,0.7313968962326833,2409.664658730159,4257.086988095237,11481.127852813855,1798.0
2017/9/12 0:00,521594.50977777777,3.0866028284523797,3.0345161018650777,3735.979107142857,3963.0677619047624,7573.0,1253.480511904762
2017/9/19 0:00,528938.2388405484,3.996757081190478,5.73915075543651,7031.081082611831,6916.128285714287,78300.32966666666,1351.2140822510823
2017/9/26 0:00,528938.2388405484,3.996757081190478,5.73915075543651,7031.081082611831,6916.128285714287,78300.32966666666,1351.2140822510823
2017/10/3 0:00,528938.2388405484,3.996757081190478,5.73915075543651,7031.081082611831,6916.128285714287,78300.32966666666,1351.2140822510823
2017/10/10 0:00,609490.1915443722,1.0898447904007933,0.8524194710003612,1795.4529920634918,1901.0,9065.140432539683,1785.0
2017/10/17 0:00,528938.2388405484,3.996757081190478,5.73915075543651,7031.081082611831,6916.128285714287,78300.32966666666,1351.2140822510823
2017/10/24 0:00,528938.2388405484,3.996757081190478,5.73915075543651,7031.081082611831,6916.128285714287,78300.32966666666,1351.2140822510823
2017/10/31 0:00,528938.2388405484,3.996757081190478,5.73915075543651,7031.081082611831,6916.128285714287,78300.32966666666,1351.2140822510823
2017/11/7 0:00,366065.11914177495,1.7920240653174593,1.6288775268253965,667.8480357142856,1784.0,4272.801396825395,1017.7800227272726
2017/11/14 0:00,528938.2388405484,3.996757081190478,5.73915075543651,7031.081082611831,6916.128285714287,78300.32966666666,1351.2140822510823
2017/11/21 0:00,528938.2388405484,3.996757081190478,5.73915075543651,7031.081082611831,6916.128285714287,78300.32966666666,1351.2140822510823
2017/11/28 0:00,528938.2388405484,3.996757081190478,5.73915075543651,7031.081082611831,6916.128285714287,78300.32966666666,1351.2140822510823
2017/12/5 0:00,528938.2388405484,3.996757081190478,5.73915075543651,7031.081082611831,6916.128285714287,78300.32966666666,1351.2140822510823
2017/12/12 0:00,528938.2388405484,3.996757081190478,5.73915075543651,7031.081082611831,6916.128285714287,78300.32966666666,1351.2140822510823
2017/12/19 0:00,528938.2388405484,3.996757081190478,5.73915075543651,7031.081082611831,6916.128285714287,78300.32966666666,1351.2140822510823
2017/12/26 0:00,629158.453626984,0.9270669022222221,0.7331447489350645,2409.664658730159,4247.428416666666,11452.716424242428,1710.0
2018/1/2 0:00,580621.6227539683,1.5903045735533905,1.41974,2119.2214841269843,2929.7478874458866,7995.598456349207,1550.4079563492057
2018/1/9 0:00,528938.2388405484,3.996757081190478,5.73915075543651,7031.081082611831,6279.0,78300.32966666666,1353.0300822510824
2018/1/16 0:00,528938.2388405484,3.996757081190478,5.73915075543651,7031.081082611831,6916.128285714287,78300.32966666666,1351.2140822510823
2018/1/23 0:00,528938.2388405484,3.996757081190478,5.73915075543651,7031.081082611831,6916.128285714287,78300.32966666666,1351.2140822510823
2018/1/30 0:00,528938.2388405484,3.996757081190478,5.73915075543651,7031.081082611831,6916.128285714287,78300.32966666666,1351.2140822510823
2018/2/6 0:00,528938.2388405484,3.996757081190478,5.73915075543651,7031.081082611831,6916.128285714287,78300.32966666666,1351.2140822510823
2018/2/13 0:00,528938.2388405484,3.996757081190478,5.73915075543651,7031.081082611831,6916.128285714287,78300.32966666666,1351.2140822510823
2018/2/20 0:00,528938.2388405484,3.996757081190478,5.73915075543651,7031.081082611831,6916.128285714287,78300.32966666666,1351.2140822510823
2018/2/27 0:00,528938.2388405484,3.996757081190478,5.73915075543651,7031.081082611831,6916.128285714287,78300.32966666666,1351.2140822510823
2018/3/6 0:00,528938.2388405484,3.996757081190478,5.73915075543651,7031.081082611831,6916.128285714287,78300.32966666666,1351.2140822510823
2018/3/13 0:00,528938.2388405484,3.991591724047621,4.155210969841267,5159.271912698412,5530.407464285714,33113.0,1322.1042896825395
2018/3/20 0:00,528938.2388405484,3.996757081190478,5.73915075543651,7031.081082611831,6916.128285714287,78300.32966666666,1351.2140822510823
2018/3/27 0:00,528938.2388405484,3.996757081190478,5.73915075543651,7031.081082611831,6916.128285714287,78300.32966666666,1351.2140822510823
2018/4/3 0:00,525535.8321738817,3.6935213337698416,3.63095,4503.967817460319,6036.979833333334,23661.929011904755,1268.1324285714284
2018/4/10 0:00,528938.2388405484,3.996757081190478,5.73915075543651,7031.081082611831,6916.128285714287,78300.32966666666,1351.2140822510823
2018/4/17 0:00,528938.2388405484,3.996757081190478,5.73915075543651,7031.081082611831,6916.128285714287,78300.32966666666,1351.2140822510823
2018/4/24 0:00,1181719.5004246035,0.5382600953055561,0.7313968962326833,2409.664658730159,4257.086988095237,11481.127852813855,2677.0
2018/5/1 0:00,528938.2388405484,3.996757081190478,5.73915075543651,7031.081082611831,6916.128285714287,78300.32966666666,1351.2140822510823
2018/5/8 0:00,528938.2388405484,3.996757081190478,5.73915075543651,7031.081082611831,6916.128285714287,78300.32966666666,1351.2140822510823
2018/5/15 0:00,528938.2388405484,3.996757081190478,5.73915075543651,7031.081082611831,6916.128285714287,78300.32966666666,1351.2140822510823
2018/5/22 0:00,528938.2388405484,3.996757081190478,5.73915075543651,7031.081082611831,6916.128285714287,78300.32966666666,1351.2140822510823
2018/5/29 0:00,528938.2388405484,5.7879943902380955,5.73915075543651,13144.116873015872,23468.0,78300.32966666666,1341.9473322510823
2018/6/5 0:00,1260615.0,0.5382600953055561,0.7313968962326833,2409.664658730159,4257.086988095237,11481.127852813855,2933.988678571429
2018/6/12 0:00,528938.2388405484,3.821465837500002,4.12777,4740.337067460318,5407.38813095238,26087.717920634917,1268.1324285714284
2018/6/19 0:00,528938.2388405484,3.996757081190478,5.73915075543651,7031.081082611831,6916.128285714287,78300.32966666666,1351.2140822510823
2018/6/26 0:00,433308.8893373016,3.0632788639285713,3.04819,3657.7887738095237,3648.2817500000006,7350.845761904762,1191.7679393939395
2018/7/3 0:00,528938.2388405484,5.7879943902380955,5.73915075543651,7569.694074675327,11768.0,78300.32966666666,1341.9473322510823
2018/7/10 0:00,528938.2388405484,3.996757081190478,5.73915075543651,7031.081082611831,6916.128285714287,78300.32966666666,1351.2140822510823
2018/7/17 0:00,528938.2388405484,3.996757081190478,5.73915075543651,7031.081082611831,6916.128285714287,78300.32966666666,1351.2140822510823
2018/7/24 0:00,369235.3337251082,1.71323,1.620188876825397,1567.0002453102447,2159.8375898268405,4304.190924603173,1116.8246060606061
2018/7/31 0:00,1199386.0,0.5382600953055561,0.7313968962326833,2409.664658730159,4257.086988095237,11481.127852813855,2933.988678571429
2018/8/7 0:00,528938.2388405484,3.996757081190478,5.73915075543651,7031.081082611831,6916.128285714287,78300.32966666666,1351.2140822510823
2018/8/14 0:00,528938.2388405484,3.996757081190478,5.73915075543651,7031.081082611831,6916.128285714287,78300.32966666666,1351.2140822510823
2018/8/21 0:00,528938.2388405484,3.996757081190478,5.73915075543651,7031.081082611831,6916.128285714287,78300.32966666666,1351.2140822510823
2018/8/28 0:00,528938.2388405484,3.996757081190478,5.73915075543651,7031.081082611831,6916.128285714287,78300.32966666666,1351.2140822510823
2018/9/4 0:00,528938.2388405484,3.996757081190478,5.73915075543651,7031.081082611831,6916.128285714287,78300.32966666666,1351.2140822510823
2018/9/11 0:00,528938.2388405484,3.996757081190478,5.73915075543651,7031.081082611831,6916.128285714287,78300.32966666666,1351.2140822510823
2018/9/18 0:00,528938.2388405484,3.996757081190478,5.73915075543651,7031.081082611831,6916.128285714287,78300.32966666666,1351.2140822510823
2018/9/25 0:00,528938.2388405484,3.996757081190478,5.73915075543651,7031.081082611831,6916.128285714287,78300.32966666666,1351.2140822510823
2018/10/2 0:00,528938.2388405484,3.996757081190478,5.73915075543651,7031.081082611831,6916.128285714287,78300.32966666666,1351.2140822510823
2018/10/9 0:00,528938.2388405484,3.996757081190478,5.73915075543651,7031.081082611831,6916.128285714287,78300.32966666666,1351.2140822510823
2018/10/16 0:00,1058986.0,0.5382600953055561,0.7313968962326833,2409.664658730159,4257.086988095237,11481.127852813855,2933.988678571429
2018/10/23 0:00,647085.8627420634,0.732983,0.7315990640104613,1820.6765515873014,2466.0,9121.10090873016,1814.2173077200578
2018/10/30 0:00,521594.50977777777,3.0866028284523797,3.0345161018650777,3735.979107142857,3963.0677619047624,7884.0,1253.480511904762
2018/11/6 0:00,528938.2388405484,3.996757081190478,5.73915075543651,7031.081082611831,6916.128285714287,78300.32966666666,1351.2140822510823
2018/11/13 0:00,433286.5868373016,2.082117414593074,1.8690809434920639,2634.0,3272.523083333333,6361.879444444445,1176.9381774891779
2018/11/20 0:00,382199.99077669554,2.632548921731602,2.3189427356349213,3192.8613531746028,3503.0,5795.392777777779,1176.7979393939395
2018/11/27 0:00,528938.2388405484,3.996757081190478,5.73915075543651,7031.081082611831,6916.128285714287,78300.32966666666,1351.2140822510823
2018/12/4 0:00,528938.2388405484,3.996757081190478,5.73915075543651,7031.081082611831,6916.128285714287,78300.32966666666,1351.2140822510823
2018/12/11 0:00,528938.2388405484,3.996757081190478,5.73915075543651,7031.081082611831,6916.128285714287,78300.32966666666,1351.2140822510823
2018/12/18 0:00,485024.0748849205,5.691144396904762,4.301657534603173,4844.431511904762,7947.357595238094,16001.0,1212.0619512987014
2018/12/25 0:00,528938.2388405484,3.996757081190478,5.73915075543651,7031.081082611831,6916.128285714287,78300.32966666666,1351.2140822510823
2019/1/1 0:00,528938.2388405484,3.996757081190478,5.73915075543651,7031.081082611831,6916.128285714287,78300.32966666666,1351.2140822510823
2019/1/8 0:00,475882.7663214284,1.6783279941486293,1.59764,2536.2922976190475,2969.613702380951,6768.003575396824,1129.7807965367967
2019/1/15 0:00,528938.2388405484,3.996757081190478,5.73915075543651,7031.081082611831,6916.128285714287,78300.32966666666,1351.2140822510823
2019/1/22 0:00,528938.2388405484,3.996757081190478,5.73915075543651,7031.081082611831,6916.128285714287,78300.32966666666,1351.2140822510823
2019/1/29 0:00,528938.2388405484,3.996757081190478,5.73915075543651,7031.081082611831,6916.128285714287,78300.32966666666,1351.2140822510823
2019/2/5 0:00,528938.2388405484,3.996757081190478,5.73915075543651,7031.081082611831,6916.128285714287,78300.32966666666,1351.2140822510823
2019/2/12 0:00,528938.2388405484,3.996757081190478,5.73915075543651,7031.081082611831,6916.128285714287,78300.32966666666,1351.2140822510823
2019/2/19 0:00,528938.2388405484,3.996757081190478,5.73915075543651,7031.081082611831,6916.128285714287,78300.32966666666,1351.2140822510823
2019/2/26 0:00,528938.2388405484,3.996757081190478,5.73915075543651,7031.081082611831,6916.128285714287,78300.32966666666,1351.2140822510823
2019/3/5 0:00,528938.2388405484,3.996757081190478,5.73915075543651,7031.081082611831,6916.128285714287,78300.32966666666,1351.2140822510823
2019/3/12 0:00,528938.2388405484,3.996757081190478,5.73915075543651,7031.081082611831,6916.128285714287,78300.32966666666,1351.2140822510823
2019/3/19 0:00,528938.2388405484,3.996757081190478,5.73915075543651,7031.081082611831,6916.128285714287,78300.32966666666,1351.2140822510823
2019/3/26 0:00,528938.2388405484,3.996757081190478,5.73915075543651,7031.081082611831,6916.128285714287,78300.32966666666,1351.2140822510823
2019/4/2 0:00,528938.2388405484,5.7879943902380955,5.73915075543651,13144.116873015872,23392.0,78300.32966666666,1341.9473322510823
2019/4/9 0:00,528938.2388405484,5.7879943902380955,5.73915075543651,15564.0,22756.0,78300.32966666666,1341.9473322510823
2019/4/16 0:00,528938.2388405484,5.7879943902380955,5.73915075543651,16587.0,25374.127672438673,78300.32966666666,1341.9473322510823
2019/4/23 0:00,528938.2388405484,3.996757081190478,5.73915075543651,7031.081082611831,6916.128285714287,78300.32966666666,1351.2140822510823
2019/4/30 0:00,528938.2388405484,3.996757081190478,5.73915075543651,7031.081082611831,6916.128285714287,78300.32966666666,1351.2140822510823
2019/5/7 0:00,528938.2388405484,3.996757081190478,5.73915075543651,7031.081082611831,6916.128285714287,111361.0,1351.2140822510823
2019/5/14 0:00,528938.2388405484,3.996757081190478,6.22068,7031.081082611831,6916.128285714287,78300.32966666666,1351.2140822510823
2019/5/21 0:00,528938.2388405484,3.996757081190478,5.73915075543651,7031.081082611831,6916.128285714287,78300.32966666666,1351.2140822510823
2019/5/28 0:00,528938.2388405484,5.7879943902380955,5.73915075543651,13820.0,25498.04767243868,78300.32966666666,1341.9473322510823
2019/6/4 0:00,528938.2388405484,3.996757081190478,5.73915075543651,7031.081082611831,6916.128285714287,78300.32966666666,1351.2140822510823
2019/6/11 0:00,528938.2388405484,3.996757081190478,5.73915075543651,7031.081082611831,6916.128285714287,78300.32966666666,1351.2140822510823
2019/6/18 0:00,528938.2388405484,3.996757081190478,5.73915075543651,7031.081082611831,6916.128285714287,78300.32966666666,1351.2140822510823
2019/6/25 0:00,481890.35173340543,5.7846968302380946,4.400587514007935,5129.0,8015.994345238095,22919.331329365083,1220.4627012987014
2019/7/2 0:00,528938.2388405484,3.996757081190478,5.73915075543651,7031.081082611831,6916.128285714287,78300.32966666666,1351.2140822510823
2019/7/9 0:00,528938.2388405484,3.996757081190478,5.73915075543651,7031.081082611831,6916.128285714287,78300.32966666666,1351.2140822510823
2019/7/16 0:00,528938.2388405484,3.996757081190478,5.73915075543651,7031.081082611831,6916.128285714287,78300.32966666666,1351.2140822510823
2019/7/23 0:00,528938.2388405484,3.996757081190478,5.73915075543651,7031.081082611831,6916.128285714287,78300.32966666666,1351.2140822510823
2019/7/30 0:00,528938.2388405484,3.996757081190478,5.73915075543651,7031.081082611831,6916.128285714287,78300.32966666666,1351.2140822510823
2019/8/6 0:00,617771.2344523808,1.18657,1.039780960619048,2504.668908730159,4247.428416666666,11365.009948051951,1584.4583015873013
2019/8/13 0:00,366935.44997510826,1.7920240653174593,1.6288775268253965,667.8480357142856,1960.0,4272.801396825395,1017.7800227272726
2019/8/20 0:00,365919.4489751082,1.790852479603174,1.6288775268253965,482.9722586580088,2221.0,4272.801396825395,1017.7800227272726
2019/8/27 0:00,528938.2388405484,3.996757081190478,5.73915075543651,7031.081082611831,6916.128285714287,78300.32966666666,1351.2140822510823
2019/9/3 0:00,528938.2388405484,3.996757081190478,5.73915075543651,7031.081082611831,6916.128285714287,78300.32966666666,1351.2140822510823
2019/9/10 0:00,528938.2388405484,3.996757081190478,5.73915075543651,7031.081082611831,6916.128285714287,78300.32966666666,1351.2140822510823
2019/9/17 0:00,528938.2388405484,3.996757081190478,5.73915075543651,7031.081082611831,6916.128285714287,78300.32966666666,1351.2140822510823
2019/9/24 0:00,528938.2388405484,3.996757081190478,5.73915075543651,7031.081082611831,6916.128285714287,78300.32966666666,1351.2140822510823
2019/10/1 0:00,528938.2388405484,3.996757081190478,5.73915075543651,7031.081082611831,6916.128285714287,78300.32966666666,1351.2140822510823
2019/10/8 0:00,528938.2388405484,3.996757081190478,5.73915075543651,7031.081082611831,6916.128285714287,78300.32966666666,1351.2140822510823
2019/10/15 0:00,528938.2388405484,3.996757081190478,5.73915075543651,7031.081082611831,6916.128285714287,78300.32966666666,1351.2140822510823
2019/10/22 0:00,618738.5492023808,1.22126,1.0482792772857146,2409.664658730159,4247.428416666666,11431.414424242428,1589.198658730158
2019/10/29 0:00,528938.2388405484,3.996757081190478,5.73915075543651,7031.081082611831,6916.128285714287,78300.32966666666,1351.2140822510823
2019/11/5 0:00,528938.2388405484,3.996757081190478,5.73915075543651,7031.081082611831,6916.128285714287,78300.32966666666,1351.2140822510823
2019/11/12 0:00,528938.2388405484,3.996757081190478,5.73915075543651,7031.081082611831,6916.128285714287,78300.32966666666,1351.2140822510823
2019/11/19 0:00,1181719.5004246035,0.5382600953055561,0.7313968962326833,2409.664658730159,4257.086988095237,11481.127852813855,2923.0
2019/11/26 0:00,528938.2388405484,3.996757081190478,5.73915075543651,7031.081082611831,6916.128285714287,78300.32966666666,1351.2140822510823
2019/12/3 0:00,625737.8833650793,0.917339,0.7343014056771281,2539.438908730159,4261.578416666666,12232.0,1731.23051984127
2019/12/10 0:00,528938.2388405484,3.996757081190478,5.73915075543651,7031.081082611831,6916.128285714287,78300.32966666666,1351.2140822510823
2019/12/17 0:00,526460.0503253968,3.5639644536904784,3.520933086984124,4251.849757936509,5319.513285714285,13005.0,1263.7278452380951
2019/12/24 0:00,528938.2388405484,3.996757081190478,5.73915075543651,7031.081082611831,6916.128285714287,78300.32966666666,1351.2140822510823
2019/12/31 0:00,600440.8573253967,1.2546085045194804,1.0713,2576.2080753968253,4710.0,11660.876983766237,1598.0896349206346
2020/1/7 0:00,528938.2388405484,3.996757081190478,5.73915075543651,7031.081082611831,6916.128285714287,78300.32966666666,1351.2140822510823
2020/1/14 0:00,607537.9482142857,1.167601855238095,1.08922,2355.148658730159,3311.1225119047613,9457.51180952381,1618.9531825396816
2020/1/21 0:00,528938.2388405484,3.996757081190478,5.73915075543651,7031.081082611831,6916.128285714287,78300.32966666666,1351.2140822510823
2020/1/28 0:00,491428.48294047604,1.6643293603787874,1.6101741518253971,2517.0,2969.613702380951,6877.750980158728,1129.7807965367967
2020/2/4 0:00,528938.2388405484,3.996757081190478,5.73915075543651,7031.081082611831,6916.128285714287,78300.32966666666,1351.2140822510823
2020/2/11 0:00,528938.2388405484,3.996757081190478,5.73915075543651,7031.081082611831,6916.128285714287,78300.32966666666,1351.2140822510823
2020/2/18 0:00,528938.2388405484,3.996757081190478,5.73915075543651,7031.081082611831,6916.128285714287,78300.32966666666,1351.2140822510823
2020/2/25 0:00,528938.2388405484,3.996757081190478,5.73915075543651,7031.081082611831,6916.128285714287,78300.32966666666,1351.2140822510823
2020/3/3 0:00,528938.2388405484,3.996757081190478,5.73915075543651,7031.081082611831,6916.128285714287,78300.32966666666,1351.2140822510823
2020/3/10 0:00,528938.2388405484,3.996757081190478,5.73915075543651,7031.081082611831,6916.128285714287,78300.32966666666,1351.2140822510823
2020/3/17 0:00,528938.2388405484,3.996757081190478,5.73915075543651,7031.081082611831,6916.128285714287,78300.32966666666,1351.2140822510823
2020/3/24 0:00,492278.69215476175,1.55631,1.46752557797619,1861.142321428571,2420.1031017316022,6534.659226190476,1124.7204989177492
2020/3/31 0:00,475882.7663214284,1.6948890505772007,1.607404751825397,2585.0,2969.613702380951,6768.003575396824,1129.7807965367967
2020/4/7 0:00,528938.2388405484,3.996757081190478,5.73915075543651,7031.081082611831,6916.128285714287,78300.32966666666,1351.2140822510823
2020/4/14 0:00,528938.2388405484,3.996757081190478,5.73915075543651,7031.081082611831,6916.128285714287,78300.32966666666,1351.2140822510823
2020/4/21 0:00,1181719.5004246035,0.5382600953055561,0.7313968962326833,2409.664658730159,4257.086988095237,11481.127852813855,3338.0
2020/4/28 0:00,528938.2388405484,3.996757081190478,5.73915075543651,7031.081082611831,6916.128285714287,78300.32966666666,1351.2140822510823
2020/5/5 0:00,528938.2388405484,3.996757081190478,5.73915075543651,7031.081082611831,6916.128285714287,78300.32966666666,1351.2140822510823
2020/5/12 0:00,528938.2388405484,3.996757081190478,5.73915075543651,7031.081082611831,6916.128285714287,78300.32966666666,1351.2140822510823
2020/5/19 0:00,1381381.0,0.5382600953055561,0.7313968962326833,2409.664658730159,4257.086988095237,11481.127852813855,2933.988678571429
2020/5/26 0:00,528938.2388405484,3.996757081190478,5.73915075543651,7031.081082611831,6916.128285714287,78300.32966666666,1351.2140822510823
2020/6/2 0:00,528938.2388405484,3.996757081190478,5.73915075543651,7031.081082611831,6916.128285714287,78300.32966666666,1351.2140822510823
2020/6/9 0:00,528938.2388405484,3.996757081190478,5.73915075543651,7031.081082611831,6916.128285714287,78300.32966666666,1351.2140822510823
2020/6/16 0:00,613974.7008055554,0.910926,0.8244384964924244,2309.230373015873,3245.9374469696963,9626.940773809525,1722.4188769841269
2020/6/23 0:00,528938.2388405484,3.996757081190478,5.73915075543651,7031.081082611831,6916.128285714287,78300.32966666666,1351.2140822510823
2020/6/30 0:00,528938.2388405484,3.996757081190478,5.73915075543651,7031.081082611831,6916.128285714287,78300.32966666666,1351.2140822510823
