date,OT,WEIGHTED_ILI,UNWEIGHTED_ILI,AGE_0_TO_4,AGE_5_TO_24,ILITOTAL,NUM_OF_PROVIDERS
2002/1/1 0:00,545489.5567010309,1.693036072164948,1.9280627113402058,582.0,4441.505154639175,12445.98969072165,1607.041237113402
2002/1/8 0:00,545489.5567010309,1.33344,1.9280627113402058,3302.422680412371,4441.505154639175,12445.98969072165,1607.041237113402
2002/1/15 0:00,545489.5567010309,1.693036072164948,1.9280627113402058,3302.422680412371,4441.505154639175,12445.98969072165,1607.041237113402
2002/1/22 0:00,545489.5567010309,1.49484,1.25246,3302.422680412371,4441.505154639175,12445.98969072165,1607.041237113402
2002/1/29 0:00,545489.5567010309,1.693036072164948,1.9280627113402058,3302.422680412371,4441.505154639175,12445.98969072165,1607.041237113402
2002/2/5 0:00,545489.5567010309,1.58094,1.9280627113402058,3302.422680412371,4441.505154639175,12445.98969072165,1607.041237113402
2002/2/12 0:00,545489.5567010309,1.693036072164948,1.9280627113402058,3302.422680412371,4441.505154639175,12445.98969072165,1607.041237113402
2002/2/19 0:00,545489.5567010309,1.693036072164948,1.32563,3302.422680412371,4441.505154639175,12445.98969072165,1607.041237113402
2002/2/26 0:00,545489.5567010309,1.693036072164948,1.9280627113402058,3302.422680412371,4441.505154639175,12445.98969072165,1607.041237113402
2002/3/5 0:00,545489.5567010309,1.693036072164948,1.9280627113402058,3302.422680412371,4441.505154639175,12445.98969072165,1607.041237113402
2002/3/12 0:00,545489.5567010309,1.59896,1.9280627113402058,3302.422680412371,1179.0,12445.98969072165,1607.041237113402
2002/3/19 0:00,216179.0,1.693036072164948,1.9280627113402058,3302.422680412371,4441.505154639175,12445.98969072165,1607.041237113402
2002/3/26 0:00,144287.0,1.693036072164948,1.9280627113402058,3302.422680412371,4441.505154639175,12445.98969072165,1607.041237113402
2002/4/2 0:00,545489.5567010309,1.693036072164948,1.9280627113402058,3302.422680412371,4441.505154639175,12445.98969072165,1607.041237113402
2002/4/9 0:00,545489.5567010309,1.73621,1.9280627113402058,3302.422680412371,4441.505154639175,12445.98969072165,1607.041237113402
2002/4/16 0:00,545489.5567010309,1.693036072164948,1.9280627113402058,1154.0,4441.505154639175,12445.98969072165,1607.041237113402
2002/4/23 0:00,545489.5567010309,1.693036072164948,1.9280627113402058,3302.422680412371,4441.505154639175,12445.98969072165,1607.041237113402
2002/4/30 0:00,545489.5567010309,1.693036072164948,1.9280627113402058,3302.422680412371,4441.505154639175,12445.98969072165,1607.041237113402
2002/5/7 0:00,545489.5567010309,1.693036072164948,3.16662,3302.422680412371,4441.505154639175,12445.98969072165,1607.041237113402
2002/5/14 0:00,253656.0,1.693036072164948,3.0155,3302.422680412371,4441.505154639175,12445.98969072165,1607.041237113402
2002/5/21 0:00,545489.5567010309,1.693036072164948,1.9280627113402058,1694.0,3689.0,12445.98969072165,1607.041237113402
2002/5/28 0:00,545489.5567010309,1.693036072164948,1.9280627113402058,3302.422680412371,4441.505154639175,12445.98969072165,1607.041237113402
2002/6/4 0:00,228549.0,1.693036072164948,1.94707,3302.422680412371,4441.505154639175,12445.98969072165,1607.041237113402
2002/6/11 0:00,545489.5567010309,1.693036072164948,1.9280627113402058,3302.422680412371,4441.505154639175,12445.98969072165,1607.041237113402
2002/6/18 0:00,545489.5567010309,1.693036072164948,1.51837,3302.422680412371,4441.505154639175,12445.98969072165,1607.041237113402
2002/6/25 0:00,545489.5567010309,1.693036072164948,1.9280627113402058,624.0,4441.505154639175,12445.98969072165,1607.041237113402
2002/7/2 0:00,545489.5567010309,1.693036072164948,1.9280627113402058,3302.422680412371,4441.505154639175,12445.98969072165,1607.041237113402
2002/7/9 0:00,545489.5567010309,1.693036072164948,1.07108,3302.422680412371,4441.505154639175,12445.98969072165,1607.041237113402
2002/7/16 0:00,545489.5567010309,0.910135,0.82612,3302.422680412371,4441.505154639175,12445.98969072165,1607.041237113402
2002/7/23 0:00,545489.5567010309,1.693036072164948,1.9280627113402058,3302.422680412371,4441.505154639175,12445.98969072165,1607.041237113402
2002/7/30 0:00,545489.5567010309,1.693036072164948,1.9280627113402058,3302.422680412371,4441.505154639175,12445.98969072165,1607.041237113402
2002/8/6 0:00,545489.5567010309,1.693036072164948,0.63935,3302.422680412371,4441.505154639175,12445.98969072165,1607.041237113402
2002/8/13 0:00,545489.5567010309,1.693036072164948,1.9280627113402058,248.0,4441.505154639175,12445.98969072165,1607.041237113402
2002/8/20 0:00,545489.5567010309,1.693036072164948,1.9280627113402058,3302.422680412371,4441.505154639175,12445.98969072165,406.0
2002/8/27 0:00,545489.5567010309,1.693036072164948,1.9280627113402058,3302.422680412371,4441.505154639175,12445.98969072165,1607.041237113402
2002/9/3 0:00,545489.5567010309,1.693036072164948,1.9280627113402058,3302.422680412371,4441.505154639175,12445.98969072165,1607.041237113402
2002/9/10 0:00,545489.5567010309,1.693036072164948,1.9280627113402058,3302.422680412371,4441.505154639175,12445.98969072165,1607.041237113402
2002/9/17 0:00,545489.5567010309,1.693036072164948,1.9280627113402058,3302.422680412371,4441.505154639175,12445.98969072165,1607.041237113402
2002/9/24 0:00,71593.0,1.693036072164948,1.9280627113402058,3302.422680412371,124.0,12445.98969072165,1607.041237113402
2002/10/1 0:00,64699.0,1.693036072164948,1.9280627113402058,3302.422680412371,4441.505154639175,318.0,1607.041237113402
2002/10/8 0:00,545489.5567010309,1.693036072164948,1.9280627113402058,3302.422680412371,141.0,12445.98969072165,1607.041237113402
2002/10/15 0:00,545489.5567010309,1.693036072164948,1.9280627113402058,3302.422680412371,4441.505154639175,12445.98969072165,1607.041237113402
2002/10/22 0:00,545489.5567010309,1.693036072164948,1.9280627113402058,3302.422680412371,4441.505154639175,12445.98969072165,1607.041237113402
2002/10/29 0:00,71466.0,0.352158,1.9280627113402058,3302.422680412371,4441.505154639175,12445.98969072165,1607.041237113402
2002/11/5 0:00,545489.5567010309,1.693036072164948,1.9280627113402058,3302.422680412371,4441.505154639175,443.0,1607.041237113402
2002/11/12 0:00,69003.0,1.693036072164948,1.9280627113402058,3302.422680412371,4441.505154639175,421.0,1607.041237113402
2002/11/19 0:00,545489.5567010309,1.693036072164948,1.9280627113402058,3302.422680412371,4441.505154639175,12445.98969072165,1607.041237113402
2002/11/26 0:00,70000.0,1.693036072164948,1.9280627113402058,3302.422680412371,4441.505154639175,12445.98969072165,1607.041237113402
2002/12/3 0:00,545489.5567010309,1.693036072164948,1.9280627113402058,3302.422680412371,4441.505154639175,12445.98969072165,1607.041237113402
2002/12/10 0:00,545489.5567010309,1.693036072164948,1.9280627113402058,3302.422680412371,4441.505154639175,12445.98969072165,1607.041237113402
2002/12/17 0:00,545489.5567010309,1.693036072164948,1.9280627113402058,3302.422680412371,4441.505154639175,12445.98969072165,1607.041237113402
2002/12/24 0:00,545489.5567010309,1.693036072164948,1.9280627113402058,3302.422680412371,4441.505154639175,12445.98969072165,1607.041237113402
2002/12/31 0:00,545489.5567010309,1.693036072164948,1.9280627113402058,3302.422680412371,4441.505154639175,12445.98969072165,1607.041237113402
2003/1/7 0:00,545489.5567010309,1.02773,1.9280627113402058,3302.422680412371,4441.505154639175,12445.98969072165,1607.041237113402
2003/1/14 0:00,545489.5567010309,1.693036072164948,1.9280627113402058,3302.422680412371,4441.505154639175,12445.98969072165,1607.041237113402
2003/1/21 0:00,312412.0,1.693036072164948,1.9280627113402058,3302.422680412371,4441.505154639175,3475.0,1607.041237113402
2003/1/28 0:00,545489.5567010309,1.693036072164948,1.9280627113402058,3302.422680412371,4441.505154639175,12445.98969072165,1607.041237113402
2003/2/4 0:00,545489.5567010309,1.693036072164948,1.9280627113402058,3302.422680412371,4441.505154639175,12445.98969072165,1607.041237113402
2003/2/11 0:00,545489.5567010309,1.693036072164948,1.9280627113402058,3302.422680412371,4441.505154639175,12445.98969072165,1607.041237113402
2003/2/18 0:00,545489.5567010309,1.693036072164948,1.9280627113402058,3302.422680412371,4441.505154639175,12445.98969072165,1607.041237113402
2003/2/25 0:00,545489.5567010309,1.693036072164948,1.9280627113402058,3302.422680412371,4441.505154639175,12445.98969072165,1607.041237113402
2003/3/4 0:00,545489.5567010309,1.693036072164948,4.8303,3302.422680412371,7817.0,12445.98969072165,1607.041237113402
2003/3/11 0:00,545489.5567010309,1.693036072164948,1.9280627113402058,3302.422680412371,4441.505154639175,12445.98969072165,1607.041237113402
2003/3/18 0:00,545489.5567010309,1.693036072164948,1.9280627113402058,3302.422680412371,4441.505154639175,12445.98969072165,1607.041237113402
2003/3/25 0:00,545489.5567010309,1.693036072164948,1.9280627113402058,3302.422680412371,4441.505154639175,16415.0,1607.041237113402
2003/4/1 0:00,545489.5567010309,1.693036072164948,1.9280627113402058,3302.422680412371,4441.505154639175,11332.0,1607.041237113402
2003/4/8 0:00,314349.0,1.693036072164948,1.9280627113402058,3302.422680412371,4441.505154639175,12445.98969072165,1607.041237113402
2003/4/15 0:00,545489.5567010309,1.693036072164948,1.80906,3302.422680412371,4441.505154639175,12445.98969072165,1607.041237113402
2003/4/22 0:00,545489.5567010309,1.693036072164948,1.71202,3302.422680412371,4441.505154639175,12445.98969072165,1607.041237113402
2003/4/29 0:00,545489.5567010309,1.693036072164948,1.9280627113402058,3302.422680412371,4441.505154639175,12445.98969072165,1607.041237113402
2003/5/6 0:00,545489.5567010309,1.693036072164948,1.9280627113402058,1454.0,4441.505154639175,12445.98969072165,1607.041237113402
2003/5/13 0:00,545489.5567010309,1.693036072164948,1.9280627113402058,3302.422680412371,4441.505154639175,12445.98969072165,1607.041237113402
2003/5/20 0:00,282347.0,1.693036072164948,1.9280627113402058,3302.422680412371,1255.0,12445.98969072165,1004.0
2003/5/27 0:00,281202.0,1.693036072164948,1.9280627113402058,3302.422680412371,4441.505154639175,12445.98969072165,1607.041237113402
2003/6/3 0:00,545489.5567010309,1.693036072164948,1.9280627113402058,3302.422680412371,4441.505154639175,12445.98969072165,1607.041237113402
2003/6/10 0:00,545489.5567010309,1.693036072164948,1.9280627113402058,3302.422680412371,4441.505154639175,12445.98969072165,1607.041237113402
2003/6/17 0:00,545489.5567010309,1.693036072164948,1.9280627113402058,3302.422680412371,4441.505154639175,2487.0,1607.041237113402
2003/6/24 0:00,545489.5567010309,1.693036072164948,1.9280627113402058,3302.422680412371,4441.505154639175,12445.98969072165,1607.041237113402
2003/7/1 0:00,545489.5567010309,1.693036072164948,0.790645,3302.422680412371,4441.505154639175,12445.98969072165,1607.041237113402
2003/7/8 0:00,545489.5567010309,1.693036072164948,1.9280627113402058,3302.422680412371,4441.505154639175,12445.98969072165,1607.041237113402
2003/7/15 0:00,545489.5567010309,1.693036072164948,1.9280627113402058,3302.422680412371,4441.505154639175,12445.98969072165,1607.041237113402
2003/7/22 0:00,545489.5567010309,1.693036072164948,1.9280627113402058,3302.422680412371,4441.505154639175,12445.98969072165,1607.041237113402
2003/7/29 0:00,545489.5567010309,1.693036072164948,1.9280627113402058,3302.422680412371,4441.505154639175,12445.98969072165,1607.041237113402
2003/8/5 0:00,184038.0,1.693036072164948,1.9280627113402058,3302.422680412371,4441.505154639175,12445.98969072165,629.0
2003/8/12 0:00,545489.5567010309,1.693036072164948,1.9280627113402058,3302.422680412371,4441.505154639175,12445.98969072165,1607.041237113402
2003/8/19 0:00,545489.5567010309,1.693036072164948,1.9280627113402058,451.0,4441.505154639175,12445.98969072165,1607.041237113402
2003/8/26 0:00,545489.5567010309,1.693036072164948,1.9280627113402058,3302.422680412371,4441.505154639175,12445.98969072165,1607.041237113402
2003/9/2 0:00,545489.5567010309,0.813309,1.9280627113402058,3302.422680412371,4441.505154639175,12445.98969072165,452.0
2003/9/9 0:00,545489.5567010309,1.693036072164948,1.9280627113402058,3302.422680412371,4441.505154639175,12445.98969072165,1607.041237113402
2003/9/16 0:00,128740.0,1.693036072164948,1.9280627113402058,3302.422680412371,4441.505154639175,12445.98969072165,426.0
2003/9/23 0:00,545489.5567010309,0.513286,1.9280627113402058,3302.422680412371,4441.505154639175,12445.98969072165,423.0
2003/9/30 0:00,545489.5567010309,1.693036072164948,1.9280627113402058,3302.422680412371,4441.505154639175,12445.98969072165,1607.041237113402
2003/10/7 0:00,545489.5567010309,1.693036072164948,1.9280627113402058,3302.422680412371,4441.505154639175,12445.98969072165,1607.041237113402
2003/10/14 0:00,545489.5567010309,1.693036072164948,1.9280627113402058,3302.422680412371,4441.505154639175,12445.98969072165,1607.041237113402
2003/10/21 0:00,545489.5567010309,1.693036072164948,1.9280627113402058,3302.422680412371,4441.505154639175,12445.98969072165,1607.041237113402
2003/10/28 0:00,92216.0,1.693036072164948,1.9280627113402058,3302.422680412371,4441.505154639175,12445.98969072165,363.0
2003/11/4 0:00,545489.5567010309,1.693036072164948,0.628144,3302.422680412371,4441.505154639175,12445.98969072165,1607.041237113402
2003/11/11 0:00,545489.5567010309,1.693036072164948,1.9280627113402058,3302.422680412371,4441.505154639175,12445.98969072165,1607.041237113402
2003/11/18 0:00,545489.5567010309,1.693036072164948,1.9280627113402058,3302.422680412371,4441.505154639175,12445.98969072165,1607.041237113402
2003/11/25 0:00,545489.5567010309,0.663175,1.9280627113402058,3302.422680412371,4441.505154639175,799.0,1607.041237113402
2003/12/2 0:00,545489.5567010309,1.693036072164948,1.9280627113402058,3302.422680412371,4441.505154639175,12445.98969072165,1607.041237113402
2003/12/9 0:00,545489.5567010309,1.693036072164948,1.9280627113402058,3302.422680412371,4441.505154639175,12445.98969072165,1607.041237113402
2003/12/16 0:00,545489.5567010309,1.693036072164948,1.9280627113402058,3302.422680412371,4441.505154639175,12445.98969072165,1607.041237113402
2003/12/23 0:00,545489.5567010309,1.693036072164948,1.9280627113402058,3302.422680412371,4441.505154639175,12445.98969072165,1607.041237113402
2003/12/30 0:00,114857.0,0.782758,1.9280627113402058,3302.422680412371,382.0,12445.98969072165,1607.041237113402
2004/1/6 0:00,545489.5567010309,1.693036072164948,1.9280627113402058,3302.422680412371,4441.505154639175,12445.98969072165,1607.041237113402
2004/1/13 0:00,545489.5567010309,1.01821,1.02248,3302.422680412371,4441.505154639175,12445.98969072165,1607.041237113402
2004/1/20 0:00,545489.5567010309,1.1768,1.9280627113402058,3302.422680412371,4441.505154639175,4019.0,1607.041237113402
2004/1/27 0:00,545489.5567010309,1.693036072164948,1.9280627113402058,3302.422680412371,4441.505154639175,12445.98969072165,1607.041237113402
2004/2/3 0:00,545489.5567010309,1.693036072164948,1.9280627113402058,3302.422680412371,4441.505154639175,12445.98969072165,1302.0
2004/2/10 0:00,545489.5567010309,1.693036072164948,1.9280627113402058,3302.422680412371,4441.505154639175,12445.98969072165,1607.041237113402
2004/2/17 0:00,545489.5567010309,1.693036072164948,1.9280627113402058,3302.422680412371,1874.0,12445.98969072165,1607.041237113402
2004/2/24 0:00,545489.5567010309,1.693036072164948,1.9280627113402058,3302.422680412371,4441.505154639175,12445.98969072165,1607.041237113402
2004/3/2 0:00,387004.0,1.693036072164948,1.9280627113402058,3302.422680412371,4441.505154639175,12445.98969072165,1607.041237113402
2004/3/9 0:00,545489.5567010309,1.693036072164948,1.9280627113402058,3302.422680412371,4441.505154639175,12445.98969072165,1607.041237113402
2004/3/16 0:00,545489.5567010309,1.693036072164948,1.61745,1670.0,4441.505154639175,12445.98969072165,1607.041237113402
2004/3/23 0:00,545489.5567010309,1.693036072164948,1.9280627113402058,3302.422680412371,4441.505154639175,12445.98969072165,1607.041237113402
2004/3/30 0:00,545489.5567010309,1.693036072164948,1.9280627113402058,3302.422680412371,1993.0,12445.98969072165,1607.041237113402
2004/4/6 0:00,545489.5567010309,1.693036072164948,1.9280627113402058,3302.422680412371,4441.505154639175,12445.98969072165,1607.041237113402
2004/4/13 0:00,545489.5567010309,1.693036072164948,1.9280627113402058,3302.422680412371,4441.505154639175,12445.98969072165,1607.041237113402
2004/4/20 0:00,545489.5567010309,1.693036072164948,1.9280627113402058,3302.422680412371,3682.0,12445.98969072165,1607.041237113402
2004/4/27 0:00,545489.5567010309,1.693036072164948,1.9280627113402058,3302.422680412371,5364.0,12422.0,1607.041237113402
2004/5/4 0:00,545489.5567010309,1.693036072164948,1.9280627113402058,3302.422680412371,4441.505154639175,12445.98969072165,1607.041237113402
2004/5/11 0:00,421461.0,1.693036072164948,4.59568,3302.422680412371,4441.505154639175,12445.98969072165,1607.041237113402
2004/5/18 0:00,545489.5567010309,1.693036072164948,1.9280627113402058,3302.422680412371,4441.505154639175,12445.98969072165,1607.041237113402
2004/5/25 0:00,545489.5567010309,1.693036072164948,1.9280627113402058,3302.422680412371,4441.505154639175,12445.98969072165,1607.041237113402
2004/6/1 0:00,545489.5567010309,1.693036072164948,1.9280627113402058,3302.422680412371,4441.505154639175,12445.98969072165,1607.041237113402
2004/6/8 0:00,545489.5567010309,1.693036072164948,1.9280627113402058,3302.422680412371,4441.505154639175,12445.98969072165,1607.041237113402
2004/6/15 0:00,545489.5567010309,1.693036072164948,1.9280627113402058,2416.0,4441.505154639175,9502.0,1607.041237113402
2004/6/22 0:00,545489.5567010309,1.693036072164948,1.9280627113402058,3302.422680412371,4441.505154639175,12445.98969072165,1607.041237113402
2004/6/29 0:00,545489.5567010309,1.693036072164948,1.9280627113402058,3302.422680412371,4441.505154639175,12445.98969072165,1103.0
2004/7/6 0:00,545489.5567010309,1.54319,1.9280627113402058,3302.422680412371,4441.505154639175,12445.98969072165,1048.0
2004/7/13 0:00,545489.5567010309,1.693036072164948,1.9280627113402058,1356.0,4441.505154639175,12445.98969072165,1607.041237113402
2004/7/20 0:00,545489.5567010309,1.693036072164948,1.9280627113402058,3302.422680412371,4441.505154639175,12445.98969072165,1607.041237113402
2004/7/27 0:00,545489.5567010309,1.693036072164948,1.9280627113402058,3302.422680412371,1411.0,12445.98969072165,1607.041237113402
2004/8/3 0:00,277120.0,1.693036072164948,1.9280627113402058,3302.422680412371,1136.0,12445.98969072165,1607.041237113402
2004/8/10 0:00,545489.5567010309,1.693036072164948,1.9280627113402058,3302.422680412371,4441.505154639175,12445.98969072165,1607.041237113402
2004/8/17 0:00,545489.5567010309,1.693036072164948,1.06124,3302.422680412371,4441.505154639175,12445.98969072165,825.0
2004/8/24 0:00,545489.5567010309,1.693036072164948,1.9280627113402058,3302.422680412371,4441.505154639175,12445.98969072165,1607.041237113402
2004/8/31 0:00,545489.5567010309,1.693036072164948,1.9280627113402058,3302.422680412371,4441.505154639175,12445.98969072165,1607.041237113402
2004/9/7 0:00,545489.5567010309,1.14747,1.9280627113402058,3302.422680412371,4441.505154639175,12445.98969072165,1607.041237113402
2004/9/14 0:00,545489.5567010309,1.693036072164948,1.9280627113402058,3302.422680412371,4441.505154639175,1614.0,1607.041237113402
2004/9/21 0:00,545489.5567010309,1.693036072164948,1.9280627113402058,3302.422680412371,4441.505154639175,12445.98969072165,1607.041237113402
2004/9/28 0:00,545489.5567010309,1.693036072164948,1.9280627113402058,3302.422680412371,4441.505154639175,1359.0,1607.041237113402
2004/10/5 0:00,545489.5567010309,1.693036072164948,0.841872,3302.422680412371,4441.505154639175,12445.98969072165,1607.041237113402
2004/10/12 0:00,157068.0,0.757812,1.9280627113402058,3302.422680412371,361.0,12445.98969072165,524.0
2004/10/19 0:00,545489.5567010309,1.693036072164948,1.9280627113402058,3302.422680412371,364.0,12445.98969072165,1607.041237113402
2004/10/26 0:00,545489.5567010309,1.693036072164948,1.9280627113402058,3302.422680412371,4441.505154639175,12445.98969072165,1607.041237113402
2004/11/2 0:00,545489.5567010309,1.693036072164948,1.9280627113402058,3302.422680412371,4441.505154639175,12445.98969072165,1607.041237113402
2004/11/9 0:00,545489.5567010309,1.693036072164948,1.9280627113402058,3302.422680412371,4441.505154639175,12445.98969072165,479.0
2004/11/16 0:00,545489.5567010309,0.747361,1.9280627113402058,3302.422680412371,4441.505154639175,12445.98969072165,1607.041237113402
2004/11/23 0:00,545489.5567010309,1.693036072164948,1.9280627113402058,3302.422680412371,4441.505154639175,12445.98969072165,1607.041237113402
2004/11/30 0:00,151854.0,1.693036072164948,1.9280627113402058,3302.422680412371,4441.505154639175,12445.98969072165,1607.041237113402
2004/12/7 0:00,545489.5567010309,1.693036072164948,1.9280627113402058,3302.422680412371,4441.505154639175,12445.98969072165,1607.041237113402
2004/12/14 0:00,545489.5567010309,1.693036072164948,1.9280627113402058,3302.422680412371,4441.505154639175,12445.98969072165,1607.041237113402
2004/12/21 0:00,545489.5567010309,1.693036072164948,1.9280627113402058,368.0,4441.505154639175,1219.0,1607.041237113402
2004/12/28 0:00,545489.5567010309,0.977808,1.9280627113402058,3302.422680412371,484.0,12445.98969072165,1607.041237113402
2005/1/4 0:00,545489.5567010309,1.693036072164948,1.9280627113402058,3302.422680412371,4441.505154639175,12445.98969072165,1607.041237113402
2005/1/11 0:00,545489.5567010309,1.693036072164948,1.9280627113402058,3302.422680412371,4441.505154639175,12445.98969072165,1607.041237113402
2005/1/18 0:00,545489.5567010309,1.693036072164948,1.9280627113402058,3302.422680412371,4441.505154639175,12445.98969072165,1216.0
2005/1/25 0:00,545489.5567010309,1.693036072164948,1.9280627113402058,3302.422680412371,4441.505154639175,12445.98969072165,1607.041237113402
2005/2/1 0:00,545489.5567010309,1.693036072164948,1.9280627113402058,3302.422680412371,4441.505154639175,5005.0,1607.041237113402
2005/2/8 0:00,545489.5567010309,1.693036072164948,1.9280627113402058,3302.422680412371,4441.505154639175,12445.98969072165,1607.041237113402
2005/2/15 0:00,545489.5567010309,1.693036072164948,1.9280627113402058,3302.422680412371,4441.505154639175,5276.0,1607.041237113402
2005/2/22 0:00,545489.5567010309,1.693036072164948,1.9280627113402058,3302.422680412371,4441.505154639175,12445.98969072165,1607.041237113402
2005/3/1 0:00,402264.0,1.693036072164948,1.9280627113402058,3302.422680412371,2176.0,12445.98969072165,1607.041237113402
2005/3/8 0:00,545489.5567010309,1.94451,1.9280627113402058,3302.422680412371,4441.505154639175,12445.98969072165,1607.041237113402
2005/3/15 0:00,545489.5567010309,2.35512,1.9280627113402058,3302.422680412371,4441.505154639175,12445.98969072165,1607.041237113402
2005/3/22 0:00,545489.5567010309,1.693036072164948,1.9280627113402058,3302.422680412371,4441.505154639175,12445.98969072165,1607.041237113402
2005/3/29 0:00,545489.5567010309,1.693036072164948,1.9280627113402058,3302.422680412371,2561.0,12445.98969072165,1607.041237113402
2005/4/5 0:00,545489.5567010309,1.693036072164948,1.9280627113402058,3302.422680412371,4441.505154639175,12445.98969072165,1607.041237113402
2005/4/12 0:00,545489.5567010309,1.693036072164948,1.9280627113402058,3302.422680412371,4441.505154639175,12445.98969072165,1339.0
2005/4/19 0:00,545489.5567010309,2.35858,2.05869,3302.422680412371,4441.505154639175,7858.0,1607.041237113402
2005/4/26 0:00,545489.5567010309,1.693036072164948,1.9280627113402058,3302.422680412371,4441.505154639175,12445.98969072165,1607.041237113402
2005/5/3 0:00,545489.5567010309,1.693036072164948,1.9280627113402058,3302.422680412371,4153.0,12445.98969072165,1607.041237113402
2005/5/10 0:00,545489.5567010309,1.693036072164948,2.49279,3302.422680412371,4441.505154639175,12445.98969072165,1607.041237113402
2005/5/17 0:00,545489.5567010309,1.693036072164948,1.9280627113402058,3302.422680412371,4441.505154639175,12445.98969072165,1607.041237113402
2005/5/24 0:00,400827.0,1.693036072164948,1.9280627113402058,3302.422680412371,4441.505154639175,11901.0,1288.0
2005/5/31 0:00,545489.5567010309,1.693036072164948,1.9280627113402058,2579.0,4441.505154639175,12445.98969072165,1275.0
2005/6/7 0:00,545489.5567010309,1.693036072164948,1.9280627113402058,2564.0,4441.505154639175,11261.0,1607.041237113402
2005/6/14 0:00,545489.5567010309,1.693036072164948,1.9280627113402058,3302.422680412371,4441.505154639175,12445.98969072165,1607.041237113402
2005/6/21 0:00,545489.5567010309,1.693036072164948,1.9280627113402058,3302.422680412371,3709.0,12445.98969072165,1607.041237113402
2005/6/28 0:00,545489.5567010309,1.693036072164948,1.9280627113402058,3302.422680412371,4441.505154639175,12445.98969072165,1607.041237113402
2005/7/5 0:00,545489.5567010309,1.693036072164948,1.9280627113402058,3302.422680412371,4441.505154639175,12445.98969072165,1607.041237113402
2005/7/12 0:00,545489.5567010309,1.44943,1.9280627113402058,3302.422680412371,2014.0,12445.98969072165,1607.041237113402
2005/7/19 0:00,545489.5567010309,1.693036072164948,1.9280627113402058,3302.422680412371,4441.505154639175,12445.98969072165,1607.041237113402
2005/7/26 0:00,545489.5567010309,1.693036072164948,1.9280627113402058,3302.422680412371,4441.505154639175,12445.98969072165,1607.041237113402
2005/8/2 0:00,545489.5567010309,1.06255,1.9280627113402058,3302.422680412371,1208.0,2780.0,1607.041237113402
2005/8/9 0:00,276338.0,1.693036072164948,1.9280627113402058,3302.422680412371,4441.505154639175,12445.98969072165,1607.041237113402
2005/8/16 0:00,545489.5567010309,1.693036072164948,1.9280627113402058,3302.422680412371,4441.505154639175,12445.98969072165,1607.041237113402
2005/8/23 0:00,545489.5567010309,1.693036072164948,0.891918,699.0,4441.505154639175,12445.98969072165,1607.041237113402
2005/8/30 0:00,545489.5567010309,1.693036072164948,1.9280627113402058,572.0,4441.505154639175,12445.98969072165,1607.041237113402
2005/9/6 0:00,213847.0,1.693036072164948,1.9280627113402058,3302.422680412371,4441.505154639175,12445.98969072165,1607.041237113402
2005/9/13 0:00,545489.5567010309,1.693036072164948,1.9280627113402058,3302.422680412371,4441.505154639175,12445.98969072165,1607.041237113402
2005/9/20 0:00,545489.5567010309,1.693036072164948,1.9280627113402058,3302.422680412371,4441.505154639175,12445.98969072165,1607.041237113402
2005/9/27 0:00,545489.5567010309,1.693036072164948,1.9280627113402058,3302.422680412371,4441.505154639175,12445.98969072165,1607.041237113402
2005/10/4 0:00,545489.5567010309,1.693036072164948,1.9280627113402058,3302.422680412371,4441.505154639175,12445.98969072165,1607.041237113402
2005/10/11 0:00,545489.5567010309,1.693036072164948,1.9280627113402058,3302.422680412371,4441.505154639175,12445.98969072165,1607.041237113402
2005/10/18 0:00,172654.0,1.693036072164948,1.9280627113402058,541.0,4441.505154639175,12445.98969072165,1607.041237113402
2005/10/25 0:00,545489.5567010309,1.693036072164948,1.9280627113402058,3302.422680412371,4441.505154639175,12445.98969072165,1607.041237113402
2005/11/1 0:00,545489.5567010309,1.693036072164948,1.9280627113402058,3302.422680412371,4441.505154639175,12445.98969072165,1607.041237113402
2005/11/8 0:00,545489.5567010309,1.693036072164948,1.9280627113402058,3302.422680412371,4441.505154639175,12445.98969072165,1607.041237113402
2005/11/15 0:00,545489.5567010309,1.693036072164948,1.9280627113402058,3302.422680412371,4441.505154639175,12445.98969072165,1607.041237113402
2005/11/22 0:00,545489.5567010309,1.693036072164948,1.9280627113402058,3302.422680412371,4441.505154639175,12445.98969072165,503.0
2005/11/29 0:00,545489.5567010309,0.638831,0.797966,398.0,4441.505154639175,1224.0,1607.041237113402
2005/12/6 0:00,545489.5567010309,1.693036072164948,1.9280627113402058,3302.422680412371,4441.505154639175,12445.98969072165,491.0
2005/12/13 0:00,545489.5567010309,0.762448,1.9280627113402058,3302.422680412371,4441.505154639175,12445.98969072165,487.0
2005/12/20 0:00,545489.5567010309,1.693036072164948,0.943366,3302.422680412371,4441.505154639175,12445.98969072165,1607.041237113402
2005/12/27 0:00,160732.0,1.693036072164948,1.9280627113402058,3302.422680412371,4441.505154639175,12445.98969072165,1607.041237113402
2006/1/3 0:00,375076.0,1.693036072164948,1.9280627113402058,3302.422680412371,1699.0,12445.98969072165,1607.041237113402
2006/1/10 0:00,545489.5567010309,1.693036072164948,1.9280627113402058,3302.422680412371,4441.505154639175,12445.98969072165,1607.041237113402
2006/1/17 0:00,545489.5567010309,1.693036072164948,1.9280627113402058,1543.0,4441.505154639175,4737.0,1607.041237113402
2006/1/24 0:00,545489.5567010309,1.693036072164948,1.12552,3302.422680412371,4441.505154639175,12445.98969072165,1445.0
2006/1/31 0:00,545489.5567010309,1.693036072164948,1.9280627113402058,3302.422680412371,4441.505154639175,12445.98969072165,1607.041237113402
2006/2/7 0:00,545489.5567010309,1.693036072164948,1.9280627113402058,2112.0,4441.505154639175,12445.98969072165,1607.041237113402
2006/2/14 0:00,545489.5567010309,1.693036072164948,1.9280627113402058,3302.422680412371,4441.505154639175,12445.98969072165,1607.041237113402
2006/2/21 0:00,545489.5567010309,1.693036072164948,1.82767,3302.422680412371,4441.505154639175,12445.98969072165,1607.041237113402
2006/2/28 0:00,545489.5567010309,1.693036072164948,1.9280627113402058,3302.422680412371,4441.505154639175,12445.98969072165,1607.041237113402
2006/3/7 0:00,545489.5567010309,1.693036072164948,1.9280627113402058,3302.422680412371,4441.505154639175,12445.98969072165,1607.041237113402
2006/3/14 0:00,545489.5567010309,1.693036072164948,1.9280627113402058,3302.422680412371,4441.505154639175,12445.98969072165,1607.041237113402
2006/3/21 0:00,545489.5567010309,1.693036072164948,1.9280627113402058,3302.422680412371,4441.505154639175,12445.98969072165,1607.041237113402
2006/3/28 0:00,545489.5567010309,1.693036072164948,1.9280627113402058,3302.422680412371,2868.0,12445.98969072165,1607.041237113402
2006/4/4 0:00,369521.0,1.693036072164948,1.9280627113402058,3302.422680412371,4441.505154639175,12445.98969072165,1607.041237113402
2006/4/11 0:00,545489.5567010309,1.693036072164948,1.9280627113402058,3302.422680412371,4441.505154639175,12445.98969072165,1467.0
2006/4/18 0:00,395477.0,2.29396,1.9280627113402058,3302.422680412371,4441.505154639175,12445.98969072165,1607.041237113402
2006/4/25 0:00,545489.5567010309,1.693036072164948,1.9280627113402058,3302.422680412371,4441.505154639175,10888.0,1607.041237113402
2006/5/2 0:00,545489.5567010309,1.693036072164948,1.9280627113402058,3302.422680412371,4441.505154639175,12445.98969072165,1607.041237113402
2006/5/9 0:00,545489.5567010309,1.693036072164948,1.9280627113402058,3302.422680412371,4441.505154639175,12445.98969072165,1607.041237113402
2006/5/16 0:00,545489.5567010309,1.693036072164948,1.9280627113402058,3302.422680412371,4441.505154639175,14031.0,1607.041237113402
2006/5/23 0:00,442099.0,1.693036072164948,1.9280627113402058,3302.422680412371,4441.505154639175,12445.98969072165,1607.041237113402
2006/5/30 0:00,545489.5567010309,1.693036072164948,1.9280627113402058,3302.422680412371,4441.505154639175,12445.98969072165,1607.041237113402
2006/6/6 0:00,428255.0,1.693036072164948,1.9280627113402058,3302.422680412371,4441.505154639175,10715.0,1607.041237113402
2006/6/13 0:00,395394.0,1.693036072164948,1.9280627113402058,3302.422680412371,4441.505154639175,12445.98969072165,1607.041237113402
2006/6/20 0:00,385735.0,1.693036072164948,1.9280627113402058,3302.422680412371,4441.505154639175,12445.98969072165,1333.0
2006/6/27 0:00,545489.5567010309,1.693036072164948,1.9280627113402058,3302.422680412371,4441.505154639175,12445.98969072165,1607.041237113402
2006/7/4 0:00,545489.5567010309,1.693036072164948,1.9280627113402058,3302.422680412371,4441.505154639175,4958.0,1607.041237113402
2006/7/11 0:00,545489.5567010309,1.693036072164948,1.9280627113402058,3302.422680412371,4441.505154639175,12445.98969072165,1607.041237113402
2006/7/18 0:00,545489.5567010309,1.693036072164948,1.9280627113402058,3302.422680412371,4441.505154639175,12445.98969072165,1607.041237113402
2006/7/25 0:00,545489.5567010309,1.693036072164948,1.9280627113402058,3302.422680412371,4441.505154639175,12445.98969072165,1607.041237113402
2006/8/1 0:00,545489.5567010309,1.693036072164948,0.969711,3302.422680412371,4441.505154639175,12445.98969072165,1607.041237113402
2006/8/8 0:00,545489.5567010309,1.693036072164948,1.9280627113402058,3302.422680412371,4441.505154639175,12445.98969072165,1607.041237113402
2006/8/15 0:00,545489.5567010309,1.693036072164948,1.9280627113402058,3302.422680412371,4441.505154639175,12445.98969072165,1607.041237113402
2006/8/22 0:00,545489.5567010309,1.693036072164948,1.9280627113402058,3302.422680412371,4441.505154639175,12445.98969072165,1607.041237113402
2006/8/29 0:00,545489.5567010309,1.693036072164948,1.9280627113402058,722.0,4441.505154639175,12445.98969072165,1607.041237113402
2006/9/5 0:00,545489.5567010309,1.693036072164948,1.9280627113402058,3302.422680412371,4441.505154639175,12445.98969072165,1607.041237113402
2006/9/12 0:00,545489.5567010309,1.693036072164948,1.9280627113402058,598.0,4441.505154639175,12445.98969072165,1607.041237113402
2006/9/19 0:00,545489.5567010309,1.693036072164948,0.672897,3302.422680412371,4441.505154639175,12445.98969072165,1607.041237113402
2006/9/26 0:00,545489.5567010309,0.793127,1.9280627113402058,3302.422680412371,4441.505154639175,12445.98969072165,1607.041237113402
2006/10/3 0:00,545489.5567010309,0.66909,1.9280627113402058,3302.422680412371,4441.505154639175,12445.98969072165,1607.041237113402
2006/10/10 0:00,545489.5567010309,1.693036072164948,1.9280627113402058,3302.422680412371,4441.505154639175,12445.98969072165,1607.041237113402
2006/10/17 0:00,545489.5567010309,1.693036072164948,1.9280627113402058,3302.422680412371,4441.505154639175,12445.98969072165,1607.041237113402
2006/10/24 0:00,205241.0,1.693036072164948,1.9280627113402058,477.0,4441.505154639175,12445.98969072165,1607.041237113402
2006/10/31 0:00,545489.5567010309,1.693036072164948,1.9280627113402058,3302.422680412371,4441.505154639175,12445.98969072165,1607.041237113402
2006/11/7 0:00,545489.5567010309,1.693036072164948,1.9280627113402058,3302.422680412371,4441.505154639175,12445.98969072165,1607.041237113402
2006/11/14 0:00,545489.5567010309,1.693036072164948,1.9280627113402058,3302.422680412371,4441.505154639175,12445.98969072165,666.0
2006/11/21 0:00,545489.5567010309,1.693036072164948,1.9280627113402058,3302.422680412371,4441.505154639175,12445.98969072165,1607.041237113402
2006/11/28 0:00,545489.5567010309,1.693036072164948,1.9280627113402058,3302.422680412371,4441.505154639175,12445.98969072165,1607.041237113402
2006/12/5 0:00,187384.0,1.693036072164948,1.9280627113402058,3302.422680412371,4441.505154639175,12445.98969072165,1607.041237113402
2006/12/12 0:00,545489.5567010309,1.693036072164948,1.9280627113402058,3302.422680412371,4441.505154639175,12445.98969072165,1607.041237113402
2006/12/19 0:00,545489.5567010309,1.693036072164948,1.9280627113402058,3302.422680412371,4441.505154639175,12445.98969072165,1607.041237113402
2006/12/26 0:00,545489.5567010309,1.693036072164948,1.9280627113402058,3302.422680412371,4441.505154639175,12445.98969072165,1607.041237113402
2007/1/2 0:00,545489.5567010309,1.693036072164948,1.9280627113402058,3302.422680412371,4441.505154639175,12445.98969072165,1607.041237113402
2007/1/9 0:00,529126.0,1.693036072164948,1.9280627113402058,3302.422680412371,4441.505154639175,12445.98969072165,1607.041237113402
2007/1/16 0:00,545489.5567010309,1.693036072164948,1.9280627113402058,3302.422680412371,4441.505154639175,12445.98969072165,1607.041237113402
2007/1/23 0:00,545489.5567010309,1.693036072164948,1.9280627113402058,3302.422680412371,4441.505154639175,12445.98969072165,1607.041237113402
2007/1/30 0:00,545489.5567010309,1.693036072164948,1.9280627113402058,3302.422680412371,4441.505154639175,12445.98969072165,1607.041237113402
2007/2/6 0:00,566717.0,1.693036072164948,1.9280627113402058,3302.422680412371,4441.505154639175,12445.98969072165,1607.041237113402
2007/2/13 0:00,545489.5567010309,1.693036072164948,1.9280627113402058,3302.422680412371,4441.505154639175,12445.98969072165,1607.041237113402
2007/2/20 0:00,545489.5567010309,1.693036072164948,1.9280627113402058,3302.422680412371,4441.505154639175,12445.98969072165,1607.041237113402
2007/2/27 0:00,548159.0,1.61865,1.9280627113402058,3302.422680412371,4441.505154639175,12445.98969072165,1607.041237113402
2007/3/6 0:00,545489.5567010309,1.693036072164948,1.9280627113402058,3302.422680412371,4441.505154639175,12445.98969072165,1607.041237113402
2007/3/13 0:00,545489.5567010309,1.693036072164948,1.9280627113402058,3302.422680412371,4441.505154639175,12445.98969072165,1607.041237113402
2007/3/20 0:00,545489.5567010309,1.693036072164948,1.9280627113402058,3580.0,4441.505154639175,12445.98969072165,1420.0
2007/3/27 0:00,545489.5567010309,1.693036072164948,1.9280627113402058,3302.422680412371,4441.505154639175,12445.98969072165,1607.041237113402
2007/4/3 0:00,430603.0,2.43939,1.9280627113402058,3302.422680412371,2568.0,12445.98969072165,1607.041237113402
2007/4/10 0:00,545489.5567010309,1.693036072164948,1.9280627113402058,3302.422680412371,4441.505154639175,12445.98969072165,1509.0
2007/4/17 0:00,545489.5567010309,1.693036072164948,1.9280627113402058,3302.422680412371,4441.505154639175,12445.98969072165,1511.0
2007/4/24 0:00,545489.5567010309,1.693036072164948,1.9280627113402058,3302.422680412371,4441.505154639175,12445.98969072165,1607.041237113402
2007/5/1 0:00,545489.5567010309,1.693036072164948,1.9280627113402058,3302.422680412371,4441.505154639175,12445.98969072165,1607.041237113402
2007/5/8 0:00,596692.0,1.693036072164948,1.9280627113402058,3302.422680412371,4441.505154639175,31896.0,1607.041237113402
2007/5/15 0:00,545489.5567010309,5.98318,1.9280627113402058,6244.0,4441.505154639175,12445.98969072165,1607.041237113402
2007/5/22 0:00,545489.5567010309,1.693036072164948,1.9280627113402058,3302.422680412371,4441.505154639175,12445.98969072165,1607.041237113402
2007/5/29 0:00,545489.5567010309,1.693036072164948,4.24456,3302.422680412371,4441.505154639175,12445.98969072165,1607.041237113402
2007/6/5 0:00,545489.5567010309,1.693036072164948,1.9280627113402058,3302.422680412371,4441.505154639175,12445.98969072165,1607.041237113402
2007/6/12 0:00,545489.5567010309,1.693036072164948,1.9280627113402058,3302.422680412371,4441.505154639175,12445.98969072165,1607.041237113402
2007/6/19 0:00,545489.5567010309,1.693036072164948,1.9280627113402058,3302.422680412371,4441.505154639175,12445.98969072165,1607.041237113402
2007/6/26 0:00,504350.0,1.693036072164948,2.0573,3302.422680412371,4441.505154639175,10376.0,1607.041237113402
2007/7/3 0:00,545489.5567010309,1.693036072164948,1.9280627113402058,3302.422680412371,4441.505154639175,12445.98969072165,1607.041237113402
2007/7/10 0:00,545489.5567010309,1.693036072164948,1.9280627113402058,3302.422680412371,4441.505154639175,12445.98969072165,1318.0
2007/7/17 0:00,545489.5567010309,1.693036072164948,1.9280627113402058,3302.422680412371,4441.505154639175,12445.98969072165,1607.041237113402
2007/7/24 0:00,545489.5567010309,1.693036072164948,1.9280627113402058,3302.422680412371,4441.505154639175,12445.98969072165,1607.041237113402
2007/7/31 0:00,545489.5567010309,1.693036072164948,1.9280627113402058,3302.422680412371,1416.0,12445.98969072165,1607.041237113402
2007/8/7 0:00,545489.5567010309,0.825107,1.9280627113402058,3302.422680412371,4441.505154639175,4011.0,1607.041237113402
2007/8/14 0:00,545489.5567010309,1.693036072164948,1.9280627113402058,3302.422680412371,4441.505154639175,12445.98969072165,1607.041237113402
2007/8/21 0:00,545489.5567010309,1.693036072164948,1.9280627113402058,3302.422680412371,4441.505154639175,12445.98969072165,1607.041237113402
2007/8/28 0:00,348477.0,1.693036072164948,1.9280627113402058,3302.422680412371,4441.505154639175,12445.98969072165,869.0
2007/9/4 0:00,545489.5567010309,1.693036072164948,1.9280627113402058,1159.0,4441.505154639175,12445.98969072165,1607.041237113402
2007/9/11 0:00,545489.5567010309,0.706842,1.9280627113402058,3302.422680412371,4441.505154639175,12445.98969072165,1607.041237113402
2007/9/18 0:00,545489.5567010309,0.655943,0.883187,3302.422680412371,4441.505154639175,12445.98969072165,1607.041237113402
2007/9/25 0:00,545489.5567010309,1.693036072164948,1.9280627113402058,3302.422680412371,4441.505154639175,12445.98969072165,1607.041237113402
2007/10/2 0:00,545489.5567010309,1.693036072164948,1.9280627113402058,3302.422680412371,4441.505154639175,12445.98969072165,1607.041237113402
2007/10/9 0:00,545489.5567010309,1.693036072164948,1.9280627113402058,3302.422680412371,4441.505154639175,12445.98969072165,1607.041237113402
2007/10/16 0:00,545489.5567010309,1.693036072164948,1.9280627113402058,3302.422680412371,4441.505154639175,12445.98969072165,696.0
2007/10/23 0:00,545489.5567010309,1.693036072164948,1.9280627113402058,3302.422680412371,4441.505154639175,12445.98969072165,1607.041237113402
2007/10/30 0:00,545489.5567010309,1.693036072164948,1.9280627113402058,788.0,4441.505154639175,12445.98969072165,1607.041237113402
2007/11/6 0:00,545489.5567010309,1.693036072164948,1.9280627113402058,3302.422680412371,4441.505154639175,12445.98969072165,1607.041237113402
2007/11/13 0:00,545489.5567010309,1.693036072164948,1.9280627113402058,3302.422680412371,745.0,12445.98969072165,1607.041237113402
2007/11/20 0:00,545489.5567010309,1.693036072164948,1.9280627113402058,3302.422680412371,754.0,12445.98969072165,1607.041237113402
2007/11/27 0:00,545489.5567010309,1.693036072164948,1.9280627113402058,3302.422680412371,4441.505154639175,12445.98969072165,1607.041237113402
2007/12/4 0:00,293535.0,1.693036072164948,1.9280627113402058,3302.422680412371,4441.505154639175,12445.98969072165,1607.041237113402
2007/12/11 0:00,545489.5567010309,1.693036072164948,1.9280627113402058,3302.422680412371,4441.505154639175,12445.98969072165,685.0
2007/12/18 0:00,545489.5567010309,1.693036072164948,1.9280627113402058,3302.422680412371,4441.505154639175,12445.98969072165,679.0
2007/12/25 0:00,329731.0,1.693036072164948,1.9280627113402058,3302.422680412371,4441.505154639175,12445.98969072165,1607.041237113402
2008/1/1 0:00,545489.5567010309,1.06828,1.9280627113402058,3302.422680412371,4441.505154639175,12445.98969072165,1607.041237113402
2008/1/8 0:00,545489.5567010309,1.693036072164948,1.9280627113402058,3302.422680412371,2291.0,12445.98969072165,1607.041237113402
2008/1/15 0:00,545489.5567010309,1.693036072164948,1.9280627113402058,3302.422680412371,4441.505154639175,12445.98969072165,1607.041237113402
2008/1/22 0:00,545489.5567010309,1.693036072164948,1.9280627113402058,3302.422680412371,4441.505154639175,12445.98969072165,1607.041237113402
2008/1/29 0:00,545489.5567010309,1.693036072164948,1.9280627113402058,3302.422680412371,4441.505154639175,12445.98969072165,1607.041237113402
2008/2/5 0:00,545489.5567010309,1.693036072164948,1.9280627113402058,3302.422680412371,4441.505154639175,12445.98969072165,1607.041237113402
2008/2/12 0:00,545489.5567010309,1.693036072164948,1.9280627113402058,3302.422680412371,4441.505154639175,12445.98969072165,1607.041237113402
2008/2/19 0:00,545489.5567010309,1.20448,1.9280627113402058,2600.0,4441.505154639175,12445.98969072165,1607.041237113402
2008/2/26 0:00,545489.5567010309,1.693036072164948,1.9280627113402058,3302.422680412371,4441.505154639175,12445.98969072165,1607.041237113402
2008/3/4 0:00,545489.5567010309,1.693036072164948,1.4585,3302.422680412371,4441.505154639175,12445.98969072165,1607.041237113402
2008/3/11 0:00,545489.5567010309,1.693036072164948,1.49921,3302.422680412371,4441.505154639175,12445.98969072165,1607.041237113402
2008/3/18 0:00,545489.5567010309,1.693036072164948,1.9280627113402058,3302.422680412371,4441.505154639175,7812.0,1607.041237113402
2008/3/25 0:00,545489.5567010309,1.693036072164948,1.9280627113402058,3302.422680412371,4441.505154639175,12445.98969072165,1607.041237113402
2008/4/1 0:00,545489.5567010309,1.693036072164948,1.9280627113402058,3302.422680412371,4441.505154639175,12445.98969072165,1490.0
2008/4/8 0:00,545489.5567010309,1.693036072164948,1.9280627113402058,3302.422680412371,4441.505154639175,12445.98969072165,1607.041237113402
2008/4/15 0:00,545489.5567010309,1.693036072164948,1.9280627113402058,3302.422680412371,4441.505154639175,12445.98969072165,1607.041237113402
2008/4/22 0:00,582932.0,1.693036072164948,1.9280627113402058,3302.422680412371,4441.505154639175,12445.98969072165,1607.041237113402
2008/4/29 0:00,545489.5567010309,1.693036072164948,1.9280627113402058,3302.422680412371,4441.505154639175,12445.98969072165,1607.041237113402
2008/5/6 0:00,545489.5567010309,1.693036072164948,1.9280627113402058,3302.422680412371,4441.505154639175,12445.98969072165,1580.0
2008/5/13 0:00,545489.5567010309,1.693036072164948,1.9280627113402058,3302.422680412371,4441.505154639175,12445.98969072165,1607.041237113402
2008/5/20 0:00,545489.5567010309,1.693036072164948,1.9280627113402058,3302.422680412371,4441.505154639175,12445.98969072165,1607.041237113402
2008/5/27 0:00,545489.5567010309,3.2962,1.9280627113402058,3302.422680412371,4441.505154639175,12445.98969072165,1607.041237113402
2008/6/3 0:00,545489.5567010309,1.693036072164948,1.9280627113402058,3302.422680412371,4441.505154639175,12445.98969072165,1607.041237113402
2008/6/10 0:00,545489.5567010309,1.693036072164948,1.9280627113402058,3302.422680412371,4441.505154639175,12445.98969072165,1607.041237113402
2008/6/17 0:00,545489.5567010309,1.693036072164948,1.9280627113402058,3302.422680412371,4441.505154639175,12445.98969072165,1607.041237113402
2008/6/24 0:00,545489.5567010309,1.693036072164948,1.9280627113402058,3237.0,4441.505154639175,12445.98969072165,1607.041237113402
2008/7/1 0:00,545489.5567010309,1.72423,1.9280627113402058,3302.422680412371,4441.505154639175,12445.98969072165,1607.041237113402
2008/7/8 0:00,545489.5567010309,1.693036072164948,1.9280627113402058,3302.422680412371,4441.505154639175,8460.0,1607.041237113402
2008/7/15 0:00,558837.0,1.693036072164948,1.9280627113402058,3302.422680412371,4441.505154639175,12445.98969072165,1415.0
2008/7/22 0:00,577836.0,1.693036072164948,1.9280627113402058,3302.422680412371,4441.505154639175,12445.98969072165,1445.0
2008/7/29 0:00,545489.5567010309,1.693036072164948,1.9280627113402058,3302.422680412371,8043.0,12445.98969072165,1607.041237113402
2008/8/5 0:00,598189.0,1.693036072164948,1.9280627113402058,3302.422680412371,4441.505154639175,12445.98969072165,1607.041237113402
2008/8/12 0:00,545489.5567010309,1.693036072164948,1.9280627113402058,3302.422680412371,4441.505154639175,12445.98969072165,1607.041237113402
2008/8/19 0:00,544432.0,1.693036072164948,1.9280627113402058,3302.422680412371,4441.505154639175,12445.98969072165,1607.041237113402
2008/8/26 0:00,545489.5567010309,1.693036072164948,1.9280627113402058,4496.0,12461.0,12445.98969072165,1607.041237113402
2008/9/2 0:00,545489.5567010309,1.693036072164948,1.9280627113402058,3865.0,4441.505154639175,12445.98969072165,1607.041237113402
2008/9/9 0:00,545489.5567010309,1.693036072164948,1.9280627113402058,3302.422680412371,4441.505154639175,12445.98969072165,1296.0
2008/9/16 0:00,545489.5567010309,1.693036072164948,1.9280627113402058,3302.422680412371,4441.505154639175,12445.98969072165,1607.041237113402
2008/9/23 0:00,545489.5567010309,1.693036072164948,1.71805,3302.422680412371,4441.505154639175,12445.98969072165,1279.0
2008/9/30 0:00,545489.5567010309,1.693036072164948,1.55965,3302.422680412371,4441.505154639175,12445.98969072165,1607.041237113402
2008/10/7 0:00,545489.5567010309,1.693036072164948,1.9280627113402058,3302.422680412371,4441.505154639175,12445.98969072165,1607.041237113402
2008/10/14 0:00,545489.5567010309,1.693036072164948,1.9280627113402058,3302.422680412371,4441.505154639175,12445.98969072165,1607.041237113402
2008/10/21 0:00,545489.5567010309,1.693036072164948,1.9280627113402058,3302.422680412371,4441.505154639175,12445.98969072165,1607.041237113402
2008/10/28 0:00,545489.5567010309,1.693036072164948,1.9280627113402058,3302.422680412371,4441.505154639175,12445.98969072165,1607.041237113402
2008/11/4 0:00,545489.5567010309,1.693036072164948,1.9280627113402058,3302.422680412371,4441.505154639175,12445.98969072165,1607.041237113402
2008/11/11 0:00,506019.0,1.693036072164948,1.9280627113402058,3302.422680412371,4441.505154639175,12445.98969072165,1607.041237113402
2008/11/18 0:00,545489.5567010309,1.693036072164948,1.9280627113402058,2167.0,4441.505154639175,12445.98969072165,1607.041237113402
2008/11/25 0:00,545489.5567010309,1.693036072164948,1.9280627113402058,3302.422680412371,4441.505154639175,12445.98969072165,1607.041237113402
2008/12/2 0:00,545489.5567010309,1.693036072164948,1.9280627113402058,3302.422680412371,4441.505154639175,12445.98969072165,1607.041237113402
2008/12/9 0:00,545489.5567010309,4.05315,1.9280627113402058,3302.422680412371,4441.505154639175,12445.98969072165,1607.041237113402
2008/12/16 0:00,545489.5567010309,1.693036072164948,4.08756,3302.422680412371,4441.505154639175,12445.98969072165,1607.041237113402
2008/12/23 0:00,545489.5567010309,1.693036072164948,1.9280627113402058,3302.422680412371,14152.0,12445.98969072165,1607.041237113402
2008/12/30 0:00,545489.5567010309,1.693036072164948,1.9280627113402058,3302.422680412371,4441.505154639175,12445.98969072165,1607.041237113402
2009/1/6 0:00,545489.5567010309,1.693036072164948,1.9280627113402058,9302.0,4441.505154639175,12445.98969072165,1607.041237113402
2009/1/13 0:00,545489.5567010309,1.693036072164948,1.9280627113402058,3302.422680412371,4441.505154639175,12445.98969072165,1607.041237113402
2009/1/20 0:00,545489.5567010309,1.693036072164948,1.9280627113402058,3302.422680412371,4441.505154639175,12445.98969072165,1607.041237113402
2009/1/27 0:00,545489.5567010309,1.693036072164948,1.9280627113402058,3302.422680412371,4441.505154639175,12445.98969072165,1607.041237113402
2009/2/3 0:00,545489.5567010309,1.693036072164948,1.9280627113402058,3302.422680412371,4441.505154639175,12445.98969072165,1607.041237113402
2009/2/10 0:00,545489.5567010309,1.693036072164948,1.9280627113402058,3302.422680412371,4441.505154639175,12445.98969072165,1607.041237113402
2009/2/17 0:00,545489.5567010309,1.693036072164948,1.9280627113402058,3302.422680412371,14652.0,12445.98969072165,1607.041237113402
2009/2/24 0:00,545489.5567010309,1.693036072164948,1.9280627113402058,3302.422680412371,4441.505154639175,12445.98969072165,1607.041237113402
2009/3/3 0:00,545489.5567010309,1.693036072164948,1.9280627113402058,3302.422680412371,4441.505154639175,12445.98969072165,2122.0
2009/3/10 0:00,545489.5567010309,1.693036072164948,1.9280627113402058,3302.422680412371,4441.505154639175,19325.0,1607.041237113402
2009/3/17 0:00,545489.5567010309,1.693036072164948,1.9280627113402058,3302.422680412371,4441.505154639175,12445.98969072165,1607.041237113402
2009/3/24 0:00,545489.5567010309,1.693036072164948,1.9280627113402058,3302.422680412371,4441.505154639175,12445.98969072165,1607.041237113402
2009/3/31 0:00,545489.5567010309,1.693036072164948,1.9280627113402058,3302.422680412371,4441.505154639175,12445.98969072165,1607.041237113402
2009/4/7 0:00,545489.5567010309,1.693036072164948,1.9280627113402058,3302.422680412371,4441.505154639175,12445.98969072165,1607.041237113402
2009/4/14 0:00,545489.5567010309,1.86738,1.9280627113402058,3302.422680412371,4441.505154639175,12445.98969072165,1607.041237113402
2009/4/21 0:00,545489.5567010309,1.693036072164948,1.9280627113402058,3302.422680412371,4441.505154639175,12445.98969072165,1607.041237113402
2009/4/28 0:00,545489.5567010309,1.693036072164948,1.9280627113402058,5333.0,5655.0,12445.98969072165,1607.041237113402
2009/5/5 0:00,545489.5567010309,1.693036072164948,1.9280627113402058,3302.422680412371,4441.505154639175,12445.98969072165,1607.041237113402
2009/5/12 0:00,545489.5567010309,1.693036072164948,1.9280627113402058,5496.0,4441.505154639175,12445.98969072165,1607.041237113402
2009/5/19 0:00,545489.5567010309,1.693036072164948,1.97649,3302.422680412371,4441.505154639175,12445.98969072165,1607.041237113402
2009/5/26 0:00,545489.5567010309,1.693036072164948,1.9280627113402058,5040.0,4441.505154639175,12445.98969072165,1990.0
2009/6/2 0:00,545489.5567010309,1.693036072164948,1.9280627113402058,3302.422680412371,4441.505154639175,12445.98969072165,1607.041237113402
2009/6/9 0:00,545489.5567010309,1.693036072164948,1.9280627113402058,3302.422680412371,4441.505154639175,12445.98969072165,1607.041237113402
2009/6/16 0:00,545489.5567010309,1.693036072164948,1.9280627113402058,3302.422680412371,4441.505154639175,12445.98969072165,1607.041237113402
2009/6/23 0:00,545489.5567010309,1.693036072164948,1.9280627113402058,3302.422680412371,4441.505154639175,12445.98969072165,1607.041237113402
2009/6/30 0:00,545489.5567010309,1.693036072164948,1.45112,3302.422680412371,4441.505154639175,12445.98969072165,1607.041237113402
2009/7/7 0:00,545489.5567010309,1.693036072164948,1.9280627113402058,3302.422680412371,4441.505154639175,8813.0,1607.041237113402
2009/7/14 0:00,545489.5567010309,1.693036072164948,1.9280627113402058,3302.422680412371,4441.505154639175,12445.98969072165,1607.041237113402
2009/7/21 0:00,545489.5567010309,1.693036072164948,1.9280627113402058,3302.422680412371,4441.505154639175,12445.98969072165,1607.041237113402
2009/7/28 0:00,545489.5567010309,1.693036072164948,1.9280627113402058,3302.422680412371,4441.505154639175,8440.0,1607.041237113402
2009/8/4 0:00,545489.5567010309,1.693036072164948,1.9280627113402058,3302.422680412371,4441.505154639175,12445.98969072165,1607.041237113402
2009/8/11 0:00,545489.5567010309,1.693036072164948,1.9280627113402058,3302.422680412371,4441.505154639175,7697.0,1607.041237113402
2009/8/18 0:00,545489.5567010309,1.693036072164948,1.9280627113402058,3302.422680412371,4441.505154639175,12445.98969072165,1607.041237113402
2009/8/25 0:00,545489.5567010309,1.693036072164948,1.9280627113402058,3302.422680412371,2188.0,12445.98969072165,1607.041237113402
2009/9/1 0:00,545489.5567010309,1.693036072164948,1.9280627113402058,3302.422680412371,4441.505154639175,12445.98969072165,1607.041237113402
2009/9/8 0:00,545489.5567010309,1.693036072164948,1.9280627113402058,3302.422680412371,4441.505154639175,12445.98969072165,1607.041237113402
2009/9/15 0:00,545489.5567010309,1.693036072164948,1.9280627113402058,3302.422680412371,4441.505154639175,5316.0,1405.0
2009/9/22 0:00,545489.5567010309,1.693036072164948,1.9280627113402058,3302.422680412371,4441.505154639175,12445.98969072165,1607.041237113402
2009/9/29 0:00,545489.5567010309,1.693036072164948,1.9280627113402058,3302.422680412371,4441.505154639175,12445.98969072165,1347.0
2009/10/6 0:00,545489.5567010309,1.693036072164948,0.903133,1753.0,4441.505154639175,12445.98969072165,1607.041237113402
2009/10/13 0:00,545489.5567010309,1.693036072164948,1.9280627113402058,3302.422680412371,4441.505154639175,12445.98969072165,1607.041237113402
2009/10/20 0:00,545489.5567010309,1.693036072164948,1.9280627113402058,3302.422680412371,4441.505154639175,12445.98969072165,1607.041237113402
2009/10/27 0:00,545489.5567010309,1.693036072164948,1.9280627113402058,3302.422680412371,4441.505154639175,12445.98969072165,1250.0
2009/11/3 0:00,545489.5567010309,1.693036072164948,0.786882,3302.422680412371,4441.505154639175,12445.98969072165,1241.0
2009/11/10 0:00,545489.5567010309,1.693036072164948,1.9280627113402058,3302.422680412371,4441.505154639175,12445.98969072165,1607.041237113402
2009/11/17 0:00,545489.5567010309,1.693036072164948,1.9280627113402058,3302.422680412371,4441.505154639175,12445.98969072165,1607.041237113402
2009/11/24 0:00,545489.5567010309,1.693036072164948,1.9280627113402058,3302.422680412371,4441.505154639175,12445.98969072165,1607.041237113402
2009/12/1 0:00,545489.5567010309,1.693036072164948,1.9280627113402058,3302.422680412371,1866.0,5007.0,1607.041237113402
2009/12/8 0:00,545489.5567010309,1.693036072164948,1.9280627113402058,3302.422680412371,4441.505154639175,12445.98969072165,1607.041237113402
2009/12/15 0:00,589930.0,1.693036072164948,1.9280627113402058,3302.422680412371,4441.505154639175,12445.98969072165,1607.041237113402
2009/12/22 0:00,545489.5567010309,1.693036072164948,1.9280627113402058,3302.422680412371,4441.505154639175,12445.98969072165,1607.041237113402
2009/12/29 0:00,545489.5567010309,1.693036072164948,1.9280627113402058,3302.422680412371,4441.505154639175,12445.98969072165,1607.041237113402
2010/1/5 0:00,545489.5567010309,1.693036072164948,1.9280627113402058,3302.422680412371,4441.505154639175,12445.98969072165,1607.041237113402
2010/1/12 0:00,545489.5567010309,1.693036072164948,1.9280627113402058,3302.422680412371,4441.505154639175,12445.98969072165,1607.041237113402
2010/1/19 0:00,545489.5567010309,1.693036072164948,1.9280627113402058,3044.0,4441.505154639175,12445.98969072165,1607.041237113402
2010/1/26 0:00,545489.5567010309,1.693036072164948,1.9280627113402058,3226.0,4441.505154639175,12445.98969072165,1607.041237113402
2010/2/2 0:00,545489.5567010309,1.693036072164948,1.9280627113402058,3302.422680412371,4441.505154639175,12445.98969072165,1607.041237113402
2010/2/9 0:00,545489.5567010309,1.693036072164948,1.9280627113402058,3302.422680412371,4679.0,12445.98969072165,1607.041237113402
2010/2/16 0:00,545489.5567010309,1.693036072164948,1.9280627113402058,3302.422680412371,4441.505154639175,12445.98969072165,1607.041237113402
2010/2/23 0:00,545489.5567010309,1.693036072164948,1.9280627113402058,3302.422680412371,4441.505154639175,12445.98969072165,1607.041237113402
2010/3/2 0:00,545489.5567010309,1.693036072164948,1.9280627113402058,3302.422680412371,4441.505154639175,12445.98969072165,1607.041237113402
2010/3/9 0:00,545489.5567010309,1.693036072164948,1.9280627113402058,3302.422680412371,4441.505154639175,12445.98969072165,1607.041237113402
2010/3/16 0:00,545489.5567010309,1.693036072164948,2.55659,3302.422680412371,4441.505154639175,12445.98969072165,1607.041237113402
2010/3/23 0:00,545489.5567010309,1.693036072164948,1.9280627113402058,3302.422680412371,4441.505154639175,12445.98969072165,1607.041237113402
2010/3/30 0:00,545489.5567010309,1.693036072164948,1.9280627113402058,7478.0,4441.505154639175,12445.98969072165,1607.041237113402
2010/4/6 0:00,545489.5567010309,1.693036072164948,2.69151,3302.422680412371,4441.505154639175,12445.98969072165,1607.041237113402
2010/4/13 0:00,545489.5567010309,1.693036072164948,1.9280627113402058,3302.422680412371,4441.505154639175,12445.98969072165,1607.041237113402
2010/4/20 0:00,545489.5567010309,1.693036072164948,1.9280627113402058,3302.422680412371,4441.505154639175,12445.98969072165,1607.041237113402
2010/4/27 0:00,545489.5567010309,1.693036072164948,1.9280627113402058,3302.422680412371,4441.505154639175,12445.98969072165,1947.0
2010/5/4 0:00,545489.5567010309,1.693036072164948,1.9280627113402058,3302.422680412371,4441.505154639175,12445.98969072165,1607.041237113402
2010/5/11 0:00,545489.5567010309,1.693036072164948,1.9280627113402058,3302.422680412371,4441.505154639175,12445.98969072165,1607.041237113402
2010/5/18 0:00,545489.5567010309,1.693036072164948,1.9280627113402058,3302.422680412371,4441.505154639175,36567.0,1607.041237113402
2010/5/25 0:00,545489.5567010309,1.693036072164948,1.9280627113402058,3302.422680412371,4441.505154639175,12445.98969072165,1607.041237113402
2010/6/1 0:00,545489.5567010309,1.693036072164948,1.9280627113402058,3302.422680412371,4441.505154639175,12445.98969072165,1607.041237113402
2010/6/8 0:00,545489.5567010309,1.693036072164948,1.9280627113402058,3302.422680412371,4441.505154639175,12445.98969072165,1607.041237113402
2010/6/15 0:00,545489.5567010309,1.693036072164948,1.9280627113402058,3302.422680412371,4441.505154639175,12445.98969072165,1607.041237113402
2010/6/22 0:00,545489.5567010309,1.693036072164948,1.9280627113402058,4400.0,4441.505154639175,12445.98969072165,1607.041237113402
2010/6/29 0:00,545489.5567010309,1.693036072164948,1.9280627113402058,3302.422680412371,4441.505154639175,12445.98969072165,1607.041237113402
2010/7/6 0:00,545489.5567010309,1.693036072164948,1.9280627113402058,3302.422680412371,4557.0,12445.98969072165,1607.041237113402
2010/7/13 0:00,691707.0,1.693036072164948,1.9280627113402058,3302.422680412371,4441.505154639175,12445.98969072165,1607.041237113402
2010/7/20 0:00,545489.5567010309,1.693036072164948,1.9280627113402058,3302.422680412371,4441.505154639175,12445.98969072165,1607.041237113402
2010/7/27 0:00,545489.5567010309,1.19995,1.9280627113402058,3302.422680412371,4441.505154639175,12445.98969072165,1607.041237113402
2010/8/3 0:00,545489.5567010309,1.693036072164948,1.9280627113402058,3302.422680412371,4441.505154639175,12445.98969072165,1607.041237113402
2010/8/10 0:00,545489.5567010309,1.693036072164948,1.9280627113402058,3302.422680412371,4441.505154639175,12445.98969072165,1607.041237113402
2010/8/17 0:00,545489.5567010309,1.06712,1.9280627113402058,2353.0,4441.505154639175,12445.98969072165,1607.041237113402
2010/8/24 0:00,545489.5567010309,1.693036072164948,1.9280627113402058,3302.422680412371,4441.505154639175,12445.98969072165,1607.041237113402
2010/8/31 0:00,545489.5567010309,1.693036072164948,1.9280627113402058,3302.422680412371,1980.0,12445.98969072165,1607.041237113402
2010/9/7 0:00,545489.5567010309,1.693036072164948,1.9280627113402058,3302.422680412371,4441.505154639175,5547.0,1607.041237113402
2010/9/14 0:00,545489.5567010309,1.693036072164948,1.9280627113402058,3302.422680412371,4441.505154639175,12445.98969072165,1607.041237113402
2010/9/21 0:00,545489.5567010309,1.693036072164948,1.9280627113402058,1604.0,1422.0,12445.98969072165,1607.041237113402
2010/9/28 0:00,545489.5567010309,1.693036072164948,1.9280627113402058,3302.422680412371,4441.505154639175,12445.98969072165,1607.041237113402
2010/10/5 0:00,545489.5567010309,1.693036072164948,1.9280627113402058,3302.422680412371,1269.0,12445.98969072165,1607.041237113402
2010/10/12 0:00,545489.5567010309,1.693036072164948,1.9280627113402058,3302.422680412371,4441.505154639175,12445.98969072165,1220.0
2010/10/19 0:00,545489.5567010309,1.693036072164948,1.9280627113402058,3302.422680412371,4441.505154639175,12445.98969072165,1607.041237113402
2010/10/26 0:00,514262.0,1.693036072164948,1.9280627113402058,3302.422680412371,4441.505154639175,12445.98969072165,1607.041237113402
2010/11/2 0:00,545489.5567010309,1.693036072164948,1.9280627113402058,3302.422680412371,4441.505154639175,12445.98969072165,1607.041237113402
2010/11/9 0:00,545489.5567010309,1.693036072164948,1.9280627113402058,3302.422680412371,4441.505154639175,3523.0,1607.041237113402
2010/11/16 0:00,545489.5567010309,1.693036072164948,1.9280627113402058,3302.422680412371,4441.505154639175,12445.98969072165,1607.041237113402
2010/11/23 0:00,545489.5567010309,1.693036072164948,0.806526,3302.422680412371,4441.505154639175,12445.98969072165,1607.041237113402
2010/11/30 0:00,545489.5567010309,1.693036072164948,1.9280627113402058,3302.422680412371,4441.505154639175,12445.98969072165,1607.041237113402
2010/12/7 0:00,545489.5567010309,1.693036072164948,1.9280627113402058,1622.0,4441.505154639175,12445.98969072165,1607.041237113402
2010/12/14 0:00,575887.0,1.693036072164948,1.9280627113402058,3302.422680412371,4441.505154639175,12445.98969072165,1607.041237113402
2010/12/21 0:00,545489.5567010309,1.03601,1.9280627113402058,3302.422680412371,4441.505154639175,12445.98969072165,1607.041237113402
2010/12/28 0:00,605162.0,1.693036072164948,1.10846,3302.422680412371,4441.505154639175,12445.98969072165,1607.041237113402
2011/1/4 0:00,545489.5567010309,1.693036072164948,1.9280627113402058,3302.422680412371,3485.0,12445.98969072165,1607.041237113402
2011/1/11 0:00,545489.5567010309,1.693036072164948,1.9280627113402058,3302.422680412371,4441.505154639175,12445.98969072165,1607.041237113402
2011/1/18 0:00,545489.5567010309,1.693036072164948,1.9280627113402058,3302.422680412371,4441.505154639175,12445.98969072165,1607.041237113402
2011/1/25 0:00,545489.5567010309,1.29194,1.9280627113402058,3302.422680412371,4441.505154639175,12445.98969072165,1607.041237113402
2011/2/1 0:00,545489.5567010309,1.693036072164948,1.9280627113402058,3302.422680412371,4658.0,12445.98969072165,1607.041237113402
2011/2/8 0:00,545489.5567010309,1.693036072164948,1.9280627113402058,3949.0,4441.505154639175,11496.0,1946.0
2011/2/15 0:00,545489.5567010309,1.693036072164948,1.9280627113402058,3923.0,4441.505154639175,12445.98969072165,1607.041237113402
2011/2/22 0:00,626731.0,1.693036072164948,1.9280627113402058,3302.422680412371,4441.505154639175,12445.98969072165,1607.041237113402
2011/3/1 0:00,545489.5567010309,1.693036072164948,1.9280627113402058,3302.422680412371,4441.505154639175,11479.0,1607.041237113402
2011/3/8 0:00,545489.5567010309,1.693036072164948,1.51811,3302.422680412371,4040.0,12445.98969072165,1607.041237113402
2011/3/15 0:00,545489.5567010309,1.63398,1.9280627113402058,3302.422680412371,4441.505154639175,12445.98969072165,1607.041237113402
2011/3/22 0:00,545489.5567010309,1.693036072164948,1.9280627113402058,5016.0,4441.505154639175,12445.98969072165,1607.041237113402
2011/3/29 0:00,545489.5567010309,1.693036072164948,1.9280627113402058,3302.422680412371,4441.505154639175,12445.98969072165,1607.041237113402
2011/4/5 0:00,545489.5567010309,1.693036072164948,1.76709,3302.422680412371,4441.505154639175,12445.98969072165,1607.041237113402
2011/4/12 0:00,545489.5567010309,1.693036072164948,1.9280627113402058,3302.422680412371,4441.505154639175,12445.98969072165,1607.041237113402
2011/4/19 0:00,545489.5567010309,1.693036072164948,1.9280627113402058,3302.422680412371,4441.505154639175,12445.98969072165,1607.041237113402
2011/4/26 0:00,545489.5567010309,1.693036072164948,1.9280627113402058,3302.422680412371,4441.505154639175,12445.98969072165,1607.041237113402
2011/5/3 0:00,545489.5567010309,1.693036072164948,1.9280627113402058,3302.422680412371,4441.505154639175,12445.98969072165,1607.041237113402
2011/5/10 0:00,545489.5567010309,1.693036072164948,1.9280627113402058,3302.422680412371,4441.505154639175,12445.98969072165,1607.041237113402
2011/5/17 0:00,545489.5567010309,2.09951,1.9280627113402058,3302.422680412371,4441.505154639175,12445.98969072165,1607.041237113402
2011/5/24 0:00,545489.5567010309,1.693036072164948,1.9280627113402058,3302.422680412371,4441.505154639175,12445.98969072165,1607.041237113402
2011/5/31 0:00,788242.0,1.693036072164948,1.9280627113402058,3302.422680412371,4441.505154639175,12445.98969072165,1826.0
2011/6/7 0:00,545489.5567010309,1.693036072164948,1.9280627113402058,3302.422680412371,4441.505154639175,12445.98969072165,1607.041237113402
2011/6/14 0:00,545489.5567010309,1.693036072164948,1.9280627113402058,3302.422680412371,4441.505154639175,17150.0,1607.041237113402
2011/6/21 0:00,545489.5567010309,1.693036072164948,1.9280627113402058,3302.422680412371,5683.0,12445.98969072165,1607.041237113402
2011/6/28 0:00,545489.5567010309,1.693036072164948,1.9280627113402058,3302.422680412371,4441.505154639175,12445.98969072165,1753.0
2011/7/5 0:00,545489.5567010309,1.693036072164948,1.9280627113402058,3302.422680412371,4441.505154639175,12445.98969072165,1607.041237113402
2011/7/12 0:00,545489.5567010309,1.693036072164948,1.9280627113402058,3302.422680412371,4059.0,12445.98969072165,1607.041237113402
2011/7/19 0:00,545489.5567010309,1.693036072164948,1.9280627113402058,3302.422680412371,4441.505154639175,12445.98969072165,1607.041237113402
2011/7/26 0:00,545489.5567010309,1.693036072164948,1.9280627113402058,3302.422680412371,4441.505154639175,12445.98969072165,1607.041237113402
2011/8/2 0:00,545489.5567010309,1.39521,1.9280627113402058,3302.422680412371,4441.505154639175,12445.98969072165,1607.041237113402
2011/8/9 0:00,545489.5567010309,1.693036072164948,1.9280627113402058,3302.422680412371,3468.0,12445.98969072165,1607.041237113402
2011/8/16 0:00,545489.5567010309,1.693036072164948,1.9280627113402058,3302.422680412371,4441.505154639175,12445.98969072165,1607.041237113402
2011/8/23 0:00,545489.5567010309,1.23028,1.27731,3302.422680412371,4441.505154639175,12445.98969072165,1607.041237113402
2011/8/30 0:00,550614.0,1.693036072164948,1.2991,3302.422680412371,4441.505154639175,12445.98969072165,1607.041237113402
2011/9/6 0:00,545489.5567010309,1.693036072164948,1.9280627113402058,2336.0,4441.505154639175,6765.0,1607.041237113402
2011/9/13 0:00,545489.5567010309,1.693036072164948,1.9280627113402058,3302.422680412371,4441.505154639175,12445.98969072165,1607.041237113402
2011/9/20 0:00,545489.5567010309,1.693036072164948,1.0568,3302.422680412371,4441.505154639175,12445.98969072165,1607.041237113402
2011/9/27 0:00,545489.5567010309,1.10616,1.9280627113402058,3302.422680412371,4441.505154639175,12445.98969072165,1607.041237113402
2011/10/4 0:00,545489.5567010309,1.693036072164948,1.9280627113402058,3302.422680412371,4441.505154639175,12445.98969072165,1607.041237113402
2011/10/11 0:00,558637.0,1.693036072164948,1.9280627113402058,3302.422680412371,4441.505154639175,12445.98969072165,1607.041237113402
2011/10/18 0:00,545489.5567010309,1.693036072164948,1.9280627113402058,1818.0,4441.505154639175,4931.0,1607.041237113402
2011/10/25 0:00,545489.5567010309,1.693036072164948,1.9280627113402058,3302.422680412371,4441.505154639175,12445.98969072165,1607.041237113402
2011/11/1 0:00,545489.5567010309,1.693036072164948,1.9280627113402058,3302.422680412371,4441.505154639175,12445.98969072165,1607.041237113402
2011/11/8 0:00,545489.5567010309,1.693036072164948,1.9280627113402058,3302.422680412371,4441.505154639175,5026.0,1607.041237113402
2011/11/15 0:00,545489.5567010309,1.693036072164948,1.9280627113402058,3302.422680412371,1755.0,12445.98969072165,1607.041237113402
2011/11/22 0:00,545489.5567010309,1.693036072164948,1.9280627113402058,3302.422680412371,2128.0,12445.98969072165,1607.041237113402
2011/11/29 0:00,545489.5567010309,1.693036072164948,1.9280627113402058,3302.422680412371,4441.505154639175,12445.98969072165,1607.041237113402
2011/12/6 0:00,545489.5567010309,1.693036072164948,1.9280627113402058,3302.422680412371,4441.505154639175,12445.98969072165,1607.041237113402
2011/12/13 0:00,545489.5567010309,1.693036072164948,1.9280627113402058,2176.0,4441.505154639175,12445.98969072165,1607.041237113402
2011/12/20 0:00,545489.5567010309,1.693036072164948,1.9280627113402058,3302.422680412371,2972.0,12445.98969072165,1607.041237113402
2011/12/27 0:00,545489.5567010309,1.693036072164948,1.9280627113402058,2421.0,4441.505154639175,12445.98969072165,1607.041237113402
2012/1/3 0:00,545489.5567010309,1.693036072164948,1.9280627113402058,3302.422680412371,4441.505154639175,12445.98969072165,1607.041237113402
2012/1/10 0:00,545489.5567010309,1.693036072164948,1.9280627113402058,2960.0,4441.505154639175,10158.0,1940.0
2012/1/17 0:00,797444.0,1.693036072164948,1.9280627113402058,3202.0,4233.0,12445.98969072165,1607.041237113402
2012/1/24 0:00,545489.5567010309,1.693036072164948,1.9280627113402058,3302.422680412371,4441.505154639175,10913.0,1607.041237113402
2012/1/31 0:00,545489.5567010309,1.693036072164948,1.9280627113402058,3302.422680412371,4441.505154639175,12445.98969072165,1607.041237113402
2012/2/7 0:00,545489.5567010309,1.693036072164948,1.9280627113402058,3302.422680412371,4441.505154639175,12445.98969072165,1607.041237113402
2012/2/14 0:00,545489.5567010309,1.693036072164948,1.9280627113402058,3302.422680412371,4441.505154639175,13623.0,1607.041237113402
2012/2/21 0:00,545489.5567010309,1.693036072164948,1.9280627113402058,3302.422680412371,4441.505154639175,12445.98969072165,1607.041237113402
2012/2/28 0:00,545489.5567010309,1.693036072164948,1.9280627113402058,3302.422680412371,4441.505154639175,12445.98969072165,1607.041237113402
2012/3/6 0:00,545489.5567010309,1.693036072164948,1.9280627113402058,3302.422680412371,10857.0,12445.98969072165,1607.041237113402
2012/3/13 0:00,545489.5567010309,1.693036072164948,1.9280627113402058,3302.422680412371,4441.505154639175,29432.0,1607.041237113402
2012/3/20 0:00,545489.5567010309,1.693036072164948,1.9280627113402058,3302.422680412371,4441.505154639175,12445.98969072165,1908.0
2012/3/27 0:00,545489.5567010309,1.693036072164948,6.02598,3302.422680412371,4441.505154639175,12445.98969072165,1607.041237113402
2012/4/3 0:00,687051.0,1.693036072164948,1.9280627113402058,3302.422680412371,4441.505154639175,12445.98969072165,1982.0
2012/4/10 0:00,545489.5567010309,1.693036072164948,1.9280627113402058,3302.422680412371,4441.505154639175,12445.98969072165,1607.041237113402
2012/4/17 0:00,545489.5567010309,1.693036072164948,1.9280627113402058,3302.422680412371,4441.505154639175,12445.98969072165,1607.041237113402
2012/4/24 0:00,545489.5567010309,4.2171,1.9280627113402058,3302.422680412371,4441.505154639175,12445.98969072165,1607.041237113402
2012/5/1 0:00,545489.5567010309,1.693036072164948,1.9280627113402058,3302.422680412371,4441.505154639175,12445.98969072165,1607.041237113402
2012/5/8 0:00,545489.5567010309,1.693036072164948,1.9280627113402058,3302.422680412371,4441.505154639175,24987.0,1607.041237113402
2012/5/15 0:00,545489.5567010309,3.0197,2.89421,3302.422680412371,9395.0,12445.98969072165,1607.041237113402
2012/5/22 0:00,545489.5567010309,1.693036072164948,1.9280627113402058,3302.422680412371,4441.505154639175,12445.98969072165,1607.041237113402
2012/5/29 0:00,545489.5567010309,1.693036072164948,1.9280627113402058,3302.422680412371,4441.505154639175,12445.98969072165,1607.041237113402
2012/6/5 0:00,545489.5567010309,1.693036072164948,1.9280627113402058,3302.422680412371,4441.505154639175,12445.98969072165,1607.041237113402
2012/6/12 0:00,545489.5567010309,1.693036072164948,2.43225,3302.422680412371,4441.505154639175,12445.98969072165,1607.041237113402
2012/6/19 0:00,545489.5567010309,1.693036072164948,1.9280627113402058,3302.422680412371,4441.505154639175,15254.0,1607.041237113402
2012/6/26 0:00,545489.5567010309,1.693036072164948,1.9280627113402058,3302.422680412371,4441.505154639175,13714.0,1607.041237113402
2012/7/3 0:00,545489.5567010309,1.693036072164948,1.9280627113402058,3302.422680412371,4441.505154639175,12445.98969072165,1607.041237113402
2012/7/10 0:00,545489.5567010309,1.43006,1.49713,3110.0,4441.505154639175,12445.98969072165,1607.041237113402
2012/7/17 0:00,545489.5567010309,1.693036072164948,1.9280627113402058,3302.422680412371,4441.505154639175,12445.98969072165,1607.041237113402
2012/7/24 0:00,545489.5567010309,1.693036072164948,1.9280627113402058,2588.0,4441.505154639175,12445.98969072165,1607.041237113402
2012/7/31 0:00,545489.5567010309,1.693036072164948,1.19614,3302.422680412371,4441.505154639175,12445.98969072165,1607.041237113402
2012/8/7 0:00,545489.5567010309,1.693036072164948,1.9280627113402058,3302.422680412371,4441.505154639175,12445.98969072165,1630.0
2012/8/14 0:00,545489.5567010309,1.07343,1.9280627113402058,3302.422680412371,4441.505154639175,12445.98969072165,1607.041237113402
2012/8/21 0:00,545489.5567010309,1.693036072164948,1.9280627113402058,3302.422680412371,4441.505154639175,12445.98969072165,1607.041237113402
2012/8/28 0:00,545489.5567010309,1.693036072164948,1.9280627113402058,3302.422680412371,4441.505154639175,12445.98969072165,1607.041237113402
2012/9/4 0:00,545489.5567010309,1.693036072164948,1.9280627113402058,3302.422680412371,4441.505154639175,12445.98969072165,1607.041237113402
2012/9/11 0:00,545489.5567010309,0.920779,1.9280627113402058,3302.422680412371,4441.505154639175,12445.98969072165,1607.041237113402
2012/9/18 0:00,545489.5567010309,1.693036072164948,1.00138,3302.422680412371,4441.505154639175,12445.98969072165,1607.041237113402
2012/9/25 0:00,545489.5567010309,1.693036072164948,1.9280627113402058,3302.422680412371,4441.505154639175,12445.98969072165,1607.041237113402
2012/10/2 0:00,545489.5567010309,0.862837,1.9280627113402058,3302.422680412371,4441.505154639175,12445.98969072165,1607.041237113402
2012/10/9 0:00,543833.0,1.693036072164948,1.9280627113402058,3302.422680412371,4441.505154639175,12445.98969072165,1607.041237113402
2012/10/16 0:00,545489.5567010309,1.693036072164948,1.9280627113402058,3302.422680412371,4441.505154639175,12445.98969072165,1607.041237113402
2012/10/23 0:00,545489.5567010309,1.693036072164948,1.9280627113402058,3302.422680412371,4441.505154639175,12445.98969072165,1325.0
2012/10/30 0:00,487617.0,1.693036072164948,0.796937,3302.422680412371,4441.505154639175,12445.98969072165,1607.041237113402
2012/11/6 0:00,545489.5567010309,1.693036072164948,0.779136,3302.422680412371,4441.505154639175,4075.0,1607.041237113402
2012/11/13 0:00,545489.5567010309,1.693036072164948,1.9280627113402058,3302.422680412371,4441.505154639175,12445.98969072165,1607.041237113402
2012/11/20 0:00,545489.5567010309,1.693036072164948,0.825485,3302.422680412371,1561.0,4317.0,1607.041237113402
2012/11/27 0:00,545489.5567010309,1.693036072164948,1.9280627113402058,1499.0,4441.505154639175,12445.98969072165,1607.041237113402
2012/12/4 0:00,545489.5567010309,1.693036072164948,1.9280627113402058,3302.422680412371,4441.505154639175,12445.98969072165,1607.041237113402
2012/12/11 0:00,545489.5567010309,1.693036072164948,1.09107,1926.0,4441.505154639175,12445.98969072165,1607.041237113402
2012/12/18 0:00,545489.5567010309,1.0967,1.9280627113402058,3302.422680412371,4441.505154639175,12445.98969072165,1607.041237113402
2012/12/25 0:00,545489.5567010309,1.693036072164948,1.9280627113402058,3302.422680412371,4441.505154639175,12445.98969072165,1607.041237113402
2013/1/1 0:00,545489.5567010309,1.693036072164948,1.9280627113402058,3302.422680412371,4441.505154639175,12445.98969072165,1607.041237113402
2013/1/8 0:00,545489.5567010309,1.693036072164948,1.9280627113402058,3302.422680412371,4441.505154639175,10420.0,1607.041237113402
2013/1/15 0:00,545489.5567010309,1.693036072164948,1.9280627113402058,3302.422680412371,3880.0,12445.98969072165,1607.041237113402
2013/1/22 0:00,545489.5567010309,1.693036072164948,1.9280627113402058,3302.422680412371,4441.505154639175,12445.98969072165,2027.0
2013/1/29 0:00,545489.5567010309,1.693036072164948,1.9280627113402058,3302.422680412371,4441.505154639175,12502.0,1607.041237113402
2013/2/5 0:00,545489.5567010309,1.693036072164948,1.9280627113402058,3302.422680412371,4441.505154639175,12445.98969072165,2017.0
2013/2/12 0:00,545489.5567010309,1.693036072164948,1.9280627113402058,3302.422680412371,4441.505154639175,12445.98969072165,1607.041237113402
2013/2/19 0:00,545489.5567010309,1.693036072164948,1.73267,3302.422680412371,4441.505154639175,12445.98969072165,1607.041237113402
2013/2/26 0:00,665926.0,2.11076,2.09858,3302.422680412371,4313.0,12445.98969072165,1607.041237113402
2013/3/5 0:00,545489.5567010309,1.693036072164948,1.9280627113402058,3302.422680412371,4441.505154639175,12445.98969072165,1607.041237113402
2013/3/12 0:00,545489.5567010309,1.693036072164948,1.9280627113402058,3302.422680412371,4441.505154639175,12445.98969072165,1607.041237113402
2013/3/19 0:00,545489.5567010309,1.693036072164948,1.9280627113402058,6555.0,4441.505154639175,12445.98969072165,1607.041237113402
2013/3/26 0:00,615148.0,1.693036072164948,1.9280627113402058,3302.422680412371,4441.505154639175,12445.98969072165,1607.041237113402
2013/4/2 0:00,545489.5567010309,1.693036072164948,1.9280627113402058,3302.422680412371,4441.505154639175,12445.98969072165,2033.0
2013/4/9 0:00,545489.5567010309,1.693036072164948,1.9280627113402058,3302.422680412371,4441.505154639175,12445.98969072165,2059.0
2013/4/16 0:00,855297.0,1.693036072164948,1.9280627113402058,3302.422680412371,4441.505154639175,12445.98969072165,1607.041237113402
2013/4/23 0:00,545489.5567010309,1.693036072164948,1.9280627113402058,3302.422680412371,4441.505154639175,12445.98969072165,1607.041237113402
2013/4/30 0:00,545489.5567010309,1.693036072164948,2.88598,3302.422680412371,4441.505154639175,12445.98969072165,1607.041237113402
2013/5/7 0:00,545489.5567010309,1.693036072164948,2.62172,3302.422680412371,7711.0,12445.98969072165,1607.041237113402
2013/5/14 0:00,545489.5567010309,1.693036072164948,1.9280627113402058,3302.422680412371,4441.505154639175,12445.98969072165,1607.041237113402
2013/5/21 0:00,545489.5567010309,1.693036072164948,1.9280627113402058,3302.422680412371,4441.505154639175,12445.98969072165,1607.041237113402
2013/5/28 0:00,545489.5567010309,1.693036072164948,1.91094,3302.422680412371,4441.505154639175,12445.98969072165,1607.041237113402
2013/6/4 0:00,545489.5567010309,1.693036072164948,1.9280627113402058,3302.422680412371,4441.505154639175,12445.98969072165,1607.041237113402
2013/6/11 0:00,545489.5567010309,1.693036072164948,1.9280627113402058,3302.422680412371,4441.505154639175,12445.98969072165,1607.041237113402
2013/6/18 0:00,545489.5567010309,1.693036072164948,1.9280627113402058,3302.422680412371,4441.505154639175,12445.98969072165,1607.041237113402
2013/6/25 0:00,805133.0,1.693036072164948,1.9280627113402058,3302.422680412371,4441.505154639175,12445.98969072165,1887.0
2013/7/2 0:00,545489.5567010309,1.693036072164948,1.9280627113402058,3302.422680412371,4441.505154639175,14637.0,1607.041237113402
2013/7/9 0:00,545489.5567010309,1.693036072164948,1.9280627113402058,3302.422680412371,4441.505154639175,12445.98969072165,1607.041237113402
2013/7/16 0:00,545489.5567010309,1.693036072164948,1.51636,3302.422680412371,4279.0,12445.98969072165,1607.041237113402
2013/7/23 0:00,545489.5567010309,1.693036072164948,1.9280627113402058,2846.0,4441.505154639175,12445.98969072165,1607.041237113402
2013/7/30 0:00,545489.5567010309,1.693036072164948,1.9280627113402058,3302.422680412371,4441.505154639175,12445.98969072165,1607.041237113402
2013/8/6 0:00,545489.5567010309,1.693036072164948,1.9280627113402058,3302.422680412371,4441.505154639175,12445.98969072165,1607.041237113402
2013/8/13 0:00,545489.5567010309,1.693036072164948,1.9280627113402058,3302.422680412371,4441.505154639175,12445.98969072165,1607.041237113402
2013/8/20 0:00,679395.0,1.693036072164948,1.29483,3302.422680412371,3068.0,12445.98969072165,1607.041237113402
2013/8/27 0:00,545489.5567010309,1.693036072164948,1.9280627113402058,3302.422680412371,4441.505154639175,12445.98969072165,1607.041237113402
2013/9/3 0:00,631143.0,1.19291,1.9280627113402058,3302.422680412371,4441.505154639175,12445.98969072165,1607.041237113402
2013/9/10 0:00,545489.5567010309,1.693036072164948,1.9280627113402058,2227.0,4441.505154639175,12445.98969072165,1607.041237113402
2013/9/17 0:00,545489.5567010309,1.693036072164948,1.9280627113402058,2159.0,4441.505154639175,12445.98969072165,1607.041237113402
2013/9/24 0:00,545489.5567010309,1.693036072164948,1.9280627113402058,2049.0,4441.505154639175,6038.0,1607.041237113402
2013/10/1 0:00,538049.0,1.693036072164948,1.9280627113402058,3302.422680412371,4441.505154639175,12445.98969072165,1388.0
2013/10/8 0:00,545489.5567010309,1.693036072164948,1.9280627113402058,3302.422680412371,4441.505154639175,12445.98969072165,1607.041237113402
2013/10/15 0:00,545489.5567010309,1.693036072164948,1.9280627113402058,1582.0,4441.505154639175,12445.98969072165,1607.041237113402
2013/10/22 0:00,545489.5567010309,1.693036072164948,1.9280627113402058,3302.422680412371,4441.505154639175,12445.98969072165,1607.041237113402
2013/10/29 0:00,545489.5567010309,0.852792,1.9280627113402058,3302.422680412371,4441.505154639175,12445.98969072165,1607.041237113402
2013/11/5 0:00,545489.5567010309,1.693036072164948,1.9280627113402058,3302.422680412371,4441.505154639175,12445.98969072165,1607.041237113402
2013/11/12 0:00,545489.5567010309,0.761098,1.9280627113402058,1528.0,1631.0,12445.98969072165,1607.041237113402
2013/11/19 0:00,545489.5567010309,1.693036072164948,1.9280627113402058,3302.422680412371,4441.505154639175,12445.98969072165,1607.041237113402
2013/11/26 0:00,545489.5567010309,1.693036072164948,0.905981,3302.422680412371,4441.505154639175,12445.98969072165,1607.041237113402
2013/12/3 0:00,545489.5567010309,1.693036072164948,1.9280627113402058,3302.422680412371,4441.505154639175,12445.98969072165,1607.041237113402
2013/12/10 0:00,545489.5567010309,1.693036072164948,1.9280627113402058,3302.422680412371,4441.505154639175,12445.98969072165,1607.041237113402
2013/12/17 0:00,545489.5567010309,1.693036072164948,1.9280627113402058,3302.422680412371,4441.505154639175,12445.98969072165,1607.041237113402
2013/12/24 0:00,545489.5567010309,1.693036072164948,1.9280627113402058,3302.422680412371,3447.0,12445.98969072165,1607.041237113402
2013/12/31 0:00,545489.5567010309,1.693036072164948,1.9280627113402058,3302.422680412371,4441.505154639175,12445.98969072165,1607.041237113402
2014/1/7 0:00,545489.5567010309,1.693036072164948,1.9280627113402058,3302.422680412371,4437.0,10977.0,1607.041237113402
2014/1/14 0:00,545489.5567010309,1.693036072164948,1.9280627113402058,3302.422680412371,4441.505154639175,12445.98969072165,1607.041237113402
2014/1/21 0:00,545489.5567010309,1.693036072164948,1.42547,3302.422680412371,4955.0,12445.98969072165,2008.0
2014/1/28 0:00,545489.5567010309,1.42791,1.43909,3632.0,4441.505154639175,12445.98969072165,1607.041237113402
2014/2/4 0:00,545489.5567010309,1.693036072164948,1.9280627113402058,3302.422680412371,4441.505154639175,12445.98969072165,1607.041237113402
2014/2/11 0:00,545489.5567010309,1.65976,1.9280627113402058,3302.422680412371,4441.505154639175,12445.98969072165,1607.041237113402
2014/2/18 0:00,545489.5567010309,1.693036072164948,1.9280627113402058,3302.422680412371,4441.505154639175,12445.98969072165,1607.041237113402
2014/2/25 0:00,545489.5567010309,1.693036072164948,1.9280627113402058,3302.422680412371,4441.505154639175,17602.0,1607.041237113402
2014/3/4 0:00,545489.5567010309,1.693036072164948,1.9280627113402058,3302.422680412371,4441.505154639175,12445.98969072165,1607.041237113402
2014/3/11 0:00,545489.5567010309,1.693036072164948,1.9280627113402058,7424.0,4441.505154639175,12445.98969072165,1607.041237113402
2014/3/18 0:00,545489.5567010309,1.693036072164948,1.9280627113402058,3302.422680412371,4441.505154639175,12445.98969072165,1607.041237113402
2014/3/25 0:00,545489.5567010309,1.693036072164948,1.9280627113402058,3302.422680412371,4441.505154639175,12445.98969072165,1607.041237113402
2014/4/1 0:00,545489.5567010309,1.693036072164948,1.9280627113402058,9732.0,4441.505154639175,12445.98969072165,1607.041237113402
2014/4/8 0:00,545489.5567010309,1.693036072164948,1.9280627113402058,7160.0,4441.505154639175,12445.98969072165,1607.041237113402
2014/4/15 0:00,545489.5567010309,4.21022,1.9280627113402058,3302.422680412371,11966.0,12445.98969072165,1607.041237113402
2014/4/22 0:00,545489.5567010309,1.693036072164948,1.9280627113402058,3302.422680412371,4441.505154639175,12445.98969072165,1607.041237113402
2014/4/29 0:00,545489.5567010309,1.693036072164948,1.9280627113402058,3302.422680412371,4441.505154639175,12445.98969072165,1607.041237113402
2014/5/6 0:00,545489.5567010309,1.693036072164948,1.9280627113402058,3302.422680412371,4441.505154639175,12445.98969072165,1607.041237113402
2014/5/13 0:00,545489.5567010309,1.693036072164948,1.9280627113402058,3302.422680412371,4441.505154639175,12445.98969072165,1607.041237113402
2014/5/20 0:00,545489.5567010309,1.693036072164948,1.9280627113402058,3302.422680412371,4441.505154639175,12445.98969072165,1607.041237113402
2014/5/27 0:00,545489.5567010309,1.693036072164948,1.9280627113402058,3302.422680412371,4441.505154639175,12445.98969072165,1607.041237113402
2014/6/3 0:00,545489.5567010309,1.693036072164948,2.33472,3302.422680412371,4441.505154639175,12445.98969072165,1607.041237113402
2014/6/10 0:00,545489.5567010309,2.35665,2.21286,3302.422680412371,4441.505154639175,12445.98969072165,1607.041237113402
2014/6/17 0:00,545489.5567010309,1.693036072164948,1.9280627113402058,3302.422680412371,4441.505154639175,12445.98969072165,1607.041237113402
2014/6/24 0:00,545489.5567010309,1.693036072164948,1.9280627113402058,3302.422680412371,6003.0,12445.98969072165,1607.041237113402
2014/7/1 0:00,545489.5567010309,1.693036072164948,1.9280627113402058,4174.0,4441.505154639175,12445.98969072165,1607.041237113402
2014/7/8 0:00,545489.5567010309,1.693036072164948,1.9280627113402058,3302.422680412371,4441.505154639175,12445.98969072165,1607.041237113402
2014/7/15 0:00,800974.0,1.693036072164948,1.9280627113402058,3302.422680412371,4441.505154639175,12445.98969072165,1607.041237113402
2014/7/22 0:00,545489.5567010309,1.693036072164948,1.9280627113402058,3302.422680412371,4441.505154639175,12445.98969072165,1607.041237113402
2014/7/29 0:00,545489.5567010309,1.693036072164948,1.9280627113402058,3302.422680412371,4441.505154639175,12445.98969072165,1607.041237113402
2014/8/5 0:00,545489.5567010309,1.693036072164948,1.9280627113402058,3302.422680412371,4441.505154639175,12445.98969072165,1607.041237113402
2014/8/12 0:00,545489.5567010309,1.693036072164948,1.9280627113402058,3302.422680412371,4441.505154639175,12445.98969072165,1688.0
2014/8/19 0:00,545489.5567010309,1.693036072164948,1.33093,3302.422680412371,4441.505154639175,12445.98969072165,1607.041237113402
2014/8/26 0:00,545489.5567010309,1.693036072164948,1.9280627113402058,3302.422680412371,4441.505154639175,12445.98969072165,1579.0
2014/9/2 0:00,545489.5567010309,1.693036072164948,1.9280627113402058,3302.422680412371,4441.505154639175,12445.98969072165,1607.041237113402
2014/9/9 0:00,611184.0,1.693036072164948,1.9280627113402058,3302.422680412371,4441.505154639175,12445.98969072165,1607.041237113402
2014/9/16 0:00,545489.5567010309,1.693036072164948,1.9280627113402058,3302.422680412371,4441.505154639175,12445.98969072165,1607.041237113402
2014/9/23 0:00,545489.5567010309,1.693036072164948,1.9280627113402058,3302.422680412371,4441.505154639175,12445.98969072165,1607.041237113402
2014/9/30 0:00,545489.5567010309,1.693036072164948,1.9280627113402058,3302.422680412371,4441.505154639175,5232.0,1417.0
2014/10/7 0:00,545489.5567010309,0.864118,1.9280627113402058,3302.422680412371,4441.505154639175,12445.98969072165,1607.041237113402
2014/10/14 0:00,545489.5567010309,1.693036072164948,1.9280627113402058,3302.422680412371,4441.505154639175,12445.98969072165,1607.041237113402
2014/10/21 0:00,545489.5567010309,0.742747,1.9280627113402058,3302.422680412371,4441.505154639175,12445.98969072165,1401.0
2014/10/28 0:00,545489.5567010309,1.693036072164948,1.9280627113402058,3302.422680412371,4441.505154639175,12445.98969072165,1607.041237113402
2014/11/4 0:00,545489.5567010309,1.693036072164948,1.9280627113402058,3302.422680412371,4441.505154639175,12445.98969072165,1607.041237113402
2014/11/11 0:00,579668.0,0.805251,1.9280627113402058,3302.422680412371,4441.505154639175,12445.98969072165,1607.041237113402
2014/11/18 0:00,545489.5567010309,1.693036072164948,1.9280627113402058,3302.422680412371,4441.505154639175,5173.0,1607.041237113402
2014/11/25 0:00,545489.5567010309,1.693036072164948,1.9280627113402058,3302.422680412371,2033.0,12445.98969072165,1607.041237113402
2014/12/2 0:00,545489.5567010309,1.693036072164948,1.9280627113402058,3302.422680412371,4441.505154639175,12445.98969072165,1607.041237113402
2014/12/9 0:00,583853.0,1.693036072164948,1.9280627113402058,1714.0,4441.505154639175,5970.0,1607.041237113402
2014/12/16 0:00,545489.5567010309,1.693036072164948,1.9280627113402058,3302.422680412371,4441.505154639175,12445.98969072165,1607.041237113402
2014/12/23 0:00,545489.5567010309,1.693036072164948,1.9280627113402058,3302.422680412371,2947.0,12445.98969072165,1607.041237113402
2014/12/30 0:00,545489.5567010309,1.693036072164948,1.9280627113402058,3302.422680412371,4441.505154639175,7626.0,1607.041237113402
2015/1/6 0:00,545489.5567010309,1.693036072164948,1.9280627113402058,3302.422680412371,4441.505154639175,12445.98969072165,1607.041237113402
2015/1/13 0:00,545489.5567010309,1.693036072164948,1.9280627113402058,3302.422680412371,4441.505154639175,12445.98969072165,1607.041237113402
2015/1/20 0:00,545489.5567010309,1.693036072164948,1.9280627113402058,3302.422680412371,4441.505154639175,12445.98969072165,1607.041237113402
2015/1/27 0:00,545489.5567010309,1.693036072164948,1.9280627113402058,3302.422680412371,4441.505154639175,11164.0,1607.041237113402
2015/2/3 0:00,545489.5567010309,1.693036072164948,1.9280627113402058,3302.422680412371,4441.505154639175,12445.98969072165,1607.041237113402
2015/2/10 0:00,545489.5567010309,1.50165,1.9280627113402058,3302.422680412371,4441.505154639175,12445.98969072165,2028.0
2015/2/17 0:00,545489.5567010309,1.693036072164948,1.9280627113402058,3302.422680412371,4441.505154639175,12445.98969072165,1607.041237113402
2015/2/24 0:00,545489.5567010309,1.693036072164948,1.9280627113402058,3302.422680412371,4073.0,12158.0,1607.041237113402
2015/3/3 0:00,545489.5567010309,1.693036072164948,1.9280627113402058,3302.422680412371,4441.505154639175,12445.98969072165,1607.041237113402
2015/3/10 0:00,545489.5567010309,1.693036072164948,1.9280627113402058,3302.422680412371,4441.505154639175,12445.98969072165,1607.041237113402
2015/3/17 0:00,545489.5567010309,1.693036072164948,1.9280627113402058,3302.422680412371,4441.505154639175,12445.98969072165,1607.041237113402
2015/3/24 0:00,545489.5567010309,1.693036072164948,1.9280627113402058,3302.422680412371,4441.505154639175,12445.98969072165,1978.0
2015/3/31 0:00,650356.0,2.40991,1.9280627113402058,5700.0,4441.505154639175,12445.98969072165,1949.0
2015/4/7 0:00,787192.0,1.693036072164948,1.98859,3302.422680412371,4494.0,12445.98969072165,1607.041237113402
2015/4/14 0:00,545489.5567010309,1.693036072164948,1.98985,3302.422680412371,4441.505154639175,12445.98969072165,1607.041237113402
2015/4/21 0:00,545489.5567010309,1.693036072164948,1.9280627113402058,3302.422680412371,4441.505154639175,12445.98969072165,2008.0
2015/4/28 0:00,545489.5567010309,2.25112,1.9280627113402058,3302.422680412371,4441.505154639175,12445.98969072165,1607.041237113402
2015/5/5 0:00,545489.5567010309,1.693036072164948,1.9280627113402058,3302.422680412371,4441.505154639175,12445.98969072165,1607.041237113402
2015/5/12 0:00,545489.5567010309,1.693036072164948,1.9280627113402058,3302.422680412371,4441.505154639175,12445.98969072165,1607.041237113402
2015/5/19 0:00,816098.0,1.693036072164948,1.9280627113402058,3302.422680412371,4441.505154639175,12445.98969072165,1993.0
2015/5/26 0:00,545489.5567010309,3.15183,1.9280627113402058,3302.422680412371,4441.505154639175,12445.98969072165,1607.041237113402
2015/6/2 0:00,545489.5567010309,1.693036072164948,1.9280627113402058,3302.422680412371,4441.505154639175,12445.98969072165,1607.041237113402
2015/6/9 0:00,545489.5567010309,1.693036072164948,3.5918,3302.422680412371,4441.505154639175,12445.98969072165,1607.041237113402
2015/6/16 0:00,545489.5567010309,1.693036072164948,1.9280627113402058,3302.422680412371,4441.505154639175,12445.98969072165,1607.041237113402
2015/6/23 0:00,545489.5567010309,1.693036072164948,1.9280627113402058,3302.422680412371,4441.505154639175,12445.98969072165,1607.041237113402
2015/6/30 0:00,545489.5567010309,1.693036072164948,1.9280627113402058,3302.422680412371,4441.505154639175,19603.0,1607.041237113402
2015/7/7 0:00,545489.5567010309,1.693036072164948,1.9280627113402058,3302.422680412371,4441.505154639175,12445.98969072165,1607.041237113402
2015/7/14 0:00,545489.5567010309,1.693036072164948,1.9280627113402058,3302.422680412371,4441.505154639175,12445.98969072165,1607.041237113402
2015/7/21 0:00,545489.5567010309,1.693036072164948,1.98957,3302.422680412371,4441.505154639175,12445.98969072165,1607.041237113402
2015/7/28 0:00,545489.5567010309,1.693036072164948,1.9280627113402058,3302.422680412371,4441.505154639175,12445.98969072165,1607.041237113402
2015/8/4 0:00,545489.5567010309,1.693036072164948,1.9280627113402058,3302.422680412371,4441.505154639175,12445.98969072165,1742.0
2015/8/11 0:00,545489.5567010309,1.693036072164948,1.9280627113402058,3302.422680412371,4441.505154639175,12445.98969072165,1607.041237113402
2015/8/18 0:00,545489.5567010309,1.693036072164948,1.9280627113402058,3302.422680412371,4441.505154639175,12445.98969072165,1607.041237113402
2015/8/25 0:00,545489.5567010309,1.693036072164948,1.9280627113402058,2612.0,4441.505154639175,12445.98969072165,1439.0
2015/9/1 0:00,545489.5567010309,1.693036072164948,1.9280627113402058,3302.422680412371,4441.505154639175,12445.98969072165,1607.041237113402
2015/9/8 0:00,545489.5567010309,1.693036072164948,1.9280627113402058,3302.422680412371,2313.0,12445.98969072165,1607.041237113402
2015/9/15 0:00,545489.5567010309,1.693036072164948,1.9280627113402058,3302.422680412371,4441.505154639175,6768.0,1607.041237113402
2015/9/22 0:00,545489.5567010309,1.693036072164948,1.9280627113402058,3302.422680412371,4441.505154639175,12445.98969072165,1607.041237113402
2015/9/29 0:00,545489.5567010309,1.693036072164948,1.9280627113402058,3302.422680412371,4441.505154639175,5686.0,1607.041237113402
2015/10/6 0:00,545489.5567010309,1.693036072164948,1.9280627113402058,3302.422680412371,4441.505154639175,12445.98969072165,1607.041237113402
2015/10/13 0:00,545489.5567010309,1.693036072164948,0.843118,3302.422680412371,4441.505154639175,12445.98969072165,1607.041237113402
2015/10/20 0:00,545489.5567010309,1.693036072164948,1.9280627113402058,3302.422680412371,4441.505154639175,12445.98969072165,1607.041237113402
2015/10/27 0:00,545489.5567010309,1.693036072164948,1.9280627113402058,3302.422680412371,4441.505154639175,12445.98969072165,1607.041237113402
2015/11/3 0:00,545489.5567010309,0.663501,1.9280627113402058,3302.422680412371,4441.505154639175,4596.0,1607.041237113402
2015/11/10 0:00,585923.0,1.693036072164948,0.830826,3302.422680412371,4441.505154639175,12445.98969072165,1329.0
2015/11/17 0:00,545489.5567010309,0.710029,1.9280627113402058,3302.422680412371,4441.505154639175,12445.98969072165,1607.041237113402
2015/11/24 0:00,545489.5567010309,1.693036072164948,1.9280627113402058,3302.422680412371,2364.0,12445.98969072165,1356.0
2015/12/1 0:00,545489.5567010309,1.693036072164948,1.9280627113402058,3302.422680412371,4441.505154639175,12445.98969072165,1607.041237113402
2015/12/8 0:00,545489.5567010309,1.693036072164948,1.9280627113402058,3302.422680412371,4441.505154639175,12445.98969072165,1607.041237113402
2015/12/15 0:00,545489.5567010309,1.693036072164948,1.9280627113402058,3302.422680412371,4441.505154639175,12445.98969072165,1607.041237113402
2015/12/22 0:00,545489.5567010309,1.10163,1.9280627113402058,3302.422680412371,4441.505154639175,12445.98969072165,1607.041237113402
2015/12/29 0:00,545489.5567010309,1.693036072164948,1.9280627113402058,3302.422680412371,4441.505154639175,12445.98969072165,1607.041237113402
2016/1/5 0:00,545489.5567010309,1.693036072164948,1.9280627113402058,3302.422680412371,4441.505154639175,12445.98969072165,1607.041237113402
2016/1/12 0:00,545489.5567010309,1.693036072164948,1.9280627113402058,3207.0,4078.0,12445.98969072165,1607.041237113402
2016/1/19 0:00,545489.5567010309,1.693036072164948,1.9280627113402058,3302.422680412371,4441.505154639175,12445.98969072165,1607.041237113402
2016/1/26 0:00,545489.5567010309,1.693036072164948,1.9280627113402058,3302.422680412371,4441.505154639175,12445.98969072165,1607.041237113402
2016/2/2 0:00,545489.5567010309,1.693036072164948,1.9280627113402058,3302.422680412371,4441.505154639175,12445.98969072165,1999.0
2016/2/9 0:00,545489.5567010309,1.693036072164948,1.9280627113402058,3302.422680412371,4441.505154639175,12445.98969072165,1607.041237113402
2016/2/16 0:00,545489.5567010309,1.693036072164948,1.9280627113402058,3302.422680412371,4441.505154639175,12445.98969072165,1607.041237113402
2016/2/23 0:00,545489.5567010309,1.693036072164948,1.9280627113402058,3302.422680412371,4441.505154639175,12445.98969072165,1607.041237113402
2016/3/1 0:00,545489.5567010309,1.693036072164948,1.9280627113402058,5209.0,4441.505154639175,12445.98969072165,1607.041237113402
2016/3/8 0:00,545489.5567010309,1.693036072164948,1.9280627113402058,3302.422680412371,4441.505154639175,12445.98969072165,1607.041237113402
2016/3/15 0:00,545489.5567010309,1.693036072164948,1.9280627113402058,5744.0,4441.505154639175,12445.98969072165,1607.041237113402
2016/3/22 0:00,545489.5567010309,1.693036072164948,1.9280627113402058,3302.422680412371,4441.505154639175,12445.98969072165,1607.041237113402
2016/3/29 0:00,545489.5567010309,3.36832,1.9280627113402058,3302.422680412371,4441.505154639175,24900.0,1607.041237113402
2016/4/5 0:00,545489.5567010309,1.693036072164948,1.9280627113402058,3302.422680412371,4441.505154639175,12445.98969072165,1607.041237113402
2016/4/12 0:00,545489.5567010309,1.693036072164948,1.9280627113402058,3302.422680412371,4441.505154639175,12445.98969072165,1607.041237113402
2016/4/19 0:00,845391.0,1.693036072164948,1.9280627113402058,3302.422680412371,4441.505154639175,12445.98969072165,1607.041237113402
2016/4/26 0:00,545489.5567010309,3.8027,1.9280627113402058,3302.422680412371,4441.505154639175,12445.98969072165,1607.041237113402
2016/5/3 0:00,545489.5567010309,1.693036072164948,1.9280627113402058,3302.422680412371,4441.505154639175,12445.98969072165,1607.041237113402
2016/5/10 0:00,545489.5567010309,5.06308,1.9280627113402058,3302.422680412371,4441.505154639175,12445.98969072165,1607.041237113402
2016/5/17 0:00,545489.5567010309,1.693036072164948,4.65163,3302.422680412371,4441.505154639175,12445.98969072165,1607.041237113402
2016/5/24 0:00,545489.5567010309,1.693036072164948,1.9280627113402058,3302.422680412371,4441.505154639175,12445.98969072165,1607.041237113402
2016/5/31 0:00,545489.5567010309,1.693036072164948,1.9280627113402058,3302.422680412371,4441.505154639175,30183.0,1995.0
2016/6/7 0:00,545489.5567010309,1.693036072164948,1.9280627113402058,3302.422680412371,4441.505154639175,12445.98969072165,1607.041237113402
2016/6/14 0:00,545489.5567010309,3.21511,3.16426,3302.422680412371,4441.505154639175,25484.0,1607.041237113402
2016/6/21 0:00,545489.5567010309,1.693036072164948,3.14433,3302.422680412371,11503.0,12445.98969072165,1607.041237113402
2016/6/28 0:00,545489.5567010309,1.693036072164948,1.9280627113402058,5145.0,4441.505154639175,12445.98969072165,1607.041237113402
2016/7/5 0:00,545489.5567010309,1.693036072164948,1.9280627113402058,3302.422680412371,4441.505154639175,12445.98969072165,1607.041237113402
2016/7/12 0:00,545489.5567010309,1.693036072164948,1.9280627113402058,3302.422680412371,4441.505154639175,15548.0,1607.041237113402
2016/7/19 0:00,545489.5567010309,1.693036072164948,1.9280627113402058,3302.422680412371,4441.505154639175,12445.98969072165,1607.041237113402
2016/7/26 0:00,545489.5567010309,1.693036072164948,1.9280627113402058,3302.422680412371,4441.505154639175,12445.98969072165,1607.041237113402
2016/8/2 0:00,781240.0,1.693036072164948,1.9280627113402058,3302.422680412371,4441.505154639175,12445.98969072165,1607.041237113402
2016/8/9 0:00,545489.5567010309,1.693036072164948,1.9280627113402058,3302.422680412371,4441.505154639175,12445.98969072165,1607.041237113402
2016/8/16 0:00,545489.5567010309,1.693036072164948,1.9280627113402058,3302.422680412371,4441.505154639175,12445.98969072165,1607.041237113402
2016/8/23 0:00,545489.5567010309,1.693036072164948,1.9280627113402058,3302.422680412371,4441.505154639175,12445.98969072165,1607.041237113402
2016/8/30 0:00,545489.5567010309,1.693036072164948,1.9280627113402058,3302.422680412371,4441.505154639175,12445.98969072165,1607.041237113402
2016/9/6 0:00,545489.5567010309,1.693036072164948,1.9280627113402058,3302.422680412371,4441.505154639175,12445.98969072165,1607.041237113402
2016/9/13 0:00,545489.5567010309,1.693036072164948,1.9280627113402058,3302.422680412371,4441.505154639175,12445.98969072165,1607.041237113402
2016/9/20 0:00,545489.5567010309,1.693036072164948,1.9280627113402058,3302.422680412371,4441.505154639175,12445.98969072165,1607.041237113402
2016/9/27 0:00,545489.5567010309,1.693036072164948,0.961603,3302.422680412371,4441.505154639175,5596.0,1607.041237113402
2016/10/4 0:00,545489.5567010309,0.818998,1.9280627113402058,3302.422680412371,4441.505154639175,12445.98969072165,1607.041237113402
2016/10/11 0:00,545489.5567010309,1.693036072164948,0.827597,3302.422680412371,1578.0,12445.98969072165,1405.0
2016/10/18 0:00,545489.5567010309,1.693036072164948,1.9280627113402058,3302.422680412371,4441.505154639175,12445.98969072165,1607.041237113402
2016/10/25 0:00,545489.5567010309,1.693036072164948,1.9280627113402058,3302.422680412371,4441.505154639175,12445.98969072165,1607.041237113402
2016/11/1 0:00,545489.5567010309,1.693036072164948,1.9280627113402058,3302.422680412371,4441.505154639175,12445.98969072165,1607.041237113402
2016/11/8 0:00,545489.5567010309,1.693036072164948,1.9280627113402058,3302.422680412371,4441.505154639175,4915.0,1607.041237113402
2016/11/15 0:00,545489.5567010309,1.693036072164948,1.9280627113402058,3302.422680412371,4441.505154639175,5230.0,1607.041237113402
2016/11/22 0:00,545489.5567010309,1.693036072164948,1.9280627113402058,3302.422680412371,4441.505154639175,12445.98969072165,1607.041237113402
2016/11/29 0:00,545489.5567010309,1.693036072164948,1.9280627113402058,3302.422680412371,4441.505154639175,12445.98969072165,1607.041237113402
2016/12/6 0:00,545489.5567010309,1.693036072164948,1.9280627113402058,2073.0,4441.505154639175,12445.98969072165,1607.041237113402
2016/12/13 0:00,545489.5567010309,1.693036072164948,1.9280627113402058,3302.422680412371,4441.505154639175,8304.0,1607.041237113402
2016/12/20 0:00,545489.5567010309,1.693036072164948,1.9280627113402058,3302.422680412371,4441.505154639175,8563.0,1484.0
2016/12/27 0:00,545489.5567010309,1.693036072164948,1.9280627113402058,3302.422680412371,4441.505154639175,12445.98969072165,1607.041237113402
2017/1/3 0:00,545489.5567010309,1.693036072164948,1.9280627113402058,3302.422680412371,4441.505154639175,12445.98969072165,1607.041237113402
2017/1/10 0:00,545489.5567010309,1.693036072164948,1.9280627113402058,3302.422680412371,4441.505154639175,12445.98969072165,1607.041237113402
2017/1/17 0:00,545489.5567010309,1.693036072164948,1.9280627113402058,3302.422680412371,4441.505154639175,12445.98969072165,1607.041237113402
2017/1/24 0:00,545489.5567010309,1.693036072164948,1.9280627113402058,3302.422680412371,4441.505154639175,12445.98969072165,1607.041237113402
2017/1/31 0:00,545489.5567010309,1.693036072164948,1.9280627113402058,3302.422680412371,6134.0,12445.98969072165,1607.041237113402
2017/2/7 0:00,545489.5567010309,1.693036072164948,1.9280627113402058,3302.422680412371,4441.505154639175,12445.98969072165,1607.041237113402
2017/2/14 0:00,545489.5567010309,1.693036072164948,1.9280627113402058,3302.422680412371,4441.505154639175,12445.98969072165,1607.041237113402
2017/2/21 0:00,545489.5567010309,1.693036072164948,1.9280627113402058,3302.422680412371,4441.505154639175,12445.98969072165,1607.041237113402
2017/2/28 0:00,545489.5567010309,1.693036072164948,1.9280627113402058,3302.422680412371,7474.0,12445.98969072165,2279.0
2017/3/7 0:00,545489.5567010309,1.693036072164948,1.9280627113402058,3302.422680412371,4441.505154639175,12445.98969072165,2272.0
2017/3/14 0:00,545489.5567010309,1.693036072164948,1.9280627113402058,3302.422680412371,4441.505154639175,12445.98969072165,1607.041237113402
2017/3/21 0:00,545489.5567010309,1.693036072164948,1.9280627113402058,3302.422680412371,14166.0,12445.98969072165,1607.041237113402
2017/3/28 0:00,545489.5567010309,5.70943,1.9280627113402058,3302.422680412371,4441.505154639175,12445.98969072165,1607.041237113402
2017/4/4 0:00,545489.5567010309,1.693036072164948,1.9280627113402058,9410.0,4441.505154639175,12445.98969072165,1607.041237113402
2017/4/11 0:00,545489.5567010309,1.693036072164948,1.9280627113402058,3302.422680412371,4441.505154639175,56761.0,1607.041237113402
2017/4/18 0:00,545489.5567010309,1.693036072164948,1.9280627113402058,3302.422680412371,4441.505154639175,12445.98969072165,1607.041237113402
2017/4/25 0:00,545489.5567010309,1.693036072164948,1.9280627113402058,3302.422680412371,4441.505154639175,12445.98969072165,1607.041237113402
2017/5/2 0:00,545489.5567010309,1.693036072164948,1.9280627113402058,3302.422680412371,4441.505154639175,12445.98969072165,1607.041237113402
2017/5/9 0:00,545489.5567010309,1.693036072164948,1.9280627113402058,3302.422680412371,4441.505154639175,12445.98969072165,1607.041237113402
2017/5/16 0:00,545489.5567010309,1.693036072164948,1.9280627113402058,3302.422680412371,4441.505154639175,12445.98969072165,2227.0
2017/5/23 0:00,545489.5567010309,1.693036072164948,1.9280627113402058,3302.422680412371,4441.505154639175,53025.0,1607.041237113402
2017/5/30 0:00,545489.5567010309,1.693036072164948,1.9280627113402058,3302.422680412371,4441.505154639175,12445.98969072165,1607.041237113402
2017/6/6 0:00,545489.5567010309,1.693036072164948,3.00518,3302.422680412371,4441.505154639175,12445.98969072165,1607.041237113402
2017/6/13 0:00,545489.5567010309,1.693036072164948,1.9280627113402058,3302.422680412371,4441.505154639175,25938.0,2201.0
2017/6/20 0:00,545489.5567010309,1.693036072164948,1.9280627113402058,5223.0,4441.505154639175,12445.98969072165,1607.041237113402
2017/6/27 0:00,875658.0,1.693036072164948,1.9280627113402058,4721.0,4441.505154639175,12445.98969072165,1607.041237113402
2017/7/4 0:00,545489.5567010309,1.693036072164948,1.9280627113402058,3302.422680412371,6218.0,12445.98969072165,1607.041237113402
2017/7/11 0:00,545489.5567010309,1.693036072164948,1.9280627113402058,3302.422680412371,4441.505154639175,12445.98969072165,1607.041237113402
2017/7/18 0:00,545489.5567010309,1.693036072164948,1.9280627113402058,3302.422680412371,4441.505154639175,12445.98969072165,2112.0
2017/7/25 0:00,545489.5567010309,1.693036072164948,1.9280627113402058,3302.422680412371,4441.505154639175,12445.98969072165,1607.041237113402
2017/8/1 0:00,545489.5567010309,1.693036072164948,1.9280627113402058,3302.422680412371,4441.505154639175,13291.0,2018.0
2017/8/8 0:00,545489.5567010309,1.693036072164948,1.9280627113402058,3302.422680412371,4441.505154639175,12445.98969072165,1607.041237113402
2017/8/15 0:00,545489.5567010309,1.693036072164948,1.9280627113402058,3302.422680412371,4441.505154639175,12445.98969072165,1607.041237113402
2017/8/22 0:00,545489.5567010309,1.693036072164948,1.23235,3302.422680412371,3429.0,12445.98969072165,1896.0
2017/8/29 0:00,785606.0,1.14131,1.9280627113402058,3302.422680412371,4441.505154639175,12445.98969072165,1607.041237113402
2017/9/5 0:00,545489.5567010309,1.693036072164948,1.0473,3302.422680412371,4441.505154639175,12445.98969072165,1607.041237113402
2017/9/12 0:00,545489.5567010309,1.693036072164948,1.9280627113402058,3302.422680412371,4441.505154639175,12445.98969072165,1607.041237113402
2017/9/19 0:00,545489.5567010309,1.693036072164948,1.9280627113402058,3302.422680412371,4441.505154639175,12445.98969072165,1607.041237113402
2017/9/26 0:00,545489.5567010309,1.693036072164948,1.9280627113402058,3302.422680412371,4441.505154639175,12445.98969072165,1607.041237113402
2017/10/3 0:00,760130.0,1.693036072164948,1.9280627113402058,3302.422680412371,1862.0,12445.98969072165,1607.041237113402
2017/10/10 0:00,545489.5567010309,1.693036072164948,1.9280627113402058,3302.422680412371,4441.505154639175,12445.98969072165,1607.041237113402
2017/10/17 0:00,545489.5567010309,1.693036072164948,1.9280627113402058,3302.422680412371,4441.505154639175,12445.98969072165,1607.041237113402
2017/10/24 0:00,545489.5567010309,1.693036072164948,1.9280627113402058,3302.422680412371,4441.505154639175,12445.98969072165,1607.041237113402
2017/10/31 0:00,545489.5567010309,1.693036072164948,1.9280627113402058,3302.422680412371,4441.505154639175,12445.98969072165,1607.041237113402
2017/11/7 0:00,545489.5567010309,0.705637,1.9280627113402058,3302.422680412371,4441.505154639175,12445.98969072165,1607.041237113402
2017/11/14 0:00,545489.5567010309,1.693036072164948,1.9280627113402058,3302.422680412371,4441.505154639175,12445.98969072165,1607.041237113402
2017/11/21 0:00,775731.0,0.822659,1.9280627113402058,2239.0,4441.505154639175,12445.98969072165,1607.041237113402
2017/11/28 0:00,545489.5567010309,0.859864,1.9280627113402058,3302.422680412371,4441.505154639175,12445.98969072165,1607.041237113402
2017/12/5 0:00,835027.0,1.693036072164948,1.9280627113402058,3302.422680412371,4441.505154639175,12445.98969072165,1607.041237113402
2017/12/12 0:00,545489.5567010309,1.693036072164948,1.9280627113402058,2773.0,4441.505154639175,12445.98969072165,1607.041237113402
2017/12/19 0:00,545489.5567010309,1.693036072164948,1.9280627113402058,3302.422680412371,4441.505154639175,12445.98969072165,1607.041237113402
2017/12/26 0:00,545489.5567010309,1.693036072164948,1.9280627113402058,3302.422680412371,4441.505154639175,12445.98969072165,1607.041237113402
2018/1/2 0:00,545489.5567010309,1.693036072164948,1.9280627113402058,3302.422680412371,4441.505154639175,12445.98969072165,1607.041237113402
2018/1/9 0:00,545489.5567010309,1.693036072164948,1.9280627113402058,3302.422680412371,4441.505154639175,12445.98969072165,1607.041237113402
2018/1/16 0:00,545489.5567010309,1.693036072164948,1.9280627113402058,5589.0,6802.0,12445.98969072165,1607.041237113402
2018/1/23 0:00,545489.5567010309,1.693036072164948,1.72208,3302.422680412371,4441.505154639175,12445.98969072165,1607.041237113402
2018/1/30 0:00,545489.5567010309,1.693036072164948,1.9280627113402058,3302.422680412371,4441.505154639175,12445.98969072165,1607.041237113402
2018/2/6 0:00,545489.5567010309,1.86871,1.9280627113402058,3302.422680412371,8451.0,12445.98969072165,1607.041237113402
2018/2/13 0:00,545489.5567010309,1.693036072164948,1.9280627113402058,3302.422680412371,4441.505154639175,24419.0,1607.041237113402
2018/2/20 0:00,1026187.0,1.693036072164948,1.9280627113402058,3302.422680412371,4441.505154639175,12445.98969072165,1607.041237113402
2018/2/27 0:00,545489.5567010309,1.693036072164948,1.9280627113402058,3302.422680412371,4441.505154639175,12445.98969072165,2666.0
2018/3/6 0:00,545489.5567010309,1.693036072164948,1.9280627113402058,8809.0,4441.505154639175,12445.98969072165,1607.041237113402
2018/3/13 0:00,545489.5567010309,1.693036072164948,2.73181,3302.422680412371,4441.505154639175,33113.0,1607.041237113402
2018/3/20 0:00,545489.5567010309,1.693036072164948,3.24012,3302.422680412371,4441.505154639175,12445.98969072165,1607.041237113402
2018/3/27 0:00,545489.5567010309,1.693036072164948,1.9280627113402058,3302.422680412371,4441.505154639175,12445.98969072165,1607.041237113402
2018/4/3 0:00,545489.5567010309,1.693036072164948,1.9280627113402058,3302.422680412371,4441.505154639175,12445.98969072165,1607.041237113402
2018/4/10 0:00,545489.5567010309,1.693036072164948,1.9280627113402058,3302.422680412371,10758.0,12445.98969072165,1607.041237113402
2018/4/17 0:00,545489.5567010309,3.3258,1.9280627113402058,3302.422680412371,4441.505154639175,12445.98969072165,1607.041237113402
2018/4/24 0:00,545489.5567010309,1.693036072164948,1.9280627113402058,3302.422680412371,4441.505154639175,12445.98969072165,1607.041237113402
2018/5/1 0:00,545489.5567010309,1.693036072164948,1.9280627113402058,3302.422680412371,4441.505154639175,12445.98969072165,1607.041237113402
2018/5/8 0:00,545489.5567010309,1.693036072164948,5.20091,3302.422680412371,29772.0,12445.98969072165,1607.041237113402
2018/5/15 0:00,545489.5567010309,1.693036072164948,1.9280627113402058,3302.422680412371,4441.505154639175,12445.98969072165,1607.041237113402
2018/5/22 0:00,1260932.0,1.693036072164948,1.9280627113402058,3302.422680412371,4441.505154639175,12445.98969072165,1607.041237113402
2018/5/29 0:00,545489.5567010309,1.693036072164948,1.9280627113402058,3302.422680412371,4441.505154639175,12445.98969072165,1607.041237113402
2018/6/5 0:00,545489.5567010309,1.693036072164948,1.9280627113402058,3302.422680412371,4441.505154639175,55431.0,1607.041237113402
2018/6/12 0:00,545489.5567010309,1.693036072164948,4.12777,3302.422680412371,4441.505154639175,12445.98969072165,2646.0
2018/6/19 0:00,545489.5567010309,1.693036072164948,1.9280627113402058,9721.0,4441.505154639175,12445.98969072165,1607.041237113402
2018/6/26 0:00,545489.5567010309,3.08559,1.9280627113402058,3302.422680412371,4441.505154639175,12445.98969072165,1607.041237113402
2018/7/3 0:00,545489.5567010309,1.693036072164948,1.9280627113402058,3302.422680412371,4441.505154639175,12445.98969072165,1607.041237113402
2018/7/10 0:00,545489.5567010309,1.693036072164948,1.9280627113402058,3302.422680412371,4441.505154639175,27854.0,1607.041237113402
2018/7/17 0:00,545489.5567010309,1.693036072164948,1.9280627113402058,3302.422680412371,4441.505154639175,12445.98969072165,1607.041237113402
2018/7/24 0:00,545489.5567010309,1.693036072164948,1.9280627113402058,3302.422680412371,4441.505154639175,20610.0,1607.041237113402
2018/7/31 0:00,545489.5567010309,1.693036072164948,1.9280627113402058,3302.422680412371,4441.505154639175,18864.0,1607.041237113402
2018/8/7 0:00,545489.5567010309,1.693036072164948,1.9280627113402058,3302.422680412371,4441.505154639175,12445.98969072165,1607.041237113402
2018/8/14 0:00,545489.5567010309,1.693036072164948,1.9280627113402058,3302.422680412371,5530.0,12445.98969072165,1607.041237113402
2018/8/21 0:00,1123869.0,1.693036072164948,1.9280627113402058,3302.422680412371,4441.505154639175,15763.0,1607.041237113402
2018/8/28 0:00,545489.5567010309,1.693036072164948,1.9280627113402058,3302.422680412371,4441.505154639175,12445.98969072165,1607.041237113402
2018/9/4 0:00,545489.5567010309,1.693036072164948,1.9280627113402058,3302.422680412371,4441.505154639175,12445.98969072165,1607.041237113402
2018/9/11 0:00,545489.5567010309,1.693036072164948,1.9280627113402058,3302.422680412371,3741.0,12445.98969072165,1607.041237113402
2018/9/18 0:00,545489.5567010309,1.693036072164948,1.9280627113402058,3302.422680412371,4441.505154639175,12445.98969072165,1607.041237113402
2018/9/25 0:00,545489.5567010309,1.693036072164948,1.9280627113402058,3302.422680412371,4441.505154639175,12445.98969072165,1607.041237113402
2018/10/2 0:00,545489.5567010309,1.693036072164948,1.9280627113402058,3302.422680412371,4441.505154639175,12445.98969072165,2154.0
2018/10/9 0:00,1060841.0,1.693036072164948,1.9280627113402058,2346.0,4441.505154639175,12445.98969072165,1607.041237113402
2018/10/16 0:00,545489.5567010309,1.693036072164948,1.9280627113402058,3302.422680412371,4441.505154639175,8116.0,2154.0
2018/10/23 0:00,545489.5567010309,1.693036072164948,0.748613,2138.0,2466.0,12445.98969072165,1607.041237113402
2018/10/30 0:00,545489.5567010309,1.693036072164948,1.9280627113402058,3302.422680412371,4441.505154639175,12445.98969072165,1607.041237113402
2018/11/6 0:00,545489.5567010309,1.693036072164948,1.9280627113402058,3302.422680412371,4441.505154639175,12445.98969072165,1607.041237113402
2018/11/13 0:00,545489.5567010309,0.729672,1.9280627113402058,3302.422680412371,4441.505154639175,12445.98969072165,1607.041237113402
2018/11/20 0:00,545489.5567010309,1.693036072164948,1.9280627113402058,3302.422680412371,4441.505154639175,12445.98969072165,1607.041237113402
2018/11/27 0:00,545489.5567010309,1.693036072164948,1.9280627113402058,3302.422680412371,4441.505154639175,12445.98969072165,1607.041237113402
2018/12/4 0:00,545489.5567010309,1.1354,1.9280627113402058,3302.422680412371,4441.505154639175,12445.98969072165,1607.041237113402
2018/12/11 0:00,1166071.0,1.693036072164948,1.9280627113402058,3302.422680412371,5502.0,12445.98969072165,1607.041237113402
2018/12/18 0:00,545489.5567010309,1.693036072164948,1.9280627113402058,3302.422680412371,4441.505154639175,12445.98969072165,1607.041237113402
2018/12/25 0:00,545489.5567010309,1.693036072164948,1.9280627113402058,3302.422680412371,4441.505154639175,12445.98969072165,1607.041237113402
2019/1/1 0:00,545489.5567010309,1.693036072164948,1.9280627113402058,6219.0,4441.505154639175,12445.98969072165,1607.041237113402
2019/1/8 0:00,545489.5567010309,1.693036072164948,1.9280627113402058,3302.422680412371,4441.505154639175,12445.98969072165,1607.041237113402
2019/1/15 0:00,545489.5567010309,1.72572,1.9280627113402058,3302.422680412371,4441.505154639175,12445.98969072165,1607.041237113402
2019/1/22 0:00,545489.5567010309,1.83419,1.9280627113402058,3302.422680412371,9349.0,12445.98969072165,2997.0
2019/1/29 0:00,545489.5567010309,1.693036072164948,1.9280627113402058,3302.422680412371,4441.505154639175,12445.98969072165,1607.041237113402
2019/2/5 0:00,545489.5567010309,1.693036072164948,1.9280627113402058,3302.422680412371,4441.505154639175,12445.98969072165,1607.041237113402
2019/2/12 0:00,545489.5567010309,1.693036072164948,1.9280627113402058,3302.422680412371,4441.505154639175,12445.98969072165,1607.041237113402
2019/2/19 0:00,545489.5567010309,1.693036072164948,1.9280627113402058,3302.422680412371,4441.505154639175,12445.98969072165,1607.041237113402
2019/2/26 0:00,545489.5567010309,1.693036072164948,1.9280627113402058,3302.422680412371,4441.505154639175,12445.98969072165,1607.041237113402
2019/3/5 0:00,545489.5567010309,1.693036072164948,1.9280627113402058,3302.422680412371,4441.505154639175,12445.98969072165,1607.041237113402
2019/3/12 0:00,545489.5567010309,1.693036072164948,1.9280627113402058,3302.422680412371,4441.505154639175,12445.98969072165,1607.041237113402
2019/3/19 0:00,545489.5567010309,1.693036072164948,1.9280627113402058,3302.422680412371,4441.505154639175,12445.98969072165,1607.041237113402
2019/3/26 0:00,545489.5567010309,1.693036072164948,1.9280627113402058,3302.422680412371,4441.505154639175,12445.98969072165,1607.041237113402
2019/4/2 0:00,545489.5567010309,1.693036072164948,1.9280627113402058,3302.422680412371,4441.505154639175,12445.98969072165,1607.041237113402
2019/4/9 0:00,545489.5567010309,1.693036072164948,1.9280627113402058,3302.422680412371,4441.505154639175,12445.98969072165,1607.041237113402
2019/4/16 0:00,545489.5567010309,1.693036072164948,1.9280627113402058,3302.422680412371,4441.505154639175,12445.98969072165,2995.0
2019/4/23 0:00,545489.5567010309,1.693036072164948,1.9280627113402058,3302.422680412371,4441.505154639175,12445.98969072165,1607.041237113402
2019/4/30 0:00,545489.5567010309,1.693036072164948,1.9280627113402058,3302.422680412371,4441.505154639175,12445.98969072165,1607.041237113402
2019/5/7 0:00,545489.5567010309,1.693036072164948,7.08558,20270.0,4441.505154639175,12445.98969072165,1607.041237113402
2019/5/14 0:00,545489.5567010309,6.11292,1.9280627113402058,3302.422680412371,4441.505154639175,12445.98969072165,1607.041237113402
2019/5/21 0:00,545489.5567010309,1.693036072164948,1.9280627113402058,3302.422680412371,4441.505154639175,12445.98969072165,2984.0
2019/5/28 0:00,545489.5567010309,1.693036072164948,1.9280627113402058,3302.422680412371,4441.505154639175,12445.98969072165,1607.041237113402
2019/6/4 0:00,545489.5567010309,1.693036072164948,1.9280627113402058,3302.422680412371,4441.505154639175,12445.98969072165,1607.041237113402
2019/6/11 0:00,545489.5567010309,1.693036072164948,1.9280627113402058,3302.422680412371,4441.505154639175,12445.98969072165,1607.041237113402
2019/6/18 0:00,545489.5567010309,1.693036072164948,1.9280627113402058,3302.422680412371,4441.505154639175,12445.98969072165,2810.0
2019/6/25 0:00,853431.0,1.693036072164948,1.9280627113402058,3302.422680412371,4441.505154639175,12445.98969072165,1607.041237113402
2019/7/2 0:00,545489.5567010309,1.693036072164948,4.82995,2359.0,4441.505154639175,12445.98969072165,1607.041237113402
2019/7/9 0:00,545489.5567010309,1.693036072164948,1.9280627113402058,3302.422680412371,4441.505154639175,12445.98969072165,1607.041237113402
2019/7/16 0:00,545489.5567010309,2.12907,1.9280627113402058,3302.422680412371,4441.505154639175,12445.98969072165,1607.041237113402
2019/7/23 0:00,545489.5567010309,1.693036072164948,1.9280627113402058,3302.422680412371,4441.505154639175,12445.98969072165,1607.041237113402
2019/7/30 0:00,545489.5567010309,1.693036072164948,1.9280627113402058,3302.422680412371,2098.0,12821.0,1607.041237113402
2019/8/6 0:00,545489.5567010309,1.693036072164948,1.9280627113402058,3302.422680412371,4441.505154639175,12445.98969072165,1607.041237113402
2019/8/13 0:00,545489.5567010309,1.693036072164948,1.9280627113402058,3302.422680412371,4441.505154639175,10480.0,1607.041237113402
2019/8/20 0:00,545489.5567010309,1.693036072164948,1.9280627113402058,3302.422680412371,4441.505154639175,12445.98969072165,1607.041237113402
2019/8/27 0:00,545489.5567010309,0.889878,1.9280627113402058,805.0,1893.0,9605.0,2946.0
2019/9/3 0:00,545489.5567010309,1.693036072164948,1.9280627113402058,3302.422680412371,4441.505154639175,12445.98969072165,1607.041237113402
2019/9/10 0:00,545489.5567010309,1.693036072164948,1.9280627113402058,3302.422680412371,4441.505154639175,12445.98969072165,1607.041237113402
2019/9/17 0:00,545489.5567010309,0.929189,1.9280627113402058,1005.0,4441.505154639175,12445.98969072165,1607.041237113402
2019/9/24 0:00,545489.5567010309,1.693036072164948,1.9280627113402058,3302.422680412371,4441.505154639175,12445.98969072165,1607.041237113402
2019/10/1 0:00,545489.5567010309,1.693036072164948,1.9280627113402058,3302.422680412371,3965.0,12445.98969072165,1607.041237113402
2019/10/8 0:00,545489.5567010309,1.693036072164948,1.9280627113402058,1544.0,4441.505154639175,12445.98969072165,1607.041237113402
2019/10/15 0:00,545489.5567010309,1.693036072164948,1.9280627113402058,3302.422680412371,4441.505154639175,12445.98969072165,1607.041237113402
2019/10/22 0:00,545489.5567010309,1.693036072164948,1.9280627113402058,3302.422680412371,3554.0,12445.98969072165,1607.041237113402
2019/10/29 0:00,545489.5567010309,1.693036072164948,1.1519,3302.422680412371,4441.505154639175,12445.98969072165,1607.041237113402
2019/11/5 0:00,545489.5567010309,1.693036072164948,1.05776,3302.422680412371,3268.0,12445.98969072165,1607.041237113402
2019/11/12 0:00,545489.5567010309,1.693036072164948,1.9280627113402058,3302.422680412371,4441.505154639175,12445.98969072165,1607.041237113402
2019/11/19 0:00,545489.5567010309,1.693036072164948,1.9280627113402058,3302.422680412371,4441.505154639175,12445.98969072165,1607.041237113402
2019/11/26 0:00,545489.5567010309,1.693036072164948,1.9280627113402058,3302.422680412371,4441.505154639175,12445.98969072165,1607.041237113402
2019/12/3 0:00,545489.5567010309,1.693036072164948,1.9280627113402058,3302.422680412371,4441.505154639175,12445.98969072165,1607.041237113402
2019/12/10 0:00,545489.5567010309,1.693036072164948,1.9280627113402058,3302.422680412371,4441.505154639175,12445.98969072165,1607.041237113402
2019/12/17 0:00,545489.5567010309,1.693036072164948,1.9280627113402058,3302.422680412371,4441.505154639175,12445.98969072165,1607.041237113402
2019/12/24 0:00,545489.5567010309,1.693036072164948,1.9280627113402058,3302.422680412371,4441.505154639175,12445.98969072165,1607.041237113402
2019/12/31 0:00,545489.5567010309,1.693036072164948,1.9280627113402058,3302.422680412371,4441.505154639175,16493.0,1607.041237113402
2020/1/7 0:00,545489.5567010309,1.693036072164948,1.9280627113402058,3302.422680412371,4441.505154639175,12445.98969072165,1607.041237113402
2020/1/14 0:00,545489.5567010309,1.693036072164948,1.9280627113402058,3302.422680412371,4611.0,17233.0,1607.041237113402
2020/1/21 0:00,545489.5567010309,1.693036072164948,1.9280627113402058,3302.422680412371,4441.505154639175,12445.98969072165,1607.041237113402
2020/1/28 0:00,1563623.0,1.693036072164948,1.9280627113402058,3302.422680412371,4441.505154639175,12445.98969072165,1607.041237113402
2020/2/4 0:00,545489.5567010309,1.693036072164948,1.9280627113402058,3302.422680412371,4441.505154639175,12445.98969072165,1607.041237113402
2020/2/11 0:00,545489.5567010309,1.693036072164948,1.9280627113402058,3302.422680412371,4441.505154639175,12445.98969072165,1607.041237113402
2020/2/18 0:00,545489.5567010309,1.55053,1.9280627113402058,3302.422680412371,4441.505154639175,12445.98969072165,3362.0
2020/2/25 0:00,545489.5567010309,1.693036072164948,1.9280627113402058,2483.0,4441.505154639175,12445.98969072165,1607.041237113402
2020/3/3 0:00,545489.5567010309,1.693036072164948,1.44898,3302.422680412371,4441.505154639175,12445.98969072165,1607.041237113402
2020/3/10 0:00,545489.5567010309,1.693036072164948,1.9280627113402058,3302.422680412371,4441.505154639175,12445.98969072165,1607.041237113402
2020/3/17 0:00,545489.5567010309,1.693036072164948,1.9280627113402058,2482.0,4278.0,12445.98969072165,1607.041237113402
2020/3/24 0:00,545489.5567010309,1.693036072164948,1.9280627113402058,2323.0,4441.505154639175,12445.98969072165,1607.041237113402
2020/3/31 0:00,1457151.0,1.693036072164948,1.9280627113402058,3302.422680412371,4441.505154639175,12445.98969072165,1607.041237113402
2020/4/7 0:00,545489.5567010309,1.693036072164948,1.9280627113402058,3302.422680412371,4441.505154639175,12445.98969072165,1607.041237113402
2020/4/14 0:00,1517183.0,1.693036072164948,1.9280627113402058,3302.422680412371,4441.505154639175,12445.98969072165,1607.041237113402
2020/4/21 0:00,545489.5567010309,1.693036072164948,1.9280627113402058,3302.422680412371,4441.505154639175,12445.98969072165,1607.041237113402
2020/4/28 0:00,545489.5567010309,1.693036072164948,1.9280627113402058,3302.422680412371,4441.505154639175,12445.98969072165,1607.041237113402
2020/5/5 0:00,545489.5567010309,1.693036072164948,1.9280627113402058,3302.422680412371,4441.505154639175,12445.98969072165,1607.041237113402
2020/5/12 0:00,545489.5567010309,1.693036072164948,1.9280627113402058,2554.0,4441.505154639175,12445.98969072165,3260.0
2020/5/19 0:00,1381381.0,1.693036072164948,1.9280627113402058,2317.0,4441.505154639175,12445.98969072165,1607.041237113402
2020/5/26 0:00,545489.5567010309,1.693036072164948,1.9280627113402058,3302.422680412371,4441.505154639175,12445.98969072165,1607.041237113402
2020/6/2 0:00,545489.5567010309,1.693036072164948,1.9280627113402058,3302.422680412371,4441.505154639175,12445.98969072165,1607.041237113402
2020/6/9 0:00,545489.5567010309,1.693036072164948,1.9280627113402058,3302.422680412371,4441.505154639175,12445.98969072165,1607.041237113402
2020/6/16 0:00,545489.5567010309,1.693036072164948,1.9280627113402058,3302.422680412371,3796.0,12445.98969072165,3177.0
2020/6/23 0:00,545489.5567010309,1.693036072164948,1.9280627113402058,3302.422680412371,4441.505154639175,12445.98969072165,1607.041237113402
2020/6/30 0:00,545489.5567010309,1.693036072164948,1.9280627113402058,3302.422680412371,4441.505154639175,12445.98969072165,1607.041237113402
