date,OT,WEIGHTED_ILI,UNWEIGHTED_ILI,AGE_0_TO_4,AGE_5_TO_24,ILITOTAL,NUM_OF_PROVIDERS
2002/1/1 0:00,521734.3916883638,0.043728357624388536,1.0753523274433974,582.0,3484.4565228517445,11655.75770641741,1513.8215103186476
2002/1/8 0:00,577731.2690726698,1.33344,1.8752176291709475,3265.984528041585,4293.216089316745,12539.810668874565,1608.0384228333603
2002/1/15 0:00,577735.0603461347,1.7695395703227064,1.8754839316025027,3263.2828568249165,4293.180621153157,12539.831843835125,1608.0936913847324
2002/1/22 0:00,577718.831616231,1.49484,1.25246,3265.0489244220075,4293.206270399771,12539.862510990983,1607.835925684639
2002/1/29 0:00,577735.0603461347,1.7695395703227064,1.8754839316025027,3263.2828568249165,4293.180621153157,12539.831843835125,1608.0936913847324
2002/2/5 0:00,577733.399909056,1.58094,1.8751796313372324,3264.451882360641,4293.195969841535,12539.822527985643,1608.0694873099171
2002/2/12 0:00,577735.0603461347,1.7695395703227064,1.8754839316025027,3263.2828568249165,4293.180621153157,12539.831843835125,1608.0936913847324
2002/2/19 0:00,577722.894561669,1.7695659965798427,1.32563,3263.3371211851063,4293.183536275247,12539.87071553874,1607.897687429511
2002/2/26 0:00,577735.0603461347,1.7695395703227064,1.8754839316025027,3263.2828568249165,4293.180621153157,12539.831843835125,1608.0936913847324
2002/3/5 0:00,577735.0603461347,1.7695395703227064,1.8754839316025027,3263.2828568249165,4293.180621153157,12539.831843835125,1608.0936913847324
2002/3/12 0:00,346234.42240904446,1.59896,1.4198618039181383,1385.0718762596796,1179.0,13405.449866271321,1553.7154020299777
2002/3/19 0:00,216179.0,0.9186863841418358,1.16736107806355,337.7009395982438,-313.9947139393596,12627.052202840752,1511.1597959815072
2002/3/26 0:00,144287.0,0.7493314967940137,1.0265530000851868,-246.43563479334534,-1230.4131666636754,12644.401061109906,1491.878539870565
2002/4/2 0:00,577735.0603461347,1.7695395703227064,1.8754839316025027,3263.2828568249165,4293.180621153157,12539.831843835125,1608.0936913847324
2002/4/9 0:00,577734.7366967959,1.73621,1.8751557932482683,3263.490371674243,4293.183347817632,12539.829967840895,1608.0889757191103
2002/4/16 0:00,533509.6906316696,0.4126632013126823,1.2462145121899084,1154.0,3654.8355874654153,11845.057221955263,1533.9430116908634
2002/4/23 0:00,577735.0603461347,1.7695395703227064,1.8754839316025027,3263.2828568249165,4293.180621153157,12539.831843835125,1608.0936913847324
2002/4/30 0:00,577735.0603461347,1.7695395703227064,1.8754839316025027,3263.2828568249165,4293.180621153157,12539.831843835125,1608.0936913847324
2002/5/7 0:00,577764.692998374,1.7694741309865663,3.16662,3263.107351491089,4293.173905092257,12539.738946734606,1608.5707648579048
2002/5/14 0:00,253656.0,1.0061677146845796,3.0155,644.3697634071924,163.72100856935367,12617.922845458726,1521.4286429216916
2002/5/21 0:00,491261.80741827365,0.8831464317041195,1.4369212961464655,1694.0,3689.0,9568.840722550949,1527.7843077920259
2002/5/28 0:00,577735.0603461347,1.7695395703227064,1.8754839316025027,3263.2828568249165,4293.180621153157,12539.831843835125,1608.0936913847324
2002/6/4 0:00,228549.0,0.9474634207177246,1.94707,438.4071152739681,-156.3166916704867,12624.057591871186,1514.2885251481848
2002/6/11 0:00,577735.0603461347,1.7695395703227064,1.8754839316025027,3263.2828568249165,4293.180621153157,12539.831843835125,1608.0936913847324
2002/6/18 0:00,577727.2705934185,1.769556378834352,1.51837,3263.31306575252,4293.182527951349,12539.856920179014,1607.9681543758559
2002/6/25 0:00,522599.01154084445,0.07081797901497566,1.0878981522037066,624.0,3496.9668737499464,11669.65732119466,1515.2989632166054
2002/7/2 0:00,577735.0603461347,1.7695395703227064,1.8754839316025027,3263.2828568249165,4293.180621153157,12539.831843835125,1608.0936913847324
2002/7/9 0:00,577717.1151755436,1.7695786986510598,1.07108,3263.368890980486,4293.184867959629,12539.888934947376,1607.8046223615927
2002/7/16 0:00,577704.1179315423,0.910135,0.82612,3268.722959300665,4293.25603419672,12539.865008093235,1607.6066659715898
2002/7/23 0:00,577735.0603461347,1.7695395703227064,1.8754839316025027,3263.2828568249165,4293.180621153157,12539.831843835125,1608.0936913847324
2002/7/30 0:00,577735.0603461347,1.7695395703227064,1.8754839316025027,3263.2828568249165,4293.180621153157,12539.831843835125,1608.0936913847324
2002/8/6 0:00,577707.3130369775,1.7696002420248647,0.63935,3263.4227742009116,4293.187126565392,12539.919836009212,1607.6467791803834
2002/8/13 0:00,514858.6052424478,-0.1716986315245208,0.9755831496186147,248.0,3384.969446661241,11545.222674617333,1502.0722420348718
2002/8/20 0:00,471213.357943192,1.5308816045531444,0.7780981976320618,2423.847435643285,3135.453987766836,13733.28454635027,406.0
2002/8/27 0:00,577735.0603461347,1.7695395703227064,1.8754839316025027,3263.2828568249165,4293.180621153157,12539.831843835125,1608.0936913847324
2002/9/3 0:00,577735.0603461347,1.7695395703227064,1.8754839316025027,3263.2828568249165,4293.180621153157,12539.831843835125,1608.0936913847324
2002/9/10 0:00,577735.0603461347,1.7695395703227064,1.8754839316025027,3263.2828568249165,4293.180621153157,12539.831843835125,1608.0936913847324
2002/9/17 0:00,577735.0603461347,1.7695395703227064,1.8754839316025027,3263.2828568249165,4293.180621153157,12539.831843835125,1608.0936913847324
2002/9/24 0:00,71593.0,0.3180528088477672,0.8850244076470517,-828.6000335000679,124.0,1401.1459794620712,1360.974011849766
2002/10/1 0:00,64699.0,0.27831783694335854,0.9660761383597674,-870.0861533611436,211.21408618006367,318.0,1475.6751625226052
2002/10/8 0:00,272576.1229247997,1.082416282319457,1.2777544947280148,790.2435442875465,141.0,13914.009851535255,1538.6596104279606
2002/10/15 0:00,577735.0603461347,1.7695395703227064,1.8754839316025027,3263.2828568249165,4293.180621153157,12539.831843835125,1608.0936913847324
2002/10/22 0:00,577735.0603461347,1.7695395703227064,1.8754839316025027,3263.2828568249165,4293.180621153157,12539.831843835125,1608.0936913847324
2002/10/29 0:00,71466.0,0.352158,0.8786157315698802,-837.1248552060382,-2158.655345683255,12661.928872881448,1472.2538415329825
2002/11/5 0:00,330027.9821408632,0.9040634074695504,1.4575048668884847,1258.360464340854,3565.133982049606,443.0,1511.1775912516375
2002/11/12 0:00,69003.0,0.2908636968441556,0.9740524649537292,-835.2420972079237,245.21836569685973,421.0,1477.2518958564024
2002/11/19 0:00,577735.0603461347,1.7695395703227064,1.8754839316025027,3263.2828568249165,4293.180621153157,12539.831843835125,1608.0936913847324
2002/11/26 0:00,70000.0,0.574334744493683,0.8810540615577338,-850.0320530572384,-2177.3610551287516,12662.327876809017,1471.9549506991175
2002/12/3 0:00,577735.0603461347,1.7695395703227064,1.8754839316025027,3263.2828568249165,4293.180621153157,12539.831843835125,1608.0936913847324
2002/12/10 0:00,577735.0603461347,1.7695395703227064,1.8754839316025027,3263.2828568249165,4293.180621153157,12539.831843835125,1608.0936913847324
2002/12/17 0:00,577735.0603461347,1.7695395703227064,1.8754839316025027,3263.2828568249165,4293.180621153157,12539.831843835125,1608.0936913847324
2002/12/24 0:00,577735.0603461347,1.7695395703227064,1.8754839316025027,3263.2828568249165,4293.180621153157,12539.831843835125,1608.0936913847324
2002/12/31 0:00,577735.0603461347,1.7695395703227064,1.8754839316025027,3263.2828568249165,4293.180621153157,12539.831843835125,1608.0936913847324
2003/1/7 0:00,577728.6370807837,1.02773,1.8752645638014656,3267.877639601698,4293.240940729943,12539.796020596405,1608.0000522429361
2003/1/14 0:00,577735.0603461347,1.7695395703227064,1.8754839316025027,3263.2828568249165,4293.180621153157,12539.831843835125,1608.0936913847324
2003/1/21 0:00,312412.0,0.9356600381225348,1.4250258859319729,1136.3715801370267,2729.497785622787,3475.0,1538.9698302486102
2003/1/28 0:00,577735.0603461347,1.7695395703227064,1.8754839316025027,3263.2828568249165,4293.180621153157,12539.831843835125,1608.0936913847324
2003/2/4 0:00,577735.0603461347,1.7695395703227064,1.8754839316025027,3263.2828568249165,4293.180621153157,12539.831843835125,1608.0936913847324
2003/2/11 0:00,577735.0603461347,1.7695395703227064,1.8754839316025027,3263.2828568249165,4293.180621153157,12539.831843835125,1608.0936913847324
2003/2/18 0:00,577735.0603461347,1.7695395703227064,1.8754839316025027,3263.2828568249165,4293.180621153157,12539.831843835125,1608.0936913847324
2003/2/25 0:00,577735.0603461347,1.7695395703227064,1.8754839316025027,3263.2828568249165,4293.180621153157,12539.831843835125,1608.0936913847324
2003/3/4 0:00,817314.6099895275,2.278429898118304,4.8303,5204.871884601071,7817.0,10153.946144698422,1650.6045538269977
2003/3/11 0:00,577735.0603461347,1.7695395703227064,1.8754839316025027,3263.2828568249165,4293.180621153157,12539.831843835125,1608.0936913847324
2003/3/18 0:00,577735.0603461347,1.7695395703227064,1.8754839316025027,3263.2828568249165,4293.180621153157,12539.831843835125,1608.0936913847324
2003/3/25 0:00,659764.3389615102,2.0544872754995254,2.068937894211558,3926.4603475104,4533.921176007962,16415.0,1712.0340065610878
2003/4/1 0:00,554827.5807772286,1.6883712899494299,1.8743527403312328,3077.352427015112,4225.610049856555,11332.0,1648.1125716112954
2003/4/8 0:00,314349.0,1.1499439550934198,1.3596373955233503,1135.3514084685303,937.393472561867,12603.361981170981,1537.488746524152
2003/4/15 0:00,577733.8705138776,1.769541873372475,1.80906,3263.276785407506,4293.181007199698,12539.836114050968,1608.074432453229
2003/4/22 0:00,577731.6672861048,1.7695467156805194,1.71202,3263.2888967449344,4293.181514866767,12539.843059686065,1608.0389540238755
2003/4/29 0:00,577735.0603461347,1.7695395703227064,1.8754839316025027,3263.2828568249165,4293.180621153157,12539.831843835125,1608.0936913847324
2003/5/6 0:00,539685.5467208157,0.6061604969577843,1.335827546161454,1454.0,3744.195236738319,11944.340184649944,1544.496246676289
2003/5/13 0:00,577735.0603461347,1.7695395703227064,1.8754839316025027,3263.2828568249165,4293.180621153157,12539.831843835125,1608.0936913847324
2003/5/20 0:00,282347.0,1.0023834812387236,0.9165816530585289,997.7319207867185,1255.0,10010.20662945572,1004.0
2003/5/27 0:00,281202.0,1.0718600730081675,1.2947154937728556,866.025544236647,514.8635324787845,12611.360960265294,1528.5988033272797
2003/6/3 0:00,577735.0603461347,1.7695395703227064,1.8754839316025027,3263.2828568249165,4293.180621153157,12539.831843835125,1608.0936913847324
2003/6/10 0:00,577735.0603461347,1.7695395703227064,1.8754839316025027,3263.2828568249165,4293.180621153157,12539.831843835125,1608.0936913847324
2003/6/17 0:00,372225.64763932314,1.0512876991202234,1.5357523692546238,1599.8077571782192,3689.113510252138,2487.0,1536.8819809894596
2003/6/24 0:00,577735.0603461347,1.7695395703227064,1.8754839316025027,3263.2828568249165,4293.180621153157,12539.831843835125,1608.0936913847324
2003/7/1 0:00,577710.7480879456,1.7695926923848333,0.790645,3263.403891422715,4293.186335062002,12539.90900707411,1607.7020935761857
2003/7/8 0:00,577735.0603461347,1.7695395703227064,1.8754839316025027,3263.2828568249165,4293.180621153157,12539.831843835125,1608.0936913847324
2003/7/15 0:00,577735.0603461347,1.7695395703227064,1.8754839316025027,3263.2828568249165,4293.180621153157,12539.831843835125,1608.0936913847324
2003/7/22 0:00,577735.0603461347,1.7695395703227064,1.8754839316025027,3263.2828568249165,4293.180621153157,12539.831843835125,1608.0936913847324
2003/7/29 0:00,577735.0603461347,1.7695395703227064,1.8754839316025027,3263.2828568249165,4293.180621153157,12539.831843835125,1608.0936913847324
2003/8/5 0:00,184038.0,0.8403178576559753,0.4367462769523627,72.51116397174519,-594.2881360992832,13586.37272715834,629.0
2003/8/12 0:00,577735.0603461347,1.7695395703227064,1.8754839316025027,3263.2828568249165,4293.180621153157,12539.831843835125,1608.0936913847324
2003/8/19 0:00,519037.60119610355,-0.040765461471380604,1.0362213026128302,451.0,3445.4361426692403,11612.404146040732,1509.2132643750126
2003/8/26 0:00,577735.0603461347,1.7695395703227064,1.8754839316025027,3263.2828568249165,4293.180621153157,12539.831843835125,1608.0936913847324
2003/9/2 0:00,475288.99113049346,0.813309,0.8187115938526404,2460.461827884304,3179.854059378209,13687.54686561271,452.0
2003/9/9 0:00,577735.0603461347,1.7695395703227064,1.8754839316025027,3263.2828568249165,4293.180621153157,12539.831843835125,1608.0936913847324
2003/9/16 0:00,128740.0,0.7080786029201249,0.18517629724374274,-396.125882557576,-1272.316438964562,13797.21951205006,426.0
2003/9/23 0:00,472716.3748222719,0.513286,0.7922738942070282,2442.0144420575157,3151.923841764111,13716.349705930657,423.0
2003/9/30 0:00,577735.0603461347,1.7695395703227064,1.8754839316025027,3263.2828568249165,4293.180621153157,12539.831843835125,1608.0936913847324
2003/10/7 0:00,577735.0603461347,1.7695395703227064,1.8754839316025027,3263.2828568249165,4293.180621153157,12539.831843835125,1608.0936913847324
2003/10/14 0:00,577735.0603461347,1.7695395703227064,1.8754839316025027,3263.2828568249165,4293.180621153157,12539.831843835125,1608.0936913847324
2003/10/21 0:00,577735.0603461347,1.7695395703227064,1.8754839316025027,3263.2828568249165,4293.180621153157,12539.831843835125,1608.0936913847324
2003/10/28 0:00,92216.0,0.6224657850612516,0.0727256701047736,-684.8896320380014,-1729.558899151051,13867.328885294284,363.0
2003/11/4 0:00,577707.0586123032,1.7696008012031257,0.628144,3263.424172795799,4293.187185189852,12539.920638078327,1607.642682196878
2003/11/11 0:00,577735.0603461347,1.7695395703227064,1.8754839316025027,3263.2828568249165,4293.180621153157,12539.831843835125,1608.0936913847324
2003/11/18 0:00,577735.0603461347,1.7695395703227064,1.8754839316025027,3263.2828568249165,4293.180621153157,12539.831843835125,1608.0936913847324
2003/11/25 0:00,337375.34729679,0.663175,1.468987210519117,1319.4700970877816,3586.7486903566946,799.0,1515.617095859459
2003/12/2 0:00,577735.0603461347,1.7695395703227064,1.8754839316025027,3263.2828568249165,4293.180621153157,12539.831843835125,1608.0936913847324
2003/12/9 0:00,577735.0603461347,1.7695395703227064,1.8754839316025027,3263.2828568249165,4293.180621153157,12539.831843835125,1608.0936913847324
2003/12/16 0:00,577735.0603461347,1.7695395703227064,1.8754839316025027,3263.2828568249165,4293.180621153157,12539.831843835125,1608.0936913847324
2003/12/23 0:00,577735.0603461347,1.7695395703227064,1.8754839316025027,3263.2828568249165,4293.180621153157,12539.831843835125,1608.0936913847324
2003/12/30 0:00,114857.0,0.782758,0.9718113696535511,-480.16996262047724,382.0,2839.480529360918,1386.863693061184
2004/1/6 0:00,577735.0603461347,1.7695395703227064,1.8754839316025027,3263.2828568249165,4293.180621153157,12539.831843835125,1608.0936913847324
2004/1/13 0:00,577709.5066040644,1.01821,1.02248,3268.029154527949,4293.246220310218,12539.856132279174,1607.6920210743253
2004/1/20 0:00,403853.50171299273,1.1768,1.59273474530346,1855.6253414979942,3782.036083562182,4019.0,1556.152361870802
2004/1/27 0:00,577735.0603461347,1.7695395703227064,1.8754839316025027,3263.2828568249165,4293.180621153157,12539.831843835125,1608.0936913847324
2004/2/3 0:00,550656.0950791098,1.7089852338609148,1.5961890818216489,3050.080691161754,3999.1404333495652,12842.94573361906,1302.0
2004/2/10 0:00,577735.0603461347,1.7695395703227064,1.8754839316025027,3263.2828568249165,4293.180621153157,12539.831843835125,1608.0936913847324
2004/2/17 0:00,395548.4535289277,1.352465994295983,1.5186475055106712,1786.988844618681,1874.0,13065.160317120432,1563.7313784754622
2004/2/24 0:00,577735.0603461347,1.7695395703227064,1.8754839316025027,3263.2828568249165,4293.180621153157,12539.831843835125,1608.0936913847324
2004/3/2 0:00,387004.0,1.3210962298992968,1.5019398896129132,1725.687507233633,1863.5380043969133,12585.828997006613,1556.9746373428923
2004/3/9 0:00,577735.0603461347,1.7695395703227064,1.8754839316025027,3263.2828568249165,4293.180621153157,12539.831843835125,1608.0936913847324
2004/3/16 0:00,544137.6539789133,0.7454659572509286,1.61745,1670.0,3808.5403236066836,12015.8075104985,1552.182526909551
2004/3/23 0:00,577735.0603461347,1.7695395703227064,1.8754839316025027,3263.2828568249165,4293.180621153157,12539.831843835125,1608.0936913847324
2004/3/30 0:00,403992.6008698921,1.3710095117376682,1.5351889182566083,1855.4324053454106,1993.0,13006.872322547222,1565.4529828595687
2004/4/6 0:00,577735.0603461347,1.7695395703227064,1.8754839316025027,3263.2828568249165,4293.180621153157,12539.831843835125,1608.0936913847324
2004/4/13 0:00,577735.0603461347,1.7695395703227064,1.8754839316025027,3263.2828568249165,4293.180621153157,12539.831843835125,1608.0936913847324
2004/4/20 0:00,523842.7257345038,1.6342027970954973,1.7699657764169388,2826.870842886836,3682.0,12179.574651672072,1589.8881913028633
2004/4/27 0:00,641643.1165328729,1.9052909598700012,1.5173518913543376,3788.4091367278174,5364.0,12422.0,982.0392386616007
2004/5/4 0:00,577735.0603461347,1.7695395703227064,1.8754839316025027,3263.2828568249165,4293.180621153157,12539.831843835125,1608.0936913847324
2004/5/11 0:00,421461.0,1.4009370951831102,4.59568,2010.7023035283996,2302.7512232946515,12577.317530211827,1567.1170916691774
2004/5/18 0:00,577735.0603461347,1.7695395703227064,1.8754839316025027,3263.2828568249165,4293.180621153157,12539.831843835125,1608.0936913847324
2004/5/25 0:00,577735.0603461347,1.7695395703227064,1.8754839316025027,3263.2828568249165,4293.180621153157,12539.831843835125,1608.0936913847324
2004/6/1 0:00,577735.0603461347,1.7695395703227064,1.8754839316025027,3263.2828568249165,4293.180621153157,12539.831843835125,1608.0936913847324
2004/6/8 0:00,577735.0603461347,1.7695395703227064,1.8754839316025027,3263.2828568249165,4293.180621153157,12539.831843835125,1608.0936913847324
2004/6/15 0:00,498756.5310582064,1.3669613887500986,1.6698318594462762,2416.0,3873.4819398637437,9502.0,1567.4563165994996
2004/6/22 0:00,577735.0603461347,1.7695395703227064,1.8754839316025027,3263.2828568249165,4293.180621153157,12539.831843835125,1608.0936913847324
2004/6/29 0:00,533012.0050232529,1.6694287358337192,1.4144925573273213,2910.995403384775,3807.317216082864,13040.68839403592,1103.0
2004/7/6 0:00,528135.1928641691,1.54319,1.3633740557925194,2873.2517834905466,3754.31010694246,13095.33836715901,1048.0
2004/7/13 0:00,537668.1003983615,0.5429513803779287,1.3065539550552785,1356.0,3715.0044179758356,11911.907750169687,1541.0488565810483
2004/7/20 0:00,577735.0603461347,1.7695395703227064,1.8754839316025027,3263.2828568249165,4293.180621153157,12539.831843835125,1608.0936913847324
2004/7/27 0:00,362694.33404265443,1.2803176869420554,1.454288899633866,1520.6916293542272,1411.0,13291.944699367426,1557.0330353675627
2004/8/3 0:00,277120.0,0.985877803585538,1.2869885192521906,835.3317305881283,1136.0,9289.477814848882,1494.4262287504816
2004/8/10 0:00,577735.0603461347,1.7695395703227064,1.8754839316025027,3263.2828568249165,4293.180621153157,12539.831843835125,1608.0936913847324
2004/8/17 0:00,508362.3210237695,1.6141714443752448,1.06124,2716.7140764432693,3539.344007853878,13316.9392238053,825.0
2004/8/24 0:00,577735.0603461347,1.7695395703227064,1.8754839316025027,3263.2828568249165,4293.180621153157,12539.831843835125,1608.0936913847324
2004/8/31 0:00,577735.0603461347,1.7695395703227064,1.8754839316025027,3263.2828568249165,4293.180621153157,12539.831843835125,1608.0936913847324
2004/9/7 0:00,577729.6679751228,1.14747,1.8752461805161147,3267.1361487175086,4293.231206968483,12539.801758010379,1608.0150811739468
2004/9/14 0:00,354202.86780558736,0.9884076567464604,1.5023325700458372,1453.9743488381932,3636.1613927762032,1614.0,1525.9035405583857
2004/9/21 0:00,577735.0603461347,1.7695395703227064,1.8754839316025027,3263.2828568249165,4293.180621153157,12539.831843835125,1608.0936913847324
2004/9/28 0:00,348938.4819435001,0.9700406340603536,1.4925707730253635,1411.3769615223641,3620.6942794241268,1359.0,1522.6967796077306
2004/10/5 0:00,577711.9111624418,1.769590136152658,0.841872,3263.3974978996043,4293.186067066736,12539.905340503123,1607.7208224869464
2004/10/12 0:00,157068.0,0.757812,0.37525087901804,15.944147784565303,361.0,7350.617923314127,524.0
2004/10/19 0:00,288400.02928643866,1.1171658990370474,1.3087522681867085,918.5033261535791,364.0,13804.78108859555,1541.8858102401898
2004/10/26 0:00,577735.0603461347,1.7695395703227064,1.8754839316025027,3263.2828568249165,4293.180621153157,12539.831843835125,1608.0936913847324
2004/11/2 0:00,577735.0603461347,1.7695395703227064,1.8754839316025027,3263.2828568249165,4293.180621153157,12539.831843835125,1608.0936913847324
2004/11/9 0:00,477685.81308931037,1.545392279707869,0.8447506915435952,2474.86867186299,3205.8212986234653,13660.745781473732,479.0
2004/11/16 0:00,577726.2232607162,0.747361,1.8753076079119637,3269.613826821582,4293.263732152753,12539.782586547466,1607.964862278379
2004/11/23 0:00,577735.0603461347,1.7695395703227064,1.8754839316025027,3263.2828568249165,4293.180621153157,12539.831843835125,1608.0936913847324
2004/11/30 0:00,151854.0,0.7671569632237265,1.041373769103302,-184.95227839178096,-1133.9554463086301,12642.575005213243,1493.9079905047295
2004/12/7 0:00,577735.0603461347,1.7695395703227064,1.8754839316025027,3263.2828568249165,4293.180621153157,12539.831843835125,1608.0936913847324
2004/12/14 0:00,577735.0603461347,1.7695395703227064,1.8754839316025027,3263.2828568249165,4293.180621153157,12539.831843835125,1608.0936913847324
2004/12/21 0:00,285565.9013173255,0.4424204120410309,1.1175842923003074,368.0,2821.0374835502016,1219.0,1371.4715110738498
2004/12/28 0:00,296913.2968839662,0.977808,1.3229524022872283,988.5157374232637,484.0,13746.055884038438,1543.5955966146284
2005/1/4 0:00,577735.0603461347,1.7695395703227064,1.8754839316025027,3263.2828568249165,4293.180621153157,12539.831843835125,1608.0936913847324
2005/1/11 0:00,577735.0603461347,1.7695395703227064,1.8754839316025027,3263.2828568249165,4293.180621153157,12539.831843835125,1608.0936913847324
2005/1/18 0:00,543031.0109343678,1.6918904658701308,1.5176669657084858,2989.9734813686828,3916.241957545864,12928.402360733888,1216.0
2005/1/25 0:00,577735.0603461347,1.7695395703227064,1.8754839316025027,3263.2828568249165,4293.180621153157,12539.831843835125,1608.0936913847324
2005/2/1 0:00,424208.87744613446,1.2326530447049322,1.632145329600462,2020.43607584972,3841.8436726855957,5005.0,1568.547173435566
2005/2/8 0:00,577735.0603461347,1.7695395703227064,1.8754839316025027,3263.2828568249165,4293.180621153157,12539.831843835125,1608.0936913847324
2005/2/15 0:00,429803.5777152552,1.2521725080328565,1.6425196315394714,2065.7062404088642,3858.2812715813297,5276.0,1571.955142916464
2005/2/22 0:00,577735.0603461347,1.7695395703227064,1.8754839316025027,3263.2828568249165,4293.180621153157,12539.831843835125,1608.0936913847324
2005/3/1 0:00,402264.0,1.3439740217059466,1.531889390451397,1850.0848728875503,2176.0,12000.263200165322,1555.1060709328335
2005/3/8 0:00,577736.5300431364,1.94451,1.8751238136610482,3262.200472299128,4293.166414942132,12539.839948660434,1608.1151200846352
2005/3/15 0:00,577740.0651652721,2.35512,1.875060774076701,3259.6577666706307,4293.13303612308,12539.85962328507,1608.1666569925956
2005/3/22 0:00,577735.0603461347,1.7695395703227064,1.8754839316025027,3263.2828568249165,4293.180621153157,12539.831843835125,1608.0936913847324
2005/3/29 0:00,444297.4385981924,1.4595197462445526,1.6141428883238405,2182.1209977216927,2561.0,12728.657356853275,1573.670388659325
2005/4/5 0:00,577735.0603461347,1.7695395703227064,1.8754839316025027,3263.2828568249165,4293.180621153157,12539.831843835125,1608.0936913847324
2005/4/12 0:00,553936.6545367317,1.7163399596234399,1.6299718527116056,3075.9407697936545,4034.8060566604604,12806.179510325475,1339.0
2005/4/19 0:00,483126.8189351641,2.35858,2.05869,2491.1235672173057,4014.8170105947947,7858.0,1604.7237899680915
2005/4/26 0:00,577735.0603461347,1.7695395703227064,1.8754839316025027,3263.2828568249165,4293.180621153157,12539.831843835125,1608.0936913847324
2005/5/3 0:00,557264.5189915982,1.707597727470386,1.8354364100487146,3097.7693059312583,4153.0,11948.87174878148,1596.702272520623
2005/5/10 0:00,577749.3941425383,1.7695077551748568,2.49279,3263.191450651276,4293.177430249938,12539.787176096686,1608.3244084064388
2005/5/17 0:00,577735.0603461347,1.7695395703227064,1.8754839316025027,3263.2828568249165,4293.180621153157,12539.831843835125,1608.0936913847324
2005/5/24 0:00,400827.0,1.3583741279467745,1.3444446764460736,1228.545005775752,2192.4282790406933,11901.0,1288.0
2005/5/31 0:00,533881.1098386532,1.4299785087383157,1.451222418618272,2579.0,3769.410244994548,12739.658751906538,1275.0
2005/6/7 0:00,538032.2109074874,1.3791804190173593,1.659411452641507,2564.0,4011.5417065511733,11261.0,1544.3162112755754
2005/6/14 0:00,577735.0603461347,1.7695395703227064,1.8754839316025027,3263.2828568249165,4293.180621153157,12539.831843835125,1608.0936913847324
2005/6/21 0:00,525758.6247110253,1.638410149793856,1.7737188700739352,2842.4000541441583,3709.0,12166.349644500002,1590.2788074236275
2005/6/28 0:00,577735.0603461347,1.7695395703227064,1.8754839316025027,3263.2828568249165,4293.180621153157,12539.831843835125,1608.0936913847324
2005/7/5 0:00,577735.0603461347,1.7695395703227064,1.8754839316025027,3263.2828568249165,4293.180621153157,12539.831843835125,1608.0936913847324
2005/7/12 0:00,405483.02630153863,1.44943,1.5364300419078063,1867.057114628667,2014.0,12996.555857409805,1565.7612746089933
2005/7/19 0:00,577735.0603461347,1.7695395703227064,1.8754839316025027,3263.2828568249165,4293.180621153157,12539.831843835125,1608.0936913847324
2005/7/26 0:00,577735.0603461347,1.7695395703227064,1.8754839316025027,3263.2828568249165,4293.180621153157,12539.831843835125,1608.0936913847324
2005/8/2 0:00,146870.3915446028,1.06255,0.18983695022780012,-215.84499483226045,1208.0,2780.0,281.85160580462355
2005/8/9 0:00,276338.0,1.0604020224325836,1.2851888358536598,826.5045920049618,452.86137154222604,12612.534732682543,1527.2942905897914
2005/8/16 0:00,577735.0603461347,1.7695395703227064,1.8754839316025027,3263.2828568249165,4293.180621153157,12539.831843835125,1608.0936913847324
2005/8/23 0:00,524138.555004218,0.119201409206255,0.891918,699.0,3519.307791070461,11694.49277050305,1517.8654226541578
2005/8/30 0:00,521528.52981872595,0.03727844777000655,1.0723652263113763,572.0,3481.477867875977,11652.448274327586,1513.469735819136
2005/9/6 0:00,213847.0,0.9131929273274295,1.162793609667915,318.7529830595325,-343.7210789278571,12627.614957215143,1510.5343593647706
2005/9/13 0:00,577735.0603461347,1.7695395703227064,1.8754839316025027,3263.2828568249165,4293.180621153157,12539.831843835125,1608.0936913847324
2005/9/20 0:00,577735.0603461347,1.7695395703227064,1.8754839316025027,3263.2828568249165,4293.180621153157,12539.831843835125,1608.0936913847324
2005/9/27 0:00,577735.0603461347,1.7695395703227064,1.8754839316025027,3263.2828568249165,4293.180621153157,12539.831843835125,1608.0936913847324
2005/10/4 0:00,577735.0603461347,1.7695395703227064,1.8754839316025027,3263.2828568249165,4293.180621153157,12539.831843835125,1608.0936913847324
2005/10/11 0:00,577735.0603461347,1.7695395703227064,1.8754839316025027,3263.2828568249165,4293.180621153157,12539.831843835125,1608.0936913847324
2005/10/18 0:00,172654.0,1.2141605197780905,1.2539337415164482,541.0,-844.6941934209557,12861.380926411714,1518.6520459737064
2005/10/25 0:00,577735.0603461347,1.7695395703227064,1.8754839316025027,3263.2828568249165,4293.180621153157,12539.831843835125,1608.0936913847324
2005/11/1 0:00,577735.0603461347,1.7695395703227064,1.8754839316025027,3263.2828568249165,4293.180621153157,12539.831843835125,1608.0936913847324
2005/11/8 0:00,577735.0603461347,1.7695395703227064,1.8754839316025027,3263.2828568249165,4293.180621153157,12539.831843835125,1608.0936913847324
2005/11/15 0:00,577735.0603461347,1.7695395703227064,1.8754839316025027,3263.2828568249165,4293.180621153157,12539.831843835125,1608.0936913847324
2005/11/22 0:00,479813.74354830774,1.5501629126384273,0.8666638402355602,2491.6427769215247,3228.9557569872873,13636.897420418425,503.0
2005/11/29 0:00,286317.00299450906,0.638831,0.797966,398.0,2830.5275683213836,1224.0,1378.4335758717314
2005/12/6 0:00,478749.7783188092,1.5477775961731481,0.8557072658950347,2483.255724392259,3217.388527805377,13648.82160094608,491.0
2005/12/13 0:00,478391.9358369914,0.762448,0.8507196005666628,2485.283251142168,3213.5965134634685,13652.765030183213,487.0
2005/12/20 0:00,577714.215515282,1.769585071592303,0.943366,3263.384830668745,4293.185536098458,12539.898076073114,1607.757929326486
2005/12/27 0:00,160732.0,0.7880707323473075,1.0587622701332293,-112.81679033402088,-1020.7862060136538,12640.432580969753,1496.2890480876738
2006/1/3 0:00,375076.0,1.2949297931305068,1.4785963017257018,1628.6803095387072,1699.0,12650.837991464216,1554.113593445595
2006/1/10 0:00,577735.0603461347,1.7695395703227064,1.8754839316025027,3263.2828568249165,4293.180621153157,12539.831843835125,1608.0936913847324
2006/1/17 0:00,382492.8024643994,1.0309225735068708,1.4879546389456664,1543.0,3358.910181721366,4737.0,1523.5889539614002
2006/1/24 0:00,563328.3403771668,1.7374231714662187,1.12552,3150.0923375208313,4136.986516057046,12700.891968331473,1445.0
2006/1/31 0:00,577735.0603461347,1.7695395703227064,1.8754839316025027,3263.2828568249165,4293.180621153157,12539.831843835125,1608.0936913847324
2006/2/7 0:00,553231.2577430101,1.030564565397583,1.5323788006426184,2112.0,3940.190734143559,12162.100816160271,1567.643008744323
2006/2/14 0:00,577735.0603461347,1.7695395703227064,1.8754839316025027,3263.2828568249165,4293.180621153157,12539.831843835125,1608.0936913847324
2006/2/21 0:00,577734.2930413802,1.7695409447320003,1.82767,3263.274462736541,4293.1809098410395,12539.834782040773,1608.0812363853142
2006/2/28 0:00,577735.0603461347,1.7695395703227064,1.8754839316025027,3263.2828568249165,4293.180621153157,12539.831843835125,1608.0936913847324
2006/3/7 0:00,577735.0603461347,1.7695395703227064,1.8754839316025027,3263.2828568249165,4293.180621153157,12539.831843835125,1608.0936913847324
2006/3/14 0:00,577735.0603461347,1.7695395703227064,1.8754839316025027,3263.2828568249165,4293.180621153157,12539.831843835125,1608.0936913847324
2006/3/21 0:00,577735.0603461347,1.7695395703227064,1.8754839316025027,3263.2828568249165,4293.180621153157,12539.831843835125,1608.0936913847324
2006/3/28 0:00,466081.91955345374,1.5073589046856455,1.65681695312378,2358.693881277172,2868.0,12578.284127156016,1578.1118386250453
2006/4/4 0:00,369521.0,1.2799117935845175,1.4676975868933368,1583.6347095636806,1640.6794970667615,12590.04796558615,1552.285740099975
2006/4/11 0:00,565285.6169847196,1.7417833352415641,1.746841979027522,3165.4026634391503,4158.1898346008475,12678.988251363886,1467.0
2006/4/18 0:00,395477.0,2.29396,1.5321147670401842,1789.2676306219623,1971.466738112576,12583.817518792066,1559.342640486234
2006/4/25 0:00,545661.3559820639,1.6563910622131175,1.8573557290401368,3003.182858512273,4198.679076019993,10888.0,1642.529034897219
2006/5/2 0:00,577735.0603461347,1.7695395703227064,1.8754839316025027,3263.2828568249165,4293.180621153157,12539.831843835125,1608.0936913847324
2006/5/9 0:00,577735.0603461347,1.7695395703227064,1.8754839316025027,3263.2828568249165,4293.180621153157,12539.831843835125,1608.0936913847324
2006/5/16 0:00,610547.4923136004,1.882773620264345,1.9776746624847874,3528.2165382519297,4389.318830002654,14031.0,1682.053935555719
2006/5/23 0:00,442099.0,1.4508826806637103,1.6098492683486256,2173.3451682543846,2565.8424979823762,12572.533562934133,1571.7509797096714
2006/5/30 0:00,577735.0603461347,1.7695395703227064,1.8754839316025027,3263.2828568249165,4293.180621153157,12539.831843835125,1608.0936913847324
2006/6/6 0:00,428255.0,1.3776870291827095,1.6399050929758232,2072.532292259438,2739.926391686941,10715.0,1625.6694538245272
2006/6/13 0:00,395394.0,1.3408604248698452,1.5183725910828798,1793.8578997549844,1970.4866331505552,12583.804336114197,1559.2248145360538
2006/6/20 0:00,385735.0,1.321767708808295,1.3268066567034111,1771.1988534579536,1883.6126474294656,12852.764404514923,1333.0
2006/6/27 0:00,577735.0603461347,1.7695395703227064,1.8754839316025027,3263.2828568249165,4293.180621153157,12539.831843835125,1608.0936913847324
2006/7/4 0:00,423238.5788754754,1.2292677503297114,1.630346096437279,2012.5847926973797,3838.9928714010944,4958.0,1567.9561233779941
2006/7/11 0:00,577735.0603461347,1.7695395703227064,1.8754839316025027,3263.2828568249165,4293.180621153157,12539.831843835125,1608.0936913847324
2006/7/18 0:00,577735.0603461347,1.7695395703227064,1.8754839316025027,3263.2828568249165,4293.180621153157,12539.831843835125,1608.0936913847324
2006/7/25 0:00,577735.0603461347,1.7695395703227064,1.8754839316025027,3263.2828568249165,4293.180621153157,12539.831843835125,1608.0936913847324
2006/8/1 0:00,577714.8136607445,1.7695837569759192,0.969711,3263.381542610363,4293.185398273965,12539.896190430507,1607.7675612228338
2006/8/8 0:00,577735.0603461347,1.7695395703227064,1.8754839316025027,3263.2828568249165,4293.180621153157,12539.831843835125,1608.0936913847324
2006/8/15 0:00,577735.0603461347,1.7695395703227064,1.8754839316025027,3263.2828568249165,4293.180621153157,12539.831843835125,1608.0936913847324
2006/8/22 0:00,577735.0603461347,1.7695395703227064,1.8754839316025027,3263.2828568249165,4293.180621153157,12539.831843835125,1608.0936913847324
2006/8/29 0:00,524616.4578632991,0.1340270955911933,1.11717174329533,722.0,3526.157692512432,11702.089755674919,1518.7463533118487
2006/9/5 0:00,577735.0603461347,1.7695395703227064,1.8754839316025027,3263.2828568249165,4293.180621153157,12539.831843835125,1608.0936913847324
2006/9/12 0:00,522063.77067978506,0.054048213394310096,1.0801316892539035,598.0,3489.2223708129654,11661.052797761113,1514.3843495178703
2006/9/19 0:00,577708.0746989942,1.7695985680252875,0.672897,3263.418587277614,4293.18695106347,12539.917434883684,1607.6590441728576
2006/9/26 0:00,577726.6172803447,0.793127,1.8753005816106452,3269.3304205095283,4293.260011797591,12539.784779452833,1607.9706065080138
2006/10/3 0:00,577725.5493912423,0.66909,1.875319624599797,3270.0985205997417,4293.270094865656,12539.77883614553,1607.955038247492
2006/10/10 0:00,577735.0603461347,1.7695395703227064,1.8754839316025027,3263.2828568249165,4293.180621153157,12539.831843835125,1608.0936913847324
2006/10/17 0:00,577735.0603461347,1.7695395703227064,1.8754839316025027,3263.2828568249165,4293.180621153157,12539.831843835125,1608.0936913847324
2006/10/24 0:00,205241.0,1.0562625272830815,1.2162582885976008,477.0,-443.46422273183896,12721.531411540804,1515.7901295994536
2006/10/31 0:00,577735.0603461347,1.7695395703227064,1.8754839316025027,3263.2828568249165,4293.180621153157,12539.831843835125,1608.0936913847324
2006/11/7 0:00,577735.0603461347,1.7695395703227064,1.8754839316025027,3263.2828568249165,4293.180621153157,12539.831843835125,1608.0936913847324
2006/11/14 0:00,494265.93791566807,1.582563461270695,1.0154906417046732,2605.5669071107063,3386.077286708255,13474.927301584514,666.0
2006/11/21 0:00,577735.0603461347,1.7695395703227064,1.8754839316025027,3263.2828568249165,4293.180621153157,12539.831843835125,1608.0936913847324
2006/11/28 0:00,577735.0603461347,1.7695395703227064,1.8754839316025027,3263.2828568249165,4293.180621153157,12539.831843835125,1608.0936913847324
2006/12/5 0:00,187384.0,0.850854442045204,1.110963028135302,103.7359273631464,-681.049036342363,12634.000964509092,1503.4370483918656
2006/12/12 0:00,577735.0603461347,1.7695395703227064,1.8754839316025027,3263.2828568249165,4293.180621153157,12539.831843835125,1608.0936913847324
2006/12/19 0:00,577735.0603461347,1.7695395703227064,1.8754839316025027,3263.2828568249165,4293.180621153157,12539.831843835125,1608.0936913847324
2006/12/26 0:00,577735.0603461347,1.7695395703227064,1.8754839316025027,3263.2828568249165,4293.180621153157,12539.831843835125,1608.0936913847324
2007/1/2 0:00,577735.0603461347,1.7695395703227064,1.8754839316025027,3263.2828568249165,4293.180621153157,12539.831843835125,1608.0936913847324
2007/1/9 0:00,529126.0,1.6558908565553452,1.7803008429618785,2880.4565806448754,3675.1891385715803,12551.53235155332,1595.0914052864714
2007/1/16 0:00,577735.0603461347,1.7695395703227064,1.8754839316025027,3263.2828568249165,4293.180621153157,12539.831843835125,1608.0936913847324
2007/1/23 0:00,577735.0603461347,1.7695395703227064,1.8754839316025027,3263.2828568249165,4293.180621153157,12539.831843835125,1608.0936913847324
2007/1/30 0:00,577735.0603461347,1.7695395703227064,1.8754839316025027,3263.2828568249165,4293.180621153157,12539.831843835125,1608.0936913847324
2007/2/6 0:00,566717.0,1.7444434016256878,1.853926788247918,3185.890814884478,4154.36743457614,12542.460953745533,1605.1732182624175
2007/2/13 0:00,577735.0603461347,1.7695395703227064,1.8754839316025027,3263.2828568249165,4293.180621153157,12539.831843835125,1608.0936913847324
2007/2/20 0:00,577735.0603461347,1.7695395703227064,1.8754839316025027,3263.2828568249165,4293.180621153157,12539.831843835125,1608.0936913847324
2007/2/27 0:00,548159.0,1.61865,1.8158160064522235,3035.5342166575424,3917.8124341228095,12546.93316804969,1600.1814307790517
2007/3/6 0:00,577735.0603461347,1.7695395703227064,1.8754839316025027,3263.2828568249165,4293.180621153157,12539.831843835125,1608.0936913847324
2007/3/13 0:00,577735.0603461347,1.7695395703227064,1.8754839316025027,3263.2828568249165,4293.180621153157,12539.831843835125,1608.0936913847324
2007/3/20 0:00,566349.9922879634,2.0346585894245095,1.8279941917171527,3580.0,4202.904705524374,12886.208417861322,1420.0
2007/3/27 0:00,577735.0603461347,1.7695395703227064,1.8754839316025027,3263.2828568249165,4293.180621153157,12539.831843835125,1608.0936913847324
2007/4/3 0:00,430603.0,2.43939,1.6022250411024288,2074.8235975495695,2568.0,11841.124818214106,1561.369293259984
2007/4/10 0:00,569009.4952879659,1.7501319428652664,1.7851899892229994,3194.757347291575,4198.67513673754,12637.253619517085,1509.0
2007/4/17 0:00,569186.8228262159,1.7505294956077364,1.7870160849415697,3196.1551893797823,4200.603008267861,12635.266256095814,1511.0
2007/4/24 0:00,577735.0603461347,1.7695395703227064,1.8754839316025027,3263.2828568249165,4293.180621153157,12539.831843835125,1608.0936913847324
2007/5/1 0:00,577735.0603461347,1.7695395703227064,1.8754839316025027,3263.2828568249165,4293.180621153157,12539.831843835125,1608.0936913847324
2007/5/8 0:00,596692.0,2.2692433141236847,1.952806407164644,3429.7287350836764,597.4555561024406,31896.0,1857.279703241354
2007/5/15 0:00,638316.8924406015,5.98318,2.765408888753882,6244.0,5172.722098238064,13529.69607783498,1713.335566423929
2007/5/22 0:00,577735.0603461347,1.7695395703227064,1.8754839316025027,3263.2828568249165,4293.180621153157,12539.831843835125,1608.0936913847324
2007/5/29 0:00,577789.1668992975,1.7694203416736514,4.24456,3262.972816298628,4293.168265823499,12539.661793211362,1608.9648664462645
2007/6/5 0:00,577735.0603461347,1.7695395703227064,1.8754839316025027,3263.2828568249165,4293.180621153157,12539.831843835125,1608.0936913847324
2007/6/12 0:00,577735.0603461347,1.7695395703227064,1.8754839316025027,3263.2828568249165,4293.180621153157,12539.831843835125,1608.0936913847324
2007/6/19 0:00,577735.0603461347,1.7695395703227064,1.8754839316025027,3263.2828568249165,4293.180621153157,12539.831843835125,1608.0936913847324
2007/6/26 0:00,504350.0,1.5489261393282163,2.0573,2689.885456614126,3778.5743343871573,10376.0,1632.233307245777
2007/7/3 0:00,577735.0603461347,1.7695395703227064,1.8754839316025027,3263.2828568249165,4293.180621153157,12539.831843835125,1608.0936913847324
2007/7/10 0:00,552074.7153851085,1.7121656558134077,1.610797847613867,3061.2634278674323,4014.5634055921123,12827.046826248863,1318.0
2007/7/17 0:00,577735.0603461347,1.7695395703227064,1.8754839316025027,3263.2828568249165,4293.180621153157,12539.831843835125,1608.0936913847324
2007/7/24 0:00,577735.0603461347,1.7695395703227064,1.8754839316025027,3263.2828568249165,4293.180621153157,12539.831843835125,1608.0936913847324
2007/7/31 0:00,363049.1301494178,1.281096826329815,1.4549839169703773,1523.567409216687,1416.0,13289.495623965198,1557.1053716862225
2007/8/7 0:00,403685.30036585394,0.825107,1.5924712993146386,1856.4632017878569,3781.5793834533847,4011.0,1555.9978368568807
2007/8/14 0:00,577735.0603461347,1.7695395703227064,1.8754839316025027,3263.2828568249165,4293.180621153157,12539.831843835125,1608.0936913847324
2007/8/21 0:00,577735.0603461347,1.7695395703227064,1.8754839316025027,3263.2828568249165,4293.180621153157,12539.831843835125,1608.0936913847324
2007/8/28 0:00,348477.0,1.2247030106923944,0.9100483440251992,1359.837786462384,1470.0934994143868,13313.181934315775,869.0
2007/9/4 0:00,533612.6215664886,0.41588815624123754,1.2477080627541,1159.0,3656.3249149532944,11846.71193800017,1534.1188989406173
2007/9/11 0:00,577725.8744148191,0.706842,1.875313828662911,3269.864741045205,4293.267025975036,12539.780645055265,1607.95977661565
2007/9/18 0:00,577703.2251685204,0.655943,0.883187,3270.28986352854,4293.276398645482,12539.848742739527,1607.5956260593966
2007/9/25 0:00,577735.0603461347,1.7695395703227064,1.8754839316025027,3263.2828568249165,4293.180621153157,12539.831843835125,1608.0936913847324
2007/10/2 0:00,577735.0603461347,1.7695395703227064,1.8754839316025027,3263.2828568249165,4293.180621153157,12539.831843835125,1608.0936913847324
2007/10/9 0:00,577735.0603461347,1.7695395703227064,1.8754839316025027,3263.2828568249165,4293.180621153157,12539.831843835125,1608.0936913847324
2007/10/16 0:00,496925.8509894155,1.5885267524313917,1.042882077555987,2626.5345384338675,3414.9953596630344,13445.116850265393,696.0
2007/10/23 0:00,577735.0603461347,1.7695395703227064,1.8754839316025027,3263.2828568249165,4293.180621153157,12539.831843835125,1608.0936913847324
2007/10/30 0:00,525975.1462029109,0.1765965006330248,1.1368866107659414,788.0,3545.8168153524725,11723.93200746775,1521.0680650086424
2007/11/6 0:00,577735.0603461347,1.7695395703227064,1.8754839316025027,3263.2828568249165,4293.180621153157,12539.831843835125,1608.0936913847324
2007/11/13 0:00,315435.4926217952,1.176536320424077,1.3617125896616926,1137.6377516735852,745.0,13618.161542945198,1547.3978377220697
2007/11/20 0:00,316074.12561396894,1.1779387713222036,1.362963620872506,1142.8141554260214,754.0,13613.753207221185,1547.5280430956616
2007/11/27 0:00,577735.0603461347,1.7695395703227064,1.8754839316025027,3263.2828568249165,4293.180621153157,12539.831843835125,1608.0936913847324
2007/12/4 0:00,293535.0,1.100912732909535,1.318870977352617,966.2335836843162,672.0741926002027,12608.384781148927,1531.906483341973
2007/12/11 0:00,495950.54952904145,1.586340212340076,1.0328385510802036,2618.8464069487013,3404.3920662462783,13456.047349082399,685.0
2007/12/18 0:00,495418.56691429194,1.5851475541081186,1.0273602639099408,2614.6528806840793,3398.6084516553246,13462.009439346231,679.0
2007/12/25 0:00,329731.0,1.1861790977687292,1.3897646677569355,1260.3331698229438,1133.4702076618137,12599.650022428767,1541.614160777458
2008/1/1 0:00,577728.9861935737,1.06828,1.87525833829568,3267.626533410332,4293.237644387641,12539.797963574001,1608.0051417965735
2008/1/8 0:00,425138.4488329793,1.4174462192777924,1.576611951846644,2026.8288851484544,2291.0,12860.90742857399,1569.76422745169
2008/1/15 0:00,577735.0603461347,1.7695395703227064,1.8754839316025027,3263.2828568249165,4293.180621153157,12539.831843835125,1608.0936913847324
2008/1/22 0:00,577735.0603461347,1.7695395703227064,1.8754839316025027,3263.2828568249165,4293.180621153157,12539.831843835125,1608.0936913847324
2008/1/29 0:00,577735.0603461347,1.7695395703227064,1.8754839316025027,3263.2828568249165,4293.180621153157,12539.831843835125,1608.0936913847324
2008/2/5 0:00,577735.0603461347,1.7695395703227064,1.8754839316025027,3263.2828568249165,4293.180621153157,12539.831843835125,1608.0936913847324
2008/2/12 0:00,577735.0603461347,1.7695395703227064,1.8754839316025027,3263.2828568249165,4293.180621153157,12539.831843835125,1608.0936913847324
2008/2/19 0:00,563275.4619714937,1.20448,1.6779520002128265,2600.0,4085.439158443992,12323.589728591442,1584.7831457445466
2008/2/26 0:00,577735.0603461347,1.7695395703227064,1.8754839316025027,3263.2828568249165,4293.180621153157,12539.831843835125,1608.0936913847324
2008/3/4 0:00,577725.9112854346,1.7695593663525528,1.4585,3263.3205379884234,4293.182841162679,12539.861205372486,1607.9462655303726
2008/3/11 0:00,577726.8355785368,1.7695573349197389,1.49921,3263.315457067687,4293.182628187349,12539.858291555429,1607.9611493603363
2008/3/18 0:00,482158.4112299785,1.4348343493361995,1.7396016599122959,2489.3414334791155,4012.1032302514054,7812.0,1603.8466949590866
2008/3/25 0:00,577735.0603461347,1.7695395703227064,1.8754839316025027,3263.2828568249165,4293.180621153157,12539.831843835125,1608.0936913847324
2008/4/1 0:00,567324.8836745925,1.7463551917967948,1.767842079843831,3181.477847453565,4180.3603571995145,12656.1335720192,1490.0
2008/4/8 0:00,577735.0603461347,1.7695395703227064,1.8754839316025027,3263.2828568249165,4293.180621153157,12539.831843835125,1608.0936913847324
2008/4/15 0:00,577735.0603461347,1.7695395703227064,1.8754839316025027,3263.2828568249165,4293.180621153157,12539.831843835125,1608.0936913847324
2008/4/22 0:00,582932.0,1.7826408296919567,1.8856855790108966,3317.640864316419,4361.062549622666,12538.547976824137,1609.5220410499214
2008/4/29 0:00,577735.0603461347,1.7695395703227064,1.8754839316025027,3263.2828568249165,4293.180621153157,12539.831843835125,1608.0936913847324
2008/5/6 0:00,575304.6228958344,1.7642450652770663,1.8500163874086866,3244.3807414230414,4267.114576063848,12566.702218061828,1580.0
2008/5/13 0:00,577735.0603461347,1.7695395703227064,1.8754839316025027,3263.2828568249165,4293.180621153157,12539.831843835125,1608.0936913847324
2008/5/20 0:00,577735.0603461347,1.7695395703227064,1.8754839316025027,3263.2828568249165,4293.180621153157,12539.831843835125,1608.0936913847324
2008/5/27 0:00,577748.1673370152,3.2962,1.8749162932290346,3253.830121428482,4293.056534968617,12539.904715698185,1608.28477480108
2008/6/3 0:00,577735.0603461347,1.7695395703227064,1.8754839316025027,3263.2828568249165,4293.180621153157,12539.831843835125,1608.0936913847324
2008/6/10 0:00,577735.0603461347,1.7695395703227064,1.8754839316025027,3263.2828568249165,4293.180621153157,12539.831843835125,1608.0936913847324
2008/6/17 0:00,577735.0603461347,1.7695395703227064,1.8754839316025027,3263.2828568249165,4293.180621153157,12539.831843835125,1608.0936913847324
2008/6/24 0:00,576390.7180773083,1.756179424050572,1.868427677993168,3237.0,4275.289418916951,12534.411926265338,1607.2176399396749
2008/7/1 0:00,577734.6335557054,1.72423,1.8751576324902999,3263.564557917714,4293.184321681523,12539.829393811999,1608.0874720729364
2008/7/8 0:00,495536.1447148131,1.4815081952215792,1.7644081088110397,2597.5889118346117,4051.4078947696244,8460.0,1611.9956404336945
2008/7/15 0:00,558837.0,1.722248840553732,1.6961011118473834,3076.485948512374,4079.3382181555075,12731.199782198091,1415.0
2008/7/22 0:00,577836.0,1.7667153238631386,1.7525014965576702,3225.8849438314664,4317.552747111914,12697.426524865725,1445.0
2008/7/29 0:00,833295.8900533743,2.3137681715502936,2.3761599022145674,5335.126038930774,8043.0,10043.491085842285,1652.9799284379799
2008/8/5 0:00,598189.0,1.8185815117736297,1.9155680255280458,3441.6069761994067,4555.545890372886,12534.86618287471,1613.6139306132181
2008/8/12 0:00,577735.0603461347,1.7695395703227064,1.8754839316025027,3263.2828568249165,4293.180621153157,12539.831843835125,1608.0936913847324
2008/8/19 0:00,544432.0,1.6919469671898355,1.8102792611607583,3004.820827120667,3870.2970899068955,12547.838733005105,1599.1964365282574
2008/8/26 0:00,1171084.7059434312,0.5261331022989566,1.9335812803074077,4496.0,12461.0,7204.995794219662,1605.1534065065387
2008/9/2 0:00,589318.8434905877,2.1612337629290437,2.056017629096459,3865.0,4462.348951394897,12742.244261506195,1629.3090785091697
2008/9/9 0:00,550124.1124643607,1.7077925756271384,1.5907107946441101,3045.8871648971176,3993.3568187586075,12848.907823882882,1296.0
2008/9/16 0:00,577735.0603461347,1.7695395703227064,1.8754839316025027,3263.2828568249165,4293.180621153157,12539.831843835125,1608.0936913847324
2008/9/23 0:00,548618.5155669276,1.704410012361734,1.71805,3033.9823426967578,3976.969357240106,12865.79000292096,1279.0
2008/9/30 0:00,577728.2078279866,1.7695543189570913,1.55965,3263.3079136914184,4293.182311994051,12539.85396556425,1607.9832466013647
2008/10/7 0:00,577735.0603461347,1.7695395703227064,1.8754839316025027,3263.2828568249165,4293.180621153157,12539.831843835125,1608.0936913847324
2008/10/14 0:00,577735.0603461347,1.7695395703227064,1.8754839316025027,3263.2828568249165,4293.180621153157,12539.831843835125,1608.0936913847324
2008/10/21 0:00,577735.0603461347,1.7695395703227064,1.8754839316025027,3263.2828568249165,4293.180621153157,12539.831843835125,1608.0936913847324
2008/10/28 0:00,577735.0603461347,1.7695395703227064,1.8754839316025027,3263.2828568249165,4293.180621153157,12539.831843835125,1608.0936913847324
2008/11/4 0:00,577735.0603461347,1.7695395703227064,1.8754839316025027,3263.2828568249165,4293.180621153157,12539.831843835125,1608.0936913847324
2008/11/11 0:00,506019.0,1.6014580492615664,1.7350433420215268,2692.707681957038,3380.640632658534,12557.108494490298,1588.894165190832
2008/11/18 0:00,554363.4980260201,1.0660390695971387,1.5488078568669152,2167.0,3956.5733365102583,12180.3026926543,1569.5777684916543
2008/11/25 0:00,577735.0603461347,1.7695395703227064,1.8754839316025027,3263.2828568249165,4293.180621153157,12539.831843835125,1608.0936913847324
2008/12/2 0:00,577735.0603461347,1.7695395703227064,1.8754839316025027,3263.2828568249165,4293.180621153157,12539.831843835125,1608.0936913847324
2008/12/9 0:00,577754.6842525812,4.05315,1.8748000812411192,3249.142702647894,4292.995001890799,12539.94098541182,1608.3797818941346
2008/12/16 0:00,577785.6023201513,1.7694281759855244,4.08756,3262.9924111046657,4293.169087172734,12539.673030481667,1608.9074662668709
2008/12/23 0:00,1266785.7732966621,3.2657206761428483,3.2253320908239402,8848.75387489324,14152.0,7051.21075939097,1741.3604425765795
2008/12/30 0:00,577735.0603461347,1.7695395703227064,1.8754839316025027,3263.2828568249165,4293.180621153157,12539.831843835125,1608.0936913847324
2009/1/6 0:00,701245.9420128816,5.668049750943794,3.680104514609411,9302.0,6081.843661717513,14541.582488742799,1820.5688738950553
2009/1/13 0:00,577735.0603461347,1.7695395703227064,1.8754839316025027,3263.2828568249165,4293.180621153157,12539.831843835125,1608.0936913847324
2009/1/20 0:00,577735.0603461347,1.7695395703227064,1.8754839316025027,3263.2828568249165,4293.180621153157,12539.831843835125,1608.0936913847324
2009/1/27 0:00,577735.0603461347,1.7695395703227064,1.8754839316025027,3263.2828568249165,4293.180621153157,12539.831843835125,1608.0936913847324
2009/2/3 0:00,577735.0603461347,1.7695395703227064,1.8754839316025027,3263.2828568249165,4293.180621153157,12539.831843835125,1608.0936913847324
2009/2/10 0:00,577735.0603461347,1.7695395703227064,1.8754839316025027,3263.2828568249165,4293.180621153157,12539.831843835125,1608.0936913847324
2009/2/17 0:00,1302265.3839729836,3.3436346149679252,3.2948338250316738,9136.331861139926,14652.0,6806.303219167387,1748.5940744425614
2009/2/24 0:00,577735.0603461347,1.7695395703227064,1.8754839316025027,3263.2828568249165,4293.180621153157,12539.831843835125,1608.0936913847324
2009/3/3 0:00,623360.3857615349,1.8719818588938892,2.3448883285054762,3623.195947328191,4789.567760780191,12028.126730896292,2122.0
2009/3/10 0:00,719840.2717406289,2.2640874167423704,2.18033722488326,4412.5717086438435,4710.428234261079,19325.0,1748.6288079980081
2009/3/17 0:00,577735.0603461347,1.7695395703227064,1.8754839316025027,3263.2828568249165,4293.180621153157,12539.831843835125,1608.0936913847324
2009/3/24 0:00,577735.0603461347,1.7695395703227064,1.8754839316025027,3263.2828568249165,4293.180621153157,12539.831843835125,1608.0936913847324
2009/3/31 0:00,577735.0603461347,1.7695395703227064,1.8754839316025027,3263.2828568249165,4293.180621153157,12539.831843835125,1608.0936913847324
2009/4/7 0:00,577735.0603461347,1.7695395703227064,1.8754839316025027,3263.2828568249165,4293.180621153157,12539.831843835125,1608.0936913847324
2009/4/14 0:00,577735.8659970333,1.86738,1.875135655158374,3262.6781004259024,4293.172684902228,12539.836252930194,1608.1054392641227
2009/4/21 0:00,577735.0603461347,1.7695395703227064,1.8754839316025027,3263.2828568249165,4293.180621153157,12539.831843835125,1608.0936913847324
2009/4/28 0:00,705600.9848549436,2.847971489491613,2.447315350142162,5333.0,5655.0,14465.061993829551,1694.7137054693874
2009/5/5 0:00,577735.0603461347,1.7695395703227064,1.8754839316025027,3263.2828568249165,4293.180621153157,12539.831843835125,1608.0936913847324
2009/5/12 0:00,622894.9144285793,3.213214060235771,2.54321382373746,5496.0,4948.167577941926,13282.012635356277,1686.6834993799428
2009/5/19 0:00,577737.6718991419,1.769533518596802,1.97649,3263.2558888573567,4293.1801312856705,12539.824130253719,1608.135645905684
2009/5/26 0:00,645754.4434986921,2.8086781411962534,2.634089658546145,5040.0,5169.754845125882,12643.227861327985,1990.0
2009/6/2 0:00,577735.0603461347,1.7695395703227064,1.8754839316025027,3263.2828568249165,4293.180621153157,12539.831843835125,1608.0936913847324
2009/6/9 0:00,577735.0603461347,1.7695395703227064,1.8754839316025027,3263.2828568249165,4293.180621153157,12539.831843835125,1608.0936913847324
2009/6/16 0:00,577735.0603461347,1.7695395703227064,1.8754839316025027,3263.2828568249165,4293.180621153157,12539.831843835125,1608.0936913847324
2009/6/23 0:00,577735.0603461347,1.7695395703227064,1.8754839316025027,3263.2828568249165,4293.180621153157,12539.831843835125,1608.0936913847324
2009/6/30 0:00,577725.7437275106,1.7695597346160525,1.45112,3263.32145906912,4293.182879771326,12539.861733595752,1607.943567356339
2009/7/7 0:00,502823.7063199777,1.5069339168217653,1.7779214984038845,2656.557059765912,4072.819232076616,8813.0,1616.4348036320557
2009/7/14 0:00,577735.0603461347,1.7695395703227064,1.8754839316025027,3263.2828568249165,4293.180621153157,12539.831843835125,1608.0936913847324
2009/7/21 0:00,577735.0603461347,1.7695395703227064,1.8754839316025027,3263.2828568249165,4293.180621153157,12539.831843835125,1608.0936913847324
2009/7/28 0:00,495123.251706022,1.4800676444234,1.763642477675603,2594.247940280426,4050.1947878400483,8440.0,1611.7441297709045
2009/8/4 0:00,577735.0603461347,1.7695395703227064,1.8754839316025027,3263.2828568249165,4293.180621153157,12539.831843835125,1608.0936913847324
2009/8/11 0:00,479784.2764294295,1.4265511822428039,1.735199280868983,2470.1308470425643,4005.127865406349,7697.0,1602.400508648004
2009/8/18 0:00,577735.0603461347,1.7695395703227064,1.8754839316025027,3263.2828568249165,4293.180621153157,12539.831843835125,1608.0936913847324
2009/8/25 0:00,417829.64903365716,1.401395947880303,1.5622945945979154,1967.587819981639,2188.0,12911.358381860044,1568.2740992873005
2009/9/1 0:00,577735.0603461347,1.7695395703227064,1.8754839316025027,3263.2828568249165,4293.180621153157,12539.831843835125,1608.0936913847324
2009/9/8 0:00,577735.0603461347,1.7695395703227064,1.8754839316025027,3263.2828568249165,4293.180621153157,12539.831843835125,1608.0936913847324
2009/9/15 0:00,410380.07134279335,1.219109207139411,1.4885445150248415,1931.3328355805309,3665.948000535756,5316.0,1405.0
2009/9/22 0:00,577735.0603461347,1.7695395703227064,1.8754839316025027,3263.2828568249165,4293.180621153157,12539.831843835125,1608.0936913847324
2009/9/29 0:00,554645.9646897309,1.7179301706005958,1.6372762356040766,3081.532138146496,4042.517542781735,12798.23005664037,1347.0
2009/10/6 0:00,545829.5285305755,0.7990369033682896,0.903133,1753.0,3833.2545741083295,12043.328585806601,1554.832071884939
2009/10/13 0:00,577735.0603461347,1.7695395703227064,1.8754839316025027,3263.2828568249165,4293.180621153157,12539.831843835125,1608.0936913847324
2009/10/20 0:00,577735.0603461347,1.7695395703227064,1.8754839316025027,3263.2828568249165,4293.180621153157,12539.831843835125,1608.0936913847324
2009/10/27 0:00,546045.5790846145,1.6986488625194056,1.5487105930187681,3013.736796868266,3949.0157735612825,12894.617182572207,1250.0
2009/11/3 0:00,545239.16266908,1.6968764083872543,0.786882,3007.5367221086435,3940.344516694719,12903.61411610885,1241.0
2009/11/10 0:00,577735.0603461347,1.7695395703227064,1.8754839316025027,3263.2828568249165,4293.180621153157,12539.831843835125,1608.0936913847324
2009/11/17 0:00,577735.0603461347,1.7695395703227064,1.8754839316025027,3263.2828568249165,4293.180621153157,12539.831843835125,1608.0936913847324
2009/11/24 0:00,577735.0603461347,1.7695395703227064,1.8754839316025027,3263.2828568249165,4293.180621153157,12539.831843835125,1608.0936913847324
2009/12/1 0:00,239863.70654637078,0.7796491539148178,0.5231245098711952,538.2633000085559,1866.0,5007.0,524.3774766653024
2009/12/8 0:00,577735.0603461347,1.7695395703227064,1.8754839316025027,3263.2828568249165,4293.180621153157,12539.831843835125,1608.0936913847324
2009/12/15 0:00,589930.0,1.799125911502017,1.8993919013992127,3374.500984324083,4450.267138897756,12536.859231064273,1611.398887295178
2009/12/22 0:00,577735.0603461347,1.7695395703227064,1.8754839316025027,3263.2828568249165,4293.180621153157,12539.831843835125,1608.0936913847324
2009/12/29 0:00,577735.0603461347,1.7695395703227064,1.8754839316025027,3263.2828568249165,4293.180621153157,12539.831843835125,1608.0936913847324
2010/1/5 0:00,577735.0603461347,1.7695395703227064,1.8754839316025027,3263.2828568249165,4293.180621153157,12539.831843835125,1608.0936913847324
2010/1/12 0:00,577735.0603461347,1.7695395703227064,1.8754839316025027,3263.2828568249165,4293.180621153157,12539.831843835125,1608.0936913847324
2010/1/19 0:00,572417.5839932909,1.6316961638572707,1.8107766261600773,3044.0,4217.801377884718,12470.539886931741,1600.4283920990572
2010/1/26 0:00,576164.2700207063,1.749084523213753,1.8651418667614053,3226.0,4272.0128984436105,12530.771550966521,1606.8306879902154
2010/2/2 0:00,577735.0603461347,1.7695395703227064,1.8754839316025027,3263.2828568249165,4293.180621153157,12539.831843835125,1608.0936913847324
2010/2/9 0:00,594589.0694230876,1.7895631911183614,1.908552234446688,3400.301347462811,4679.0,11691.22901646632,1604.3120532436399
2010/2/16 0:00,577735.0603461347,1.7695395703227064,1.8754839316025027,3263.2828568249165,4293.180621153157,12539.831843835125,1608.0936913847324
2010/2/23 0:00,577735.0603461347,1.7695395703227064,1.8754839316025027,3263.2828568249165,4293.180621153157,12539.831843835125,1608.0936913847324
2010/3/2 0:00,577735.0603461347,1.7695395703227064,1.8754839316025027,3263.2828568249165,4293.180621153157,12539.831843835125,1608.0936913847324
2010/3/9 0:00,577735.0603461347,1.7695395703227064,1.8754839316025027,3263.2828568249165,4293.180621153157,12539.831843835125,1608.0936913847324
2010/3/16 0:00,577750.8426785228,1.76950457154868,2.55659,3263.183487921174,4293.177096478716,12539.78260961359,1608.3477340844368
2010/3/23 0:00,577735.0603461347,1.7695395703227064,1.8754839316025027,3263.2828568249165,4293.180621153157,12539.831843835125,1608.0936913847324
2010/3/30 0:00,663696.7369908725,4.491586193440128,3.1352572681134916,7478.0,5538.536994138251,13937.942075559116,1756.405205183666
2010/4/6 0:00,577753.9059461561,1.7694978390259735,2.69151,3263.1666488687497,4293.176390641528,12539.772952718627,1608.3970616780962
2010/4/13 0:00,577735.0603461347,1.7695395703227064,1.8754839316025027,3263.2828568249165,4293.180621153157,12539.831843835125,1608.0936913847324
2010/4/20 0:00,577735.0603461347,1.7695395703227064,1.8754839316025027,3263.2828568249165,4293.180621153157,12539.831843835125,1608.0936913847324
2010/4/27 0:00,607844.226164676,1.837195993799071,2.1851049527067516,3500.884764609758,4620.8790018773125,12202.021030257865,1947.0
2010/5/4 0:00,577735.0603461347,1.7695395703227064,1.8754839316025027,3263.2828568249165,4293.180621153157,12539.831843835125,1608.0936913847324
2010/5/11 0:00,577735.0603461347,1.7695395703227064,1.8754839316025027,3263.2828568249165,4293.180621153157,12539.831843835125,1608.0936913847324
2010/5/18 0:00,1075795.334619516,3.5059862605062904,2.8403878295102913,7292.823285503941,5756.247718247424,36567.0,1965.4561503950529
2010/5/25 0:00,577735.0603461347,1.7695395703227064,1.8754839316025027,3263.2828568249165,4293.180621153157,12539.831843835125,1608.0936913847324
2010/6/1 0:00,577735.0603461347,1.7695395703227064,1.8754839316025027,3263.2828568249165,4293.180621153157,12539.831843835125,1608.0936913847324
2010/6/8 0:00,577735.0603461347,1.7695395703227064,1.8754839316025027,3263.2828568249165,4293.180621153157,12539.831843835125,1608.0936913847324
2010/6/15 0:00,577735.0603461347,1.7695395703227064,1.8754839316025027,3263.2828568249165,4293.180621153157,12539.831843835125,1608.0936913847324
2010/6/22 0:00,600332.4535162317,2.5063039401571245,2.2158275396541285,4400.0,4621.706992598245,12919.29887831171,1648.1290142331775
2010/6/29 0:00,577735.0603461347,1.7695395703227064,1.8754839316025027,3263.2828568249165,4293.180621153157,12539.831843835125,1608.0936913847324
2010/7/6 0:00,585932.0444180651,1.7705521900457484,1.8915938112913864,3330.132318818594,4557.0,11750.986456280863,1602.5470470683322
2010/7/13 0:00,691707.0,2.0388804373138214,2.098732909467799,4201.459034341514,5747.634312754687,12512.298574133627,1638.6952262926127
2010/7/20 0:00,577735.0603461347,1.7695395703227064,1.8754839316025027,3263.2828568249165,4293.180621153157,12539.831843835125,1608.0936913847324
2010/7/27 0:00,577730.1197985312,1.19995,1.8752381234553468,3266.8111659080746,4293.226940826828,12539.804272621104,1608.0216680980996
2010/8/3 0:00,577735.0603461347,1.7695395703227064,1.8754839316025027,3263.2828568249165,4293.180621153157,12539.831843835125,1608.0936913847324
2010/8/10 0:00,577735.0603461347,1.7695395703227064,1.8754839316025027,3263.2828568249165,4293.180621153157,12539.831843835125,1608.0936913847324
2010/8/17 0:00,558190.560743885,1.06712,1.6042123979532334,2353.0,4011.8813848477594,12241.84568326664,1576.0929433497865
2010/8/24 0:00,577735.0603461347,1.7695395703227064,1.8754839316025027,3263.2828568249165,4293.180621153157,12539.831843835125,1608.0936913847324
2010/8/31 0:00,403070.1309923075,1.368983749328038,1.5333818731669453,1847.9553777029985,1980.0,13013.239918593028,1565.2649084310542
2010/9/7 0:00,435398.27798437595,1.2716919713589618,1.652893933474843,2110.9764049680334,3874.718870477068,5547.0,1575.3631123973619
2010/9/14 0:00,577735.0603461347,1.7695395703227064,1.8754839316025027,3263.2828568249165,4293.180621153157,12539.831843835125,1608.0936913847324
2010/9/21 0:00,328623.62797750346,1.406067552004572,1.4979187119861308,1604.0,1422.0,11322.495192629509,1539.293789013419
2010/9/28 0:00,577735.0603461347,1.7695395703227064,1.8754839316025027,3263.2828568249165,4293.180621153157,12539.831843835125,1608.0936913847324
2010/10/5 0:00,352618.12461057946,1.258190128314311,1.434550407111601,1439.0194812601553,1269.0,13361.498440790925,1554.978683917617
2010/10/12 0:00,543385.6660108676,1.6926855713577993,1.5213191571492644,2992.7691655451144,3920.097700606503,12924.427633891344,1220.0
2010/10/19 0:00,577735.0603461347,1.7695395703227064,1.8754839316025027,3263.2828568249165,4293.180621153157,12539.831843835125,1608.0936913847324
2010/10/26 0:00,514262.0,1.6208759585747998,1.7511881284590345,2759.6836707000107,3485.715429656901,12555.119307394196,1591.1049173485455
2010/11/2 0:00,577735.0603461347,1.7695395703227064,1.8754839316025027,3263.2828568249165,4293.180621153157,12539.831843835125,1608.0936913847324
2010/11/9 0:00,393613.50549470715,1.1259082305055585,1.5754120622368646,1772.8700836848361,3751.952449204109,3523.0,1549.910233322331
2010/11/16 0:00,577735.0603461347,1.7695395703227064,1.8754839316025027,3263.2828568249165,4293.180621153157,12539.831843835125,1608.0936913847324
2010/11/23 0:00,577711.1086553431,1.7695918999248192,0.806526,3263.4019093519087,4293.186251980174,12539.907870392019,1607.7078997688557
2010/11/30 0:00,577735.0603461347,1.7695395703227064,1.8754839316025027,3263.2828568249165,4293.180621153157,12539.831843835125,1608.0936913847324
2010/12/7 0:00,543144.0261307377,0.7145189825146758,1.3860108451735869,1622.0,3794.236640331147,11999.938643758964,1550.4060582681277
2010/12/14 0:00,575887.0,1.7660450306944426,1.8718872021381685,3260.398860107481,4271.258844072077,12540.24806454609,1607.63258952121
2010/12/21 0:00,577728.7083669467,1.03601,1.8752632926043589,3267.8263656371,4293.240267642045,12539.796417337579,1608.0010914908814
2010/12/28 0:00,605162.0,1.8353671067002892,1.10846,3496.8607099902824,4644.435989223217,12533.238027684798,1615.2260224584863
2011/1/4 0:00,509863.75912803336,1.603504705200578,1.7425820931493945,2713.565116305634,3485.0,12276.068222520147,1587.0381403476674
2011/1/11 0:00,577735.0603461347,1.7695395703227064,1.8754839316025027,3263.2828568249165,4293.180621153157,12539.831843835125,1608.0936913847324
2011/1/18 0:00,577735.0603461347,1.7695395703227064,1.8754839316025027,3263.2828568249165,4293.180621153157,12539.831843835125,1608.0936913847324
2011/1/25 0:00,577730.9117809117,1.29194,1.8752240005269414,3266.2415171153766,4293.219462885316,12539.808680377153,1608.0332140423388
2011/2/1 0:00,593098.9257746822,1.7862908056873152,1.9056331616084208,3388.223072040442,4658.0,11701.515133155706,1604.0082407052655
2011/2/8 0:00,601899.0096992577,2.1586459532032336,2.3218603437635466,3949.0,4752.966753829921,11496.0,1946.0
2011/2/15 0:00,590512.8423344896,2.1986432400859144,2.0733428156527225,3923.0,4479.625150254326,12761.438967627175,1631.3493706063525
2011/2/22 0:00,626731.0,1.8858174656284632,1.971470548218349,3673.5163139043675,4919.375182612042,12527.978474746986,1621.26882423029
2011/3/1 0:00,557862.3443918435,1.698959338321913,1.8799801291934273,3101.9085679383493,4234.526385788923,11479.0,1649.9611749828623
2011/3/8 0:00,549239.7469626509,1.6900027572315253,1.51811,3032.7932745203743,4040.0,12004.250026706837,1594.9645720667136
2011/3/15 0:00,577733.8565537502,1.63398,1.8751714882819215,3264.1234317468425,4293.19165817703,12539.825069429084,1608.0761445213786
2011/3/22 0:00,613013.5446859454,2.903618387208155,2.3998329694004497,5016.0,4805.1921391052765,13123.159895044784,1669.7983234032574
2011/3/29 0:00,577735.0603461347,1.7695395703227064,1.8754839316025027,3263.2828568249165,4293.180621153157,12539.831843835125,1608.0936913847324
2011/4/5 0:00,577732.917613325,1.7695439676822957,1.76709,3263.2820235859103,4293.181226766754,12539.839118052456,1608.0590879594097
2011/4/12 0:00,577735.0603461347,1.7695395703227064,1.8754839316025027,3263.2828568249165,4293.180621153157,12539.831843835125,1608.0936913847324
2011/4/19 0:00,577735.0603461347,1.7695395703227064,1.8754839316025027,3263.2828568249165,4293.180621153157,12539.831843835125,1608.0936913847324
2011/4/26 0:00,577735.0603461347,1.7695395703227064,1.8754839316025027,3263.2828568249165,4293.180621153157,12539.831843835125,1608.0936913847324
2011/5/3 0:00,577735.0603461347,1.7695395703227064,1.8754839316025027,3263.2828568249165,4293.180621153157,12539.831843835125,1608.0936913847324
2011/5/10 0:00,577735.0603461347,1.7695395703227064,1.8754839316025027,3263.2828568249165,4293.180621153157,12539.831843835125,1608.0936913847324
2011/5/17 0:00,577737.8645063278,2.09951,1.8751000170123007,3261.2406335898627,4293.153814866751,12539.84737557848,1608.1345746053091
2011/5/24 0:00,577735.0603461347,1.7695395703227064,1.8754839316025027,3263.2828568249165,4293.180621153157,12539.831843835125,1608.0936913847324
2011/5/31 0:00,788242.0,2.2603501835215525,2.413958269778959,4894.663924245844,6949.224662922233,12275.960972985433,1826.0
2011/6/7 0:00,577735.0603461347,1.7695395703227064,1.8754839316025027,3263.2828568249165,4293.180621153157,12539.831843835125,1608.0936913847324
2011/6/14 0:00,674938.1570345866,2.1074275173592127,2.0970748385479965,4049.2410521265947,4578.502855669829,17150.0,1721.2770234188658
2011/6/21 0:00,665832.1276611402,1.9460143802830885,2.0481117167400953,3977.7579438462226,5683.0,11199.454675697432,1618.837186030535
2011/6/28 0:00,590643.4549544436,1.7986333776294146,2.007973667496117,3365.294082053296,4433.87546343641,12394.79528212154,1753.0
2011/7/5 0:00,577735.0603461347,1.7695395703227064,1.8754839316025027,3263.2828568249165,4293.180621153157,12539.831843835125,1608.0936913847324
2011/7/12 0:00,550594.3521844497,1.6929499069743201,1.822370084024442,3043.704644516874,4059.0,11994.914366343522,1595.3423497298168
2011/7/19 0:00,577735.0603461347,1.7695395703227064,1.8754839316025027,3263.2828568249165,4293.180621153157,12539.831843835125,1608.0936913847324
2011/7/26 0:00,577735.0603461347,1.7695395703227064,1.8754839316025027,3263.2828568249165,4293.180621153157,12539.831843835125,1608.0936913847324
2011/8/2 0:00,577731.8008777747,1.39521,1.8752081458296743,3265.60201683468,4293.211067983479,12539.813628621196,1608.0461757736298
2011/8/9 0:00,508657.45236503874,1.6008556312777387,1.7402190341781534,2703.787464773241,3468.0,12284.395078887756,1586.792196864223
2011/8/16 0:00,577735.0603461347,1.7695395703227064,1.8754839316025027,3263.2828568249165,4293.180621153157,12539.831843835125,1608.0936913847324
2011/8/23 0:00,577717.1181269663,1.23028,1.27731,3266.6840616455247,4293.227646403363,12539.848054779113,1607.8118057305883
2011/8/30 0:00,550614.0,1.7067345879291338,1.2991,3054.0067480676826,3949.102612909627,12546.387245406955,1600.631696799996
2011/9/6 0:00,440785.43407226895,1.444389874792762,1.752933601019322,2336.0,3703.414694319218,6765.0,1637.383450778111
2011/9/13 0:00,577735.0603461347,1.7695395703227064,1.8754839316025027,3263.2828568249165,4293.180621153157,12539.831843835125,1608.0936913847324
2011/9/20 0:00,577716.7909577715,1.7695794112237877,1.0568,3263.3706732341907,4293.184942665788,12539.889957037953,1607.7994015045049
2011/9/27 0:00,577729.3123191588,1.10616,1.8752525227064325,3267.3919612147965,4293.234565091798,12539.799778616936,1608.0098962303998
2011/10/4 0:00,577735.0603461347,1.7695395703227064,1.8754839316025027,3263.2828568249165,4293.180621153157,12539.831843835125,1608.0936913847324
2011/10/11 0:00,558637.0,1.725409468926557,1.8381012545396516,3120.239233052236,4051.3704238098157,12544.41080595184,1603.0061823004683
2011/10/18 0:00,392232.1729588629,1.1982661820371163,1.6019332047981152,1818.0,3451.166985862459,4931.0,1579.42241627719
2011/10/25 0:00,577735.0603461347,1.7695395703227064,1.8754839316025027,3263.2828568249165,4293.180621153157,12539.831843835125,1608.0936913847324
2011/11/1 0:00,577735.0603461347,1.7695395703227064,1.8754839316025027,3263.2828568249165,4293.180621153157,12539.831843835125,1608.0936913847324
2011/11/8 0:00,424642.4151053652,1.2341656230460671,1.632949242299219,2023.9440959815906,3843.1174349616476,5026.0,1568.8112596315032
2011/11/15 0:00,387104.3061879632,1.333922476854525,1.502106092761096,1718.5452838919596,1755.0,13123.448311693623,1562.0097740913588
2011/11/22 0:00,413572.09575249883,1.3920462752199114,1.553954386490659,1933.0784616320238,2128.0,12940.747286686872,1567.4060634633827
2011/11/29 0:00,577735.0603461347,1.7695395703227064,1.8754839316025027,3263.2828568249165,4293.180621153157,12539.831843835125,1608.0936913847324
2011/12/6 0:00,577735.0603461347,1.7695395703227064,1.8754839316025027,3263.2828568249165,4293.180621153157,12539.831843835125,1608.0936913847324
2011/12/13 0:00,554548.7737086939,1.0718439884681743,1.5514962478882808,2176.0,3959.2541259884442,12183.281181535132,1569.8943655412158
2011/12/20 0:00,473461.6785741282,1.523565003961778,1.671273313841084,2418.5101024164974,2972.0,12527.343358789516,1579.6164340531675
2011/12/27 0:00,559592.3895148302,1.2298667799082637,1.6246802256282535,2421.0,4032.2311728946506,12264.362267735794,1578.51284077931
2012/1/3 0:00,577735.0603461347,1.7695395703227064,1.8754839316025027,3263.2828568249165,4293.180621153157,12539.831843835125,1608.0936913847324
2012/1/10 0:00,558662.1402749153,1.5752052707162534,2.0686450471548596,2960.0,4381.313464849771,10158.0,1940.0
2012/1/17 0:00,797444.0,1.289108517664829,1.7352212335281365,3202.0,4233.0,25483.702608118823,1737.3222972536387
2012/1/24 0:00,546177.4722430531,1.658191750710614,1.8583127679667086,3007.3590729549924,4200.195459681958,10913.0,1642.8434232257139
2012/1/31 0:00,577735.0603461347,1.7695395703227064,1.8754839316025027,3263.2828568249165,4293.180621153157,12539.831843835125,1608.0936913847324
2012/2/7 0:00,577735.0603461347,1.7695395703227064,1.8754839316025027,3263.2828568249165,4293.180621153157,12539.831843835125,1608.0936913847324
2012/2/14 0:00,602124.4749342597,1.8533863839662104,1.9620557872549398,3460.060718546623,4364.571448639332,13623.0,1676.9231180346655
2012/2/21 0:00,577735.0603461347,1.7695395703227064,1.8754839316025027,3263.2828568249165,4293.180621153157,12539.831843835125,1608.0936913847324
2012/2/28 0:00,577735.0603461347,1.7695395703227064,1.8754839316025027,3263.2828568249165,4293.180621153157,12539.831843835125,1608.0936913847324
2012/3/6 0:00,1032975.1389397081,2.7522678192722765,2.767315662382316,6953.614945527351,10857.0,8665.151449464145,1693.690808579744
2012/3/13 0:00,928495.7537332589,2.9920697629837036,2.567248920797283,6100.931683549611,5323.471821121655,29432.0,1875.729721442324
2012/3/20 0:00,604386.3391688043,1.8294437152895284,2.1494960860800347,3473.6268438896236,4583.285507036097,12240.774616972725,1908.0
2012/3/27 0:00,577829.6128393163,1.769331448628293,6.02598,3262.7504813982105,4293.158946282381,12539.534288128167,1609.6161647110569
2012/4/3 0:00,687051.0,2.0312038848774705,2.3521760735056887,4191.212221605021,5638.66506898242,12148.617063017884,1982.0
2012/4/10 0:00,577735.0603461347,1.7695395703227064,1.8754839316025027,3263.2828568249165,4293.180621153157,12539.831843835125,1608.0936913847324
2012/4/17 0:00,577735.0603461347,1.7695395703227064,1.8754839316025027,3263.2828568249165,4293.180621153157,12539.831843835125,1608.0936913847324
2012/4/24 0:00,577756.0957702601,4.2171,1.874774910549604,3248.1274409937973,4292.981674262674,12539.948841174488,1608.4003597564845
2012/5/1 0:00,577735.0603461347,1.7695395703227064,1.8754839316025027,3263.2828568249165,4293.180621153157,12539.831843835125,1608.0936913847324
2012/5/8 0:00,836730.2825294158,2.671907347920353,2.3970874002297933,5358.4007556327115,5053.858806023679,24987.0,1819.8314766357519
2012/5/15 0:00,929243.1835349689,3.0197,2.89421,6109.690536081908,9395.0,9381.052991249995,1672.7011154514034
2012/5/22 0:00,577735.0603461347,1.7695395703227064,1.8754839316025027,3263.2828568249165,4293.180621153157,12539.831843835125,1608.0936913847324
2012/5/29 0:00,577735.0603461347,1.7695395703227064,1.8754839316025027,3263.2828568249165,4293.180621153157,12539.831843835125,1608.0936913847324
2012/6/5 0:00,577735.0603461347,1.7695395703227064,1.8754839316025027,3263.2828568249165,4293.180621153157,12539.831843835125,1608.0936913847324
2012/6/12 0:00,577748.0196226558,1.7695107761269924,2.43225,3263.19900650831,4293.177746966385,12539.79150924537,1608.302274604783
2012/6/19 0:00,635795.8998011816,1.9708633016176123,2.024493006596458,3732.5169487901453,4463.50031874615,15254.0,1697.4338125857362
2012/6/26 0:00,604003.1381242594,1.8599408901014272,1.9655394089350011,3475.262139118152,4370.091085168896,13714.0,1678.067491550392
2012/7/3 0:00,577735.0603461347,1.7695395703227064,1.8754839316025027,3263.2828568249165,4293.180621153157,12539.831843835125,1608.0936913847324
2012/7/10 0:00,573767.1796655396,1.43006,1.49713,3110.0,4237.275468420732,12492.393055948694,1602.6067419633368
2012/7/17 0:00,577735.0603461347,1.7695395703227064,1.8754839316025027,3263.2828568249165,4293.180621153157,12539.831843835125,1608.0936913847324
2012/7/24 0:00,563030.2827377885,1.3375802744808993,1.674564814529731,2588.0,4081.974710989902,12319.629783635839,1584.3874749212034
2012/7/31 0:00,577719.9545785247,1.769572458143159,1.19614,3263.3532825318102,4293.184213705264,12539.879983781626,1607.8503450777312
2012/8/7 0:00,579737.8113520799,1.7741838838761055,1.895668780496635,3279.3267936283364,4315.311364321815,12517.018132529956,1630.0
2012/8/14 0:00,577729.0305321893,1.07343,1.875257547631918,3267.5946419951524,4293.237225739971,12539.798210339339,1608.0057881887114
2012/8/21 0:00,577735.0603461347,1.7695395703227064,1.8754839316025027,3263.2828568249165,4293.180621153157,12539.831843835125,1608.0936913847324
2012/8/28 0:00,577735.0603461347,1.7695395703227064,1.8754839316025027,3263.2828568249165,4293.180621153157,12539.831843835125,1608.0936913847324
2012/9/4 0:00,577735.0603461347,1.7695395703227064,1.8754839316025027,3263.2828568249165,4293.180621153157,12539.831843835125,1608.0936913847324
2012/9/11 0:00,577727.7162925726,0.920779,1.8752809836259985,3268.539934503598,4293.249634863246,12539.790895975048,1607.9866284981654
2012/9/18 0:00,577715.5326840373,1.769582176688857,1.00138,3263.3775900758915,4293.185232596835,12539.893923722797,1607.7791396067844
2012/9/25 0:00,577735.0603461347,1.7695395703227064,1.8754839316025027,3263.2828568249165,4293.180621153157,12539.831843835125,1608.0936913847324
2012/10/2 0:00,577727.2174444032,0.862837,1.8752898792772612,3268.8987407906748,4293.254345015301,12539.788119649338,1607.9793560217915
2012/10/9 0:00,543833.0,1.690535912031521,1.8091060563747305,2999.953834853639,3862.661544183006,12547.983282692185,1599.035786213746
2012/10/16 0:00,577735.0603461347,1.7695395703227064,1.8754839316025027,3263.2828568249165,4293.180621153157,12539.831843835125,1608.0936913847324
2012/10/23 0:00,552695.3617689831,1.713557090415236,1.6171891826452338,3066.1558751761786,4021.31095594823,12820.091054274402,1325.0
2012/10/30 0:00,487617.0,1.5584915703098545,0.796937,2541.2287251013763,3146.0719306578626,12561.624708638796,1583.512731810767
2012/11/6 0:00,404996.2329920633,1.1656906658732282,0.779136,1864.9370873532782,3785.4388266179944,4075.0,1556.6670134872809
2012/11/13 0:00,577735.0603461347,1.7695395703227064,1.8754839316025027,3263.2828568249165,4293.180621153157,12539.831843835125,1608.0936913847324
2012/11/20 0:00,203919.34157642626,0.6782147144704709,0.825485,248.06607354050266,1561.0,4317.0,476.2586970537238
2012/11/27 0:00,540611.9251341877,0.635185091302958,1.3492695012500917,1499.0,3757.5991841292553,11959.232629054146,1546.0792319241011
2012/12/4 0:00,577735.0603461347,1.7695395703227064,1.8754839316025027,3263.2828568249165,4293.180621153157,12539.831843835125,1608.0936913847324
2012/12/11 0:00,549394.0368575287,0.9106135645002382,1.09107,1926.0,3884.786902004386,12100.572026614303,1560.9676931933614
2012/12/18 0:00,577729.2308738568,1.0967,1.8752539750676078,3267.450542338609,4293.23533410285,12539.799325335362,1608.0087088770708
2012/12/25 0:00,577735.0603461347,1.7695395703227064,1.8754839316025027,3263.2828568249165,4293.180621153157,12539.831843835125,1608.0936913847324
2013/1/1 0:00,577735.0603461347,1.7695395703227064,1.8754839316025027,3263.2828568249165,4293.180621153157,12539.831843835125,1608.0936913847324
2013/1/8 0:00,535999.6595763501,1.6226821735168073,1.839439960400341,2925.004124144414,4170.29237386794,10420.0,1636.6436853877758
2013/1/15 0:00,537892.6515623269,1.6650567168704242,1.7974884631621535,2940.751725440541,3880.0,12082.591265743544,1592.7527095217954
2013/1/22 0:00,614937.3276946688,1.853098103556988,2.258148781646014,3556.7984481381814,4697.993863090057,12122.526493406856,2027.0
2013/1/29 0:00,578981.8217915131,1.772643511687022,1.919142161936179,3272.7992629347423,4296.5768052366675,12502.0,1662.8259453849162
2013/2/5 0:00,614050.6900034192,1.8511103398400905,2.2490183030240587,3549.8092376971244,4688.35450543846,12132.463310513236,2017.0
2013/2/12 0:00,577735.0603461347,1.7695395703227064,1.8754839316025027,3263.2828568249165,4293.180621153157,12539.831843835125,1608.0936913847324
2013/2/19 0:00,577732.1361304318,1.7695456852439406,1.73267,3263.2863194663146,4293.181406835803,12539.84158166292,1608.0465037926942
2013/2/26 0:00,665926.0,2.11076,2.09858,3988.338017056346,4313.0,17978.84291156222,1685.7628475476054
2013/3/5 0:00,577735.0603461347,1.7695395703227064,1.8754839316025027,3263.2828568249165,4293.180621153157,12539.831843835125,1608.0936913847324
2013/3/12 0:00,577735.0603461347,1.7695395703227064,1.8754839316025027,3263.2828568249165,4293.180621153157,12539.831843835125,1608.0936913847324
2013/3/19 0:00,644695.6864232657,3.8962595138496567,2.8595478336246742,6555.0,5263.607139875278,13632.48149366849,1723.9364188784996
2013/3/26 0:00,615148.0,1.8585315692822064,1.9487840188885457,3579.402171285182,4771.724888588984,12530.773665106568,1618.162292355627
2013/4/2 0:00,615469.310309418,1.854290761788036,2.2636270688090008,3560.991974402817,4703.777477681013,12116.56440314304,2033.0
2013/4/9 0:00,617774.5683066658,1.8594589474601548,2.287366313223174,3579.163921549554,4728.839807575151,12090.728678666464,2059.0
2013/4/16 0:00,855297.0,2.424246903975984,2.419141209084046,5530.659810571408,7832.941366128789,12472.821306506468,1682.5696585964863
2013/4/23 0:00,577735.0603461347,1.7695395703227064,1.8754839316025027,3263.2828568249165,4293.180621153157,12539.831843835125,1608.0936913847324
2013/4/30 0:00,577758.3212563887,1.7694881349548837,2.88598,3263.142377518898,4293.175373267093,12539.759033534188,1608.4681611232327
2013/5/7 0:00,809743.1619438468,2.262021499405421,2.62172,5144.177410006214,7711.0,10206.081263141821,1648.2695562689291
2013/5/14 0:00,577735.0603461347,1.7695395703227064,1.8754839316025027,3263.2828568249165,4293.180621153157,12539.831843835125,1608.0936913847324
2013/5/21 0:00,577735.0603461347,1.7695395703227064,1.8754839316025027,3263.2828568249165,4293.180621153157,12539.831843835125,1608.0936913847324
2013/5/28 0:00,577736.1836305873,1.7695367895517506,1.91094,3263.2640700009015,4293.180474212057,12539.828821993022,1608.1116804167684
2013/6/4 0:00,577735.0603461347,1.7695395703227064,1.8754839316025027,3263.2828568249165,4293.180621153157,12539.831843835125,1608.0936913847324
2013/6/11 0:00,577735.0603461347,1.7695395703227064,1.8754839316025027,3263.2828568249165,4293.180621153157,12539.831843835125,1608.0936913847324
2013/6/18 0:00,577735.0603461347,1.7695395703227064,1.8754839316025027,3263.2828568249165,4293.180621153157,12539.831843835125,1608.0936913847324
2013/6/25 0:00,805133.0,2.300718684691276,2.4900403007377463,5037.5167470292035,7156.464496803002,12212.53684107214,1887.0
2013/7/2 0:00,623058.1504799731,1.9264223094720023,2.0008732859787415,3629.4479763436457,4426.0759699687715,14637.0,1689.6747086384573
2013/7/9 0:00,577735.0603461347,1.7695395703227064,1.8754839316025027,3263.2828568249165,4293.180621153157,12539.831843835125,1608.0936913847324
2013/7/16 0:00,566198.1184597524,1.727247639370546,1.51636,3170.263862857233,4279.0,11887.187676231842,1598.4080777616446
2013/7/23 0:00,568341.5189744544,1.5039879487317762,1.7516320237300533,2846.0,4158.8240093646,12405.013131553254,1593.4632570086726
2013/7/30 0:00,577735.0603461347,1.7695395703227064,1.8754839316025027,3263.2828568249165,4293.180621153157,12539.831843835125,1608.0936913847324
2013/8/6 0:00,577735.0603461347,1.7695395703227064,1.8754839316025027,3263.2828568249165,4293.180621153157,12539.831843835125,1608.0936913847324
2013/8/13 0:00,577735.0603461347,1.7695395703227064,1.8754839316025027,3263.2828568249165,4293.180621153157,12539.831843835125,1608.0936913847324
2013/8/20 0:00,679395.0,2.2989471979518044,1.29483,4091.224083369346,3068.0,24970.043757517713,1757.9946385583582
2013/8/27 0:00,577735.0603461347,1.7695395703227064,1.8754839316025027,3263.2828568249165,4293.180621153157,12539.831843835125,1608.0936913847324
2013/9/3 0:00,631143.0,1.19291,1.9691152142149804,3713.210111761006,4975.673110518009,12526.883383209231,1622.3703018877686
2013/9/10 0:00,555598.6692438492,1.104738528726159,1.5667304636663175,2227.0,3974.4452663648394,12200.15928519323,1571.688415488741
2013/9/17 0:00,554198.8085303095,1.0608791417139969,1.5464181759707571,2159.0,3954.1904125296433,12177.655146982455,1569.2963488920398
2013/9/24 0:00,419831.6650407721,1.2944213431670164,1.6567310944083147,2049.0,3579.105008064192,6038.0,1595.9753453014018
2013/10/1 0:00,538049.0,1.6737370710703203,1.6387913190010295,2914.7210322829287,3817.9216980272477,12762.486222669244,1388.0
2013/10/8 0:00,577735.0603461347,1.7695395703227064,1.8754839316025027,3263.2828568249165,4293.180621153157,12539.831843835125,1608.0936913847324
2013/10/15 0:00,542320.5786521847,0.6887193430953289,1.3740624406491406,1582.0,3782.32202042809,11986.700915399675,1548.9989602700725
2013/10/22 0:00,577735.0603461347,1.7695395703227064,1.8754839316025027,3263.2828568249165,4293.180621153157,12539.831843835125,1608.0936913847324
2013/10/29 0:00,577727.1309625787,0.852792,1.8752914214492193,3268.960944531536,4293.255161581474,12539.787638337122,1607.9780952433396
2013/11/5 0:00,577735.0603461347,1.7695395703227064,1.8754839316025027,3263.2828568249165,4293.180621153157,12539.831843835125,1608.0936913847324
2013/11/12 0:00,341885.248539581,0.761098,1.465055583315916,1528.0,1631.0,11007.081572485358,1534.079148560898
2013/11/19 0:00,577735.0603461347,1.7695395703227064,1.8754839316025027,3263.2828568249165,4293.180621153157,12539.831843835125,1608.0936913847324
2013/11/26 0:00,577713.3667140628,1.7695869371078174,0.905981,3263.389496603939,4293.185731678974,12539.90075190336,1607.7442611372726
2013/12/3 0:00,577735.0603461347,1.7695395703227064,1.8754839316025027,3263.2828568249165,4293.180621153157,12539.831843835125,1608.0936913847324
2013/12/10 0:00,577735.0603461347,1.7695395703227064,1.8754839316025027,3263.2828568249165,4293.180621153157,12539.831843835125,1608.0936913847324
2013/12/17 0:00,577735.0603461347,1.7695395703227064,1.8754839316025027,3263.2828568249165,4293.180621153157,12539.831843835125,1608.0936913847324
2013/12/24 0:00,507167.308716633,1.597583245847602,1.737299961336248,2691.709189350872,3447.0,12294.681195577143,1586.4883843258501
2013/12/31 0:00,577735.0603461347,1.7695395703227064,1.8754839316025027,3263.2828568249165,4293.180621153157,12539.831843835125,1608.0936913847324
2014/1/7 0:00,546053.8986623737,1.6465112860637987,1.3426569306066085,3014.1400455659405,4437.0,10977.0,958.4814747483686
2014/1/14 0:00,577735.0603461347,1.7695395703227064,1.8754839316025027,3263.2828568249165,4293.180621153157,12539.831843835125,1608.0936913847324
2014/1/21 0:00,649083.8107585291,1.9580833385066967,1.42547,3838.2462190224383,4955.0,13065.83232696424,2008.0
2014/1/28 0:00,584506.0451436464,1.42791,1.43909,3632.0,4392.50581608381,12665.148771080423,1620.857635465774
2014/2/4 0:00,577735.0603461347,1.7695395703227064,1.8754839316025027,3263.2828568249165,4293.180621153157,12539.831843835125,1608.0936913847324
2014/2/11 0:00,577734.078505112,1.65976,1.8751675303610682,3263.9637888957145,4293.189562499975,12539.826304693268,1608.0793802474584
2014/2/18 0:00,577735.0603461347,1.7695395703227064,1.8754839316025027,3263.2828568249165,4293.180621153157,12539.831843835125,1608.0936913847324
2014/2/25 0:00,684269.5390332678,2.139983965412796,2.1143781022801704,4124.747009251088,4605.9190722782205,17602.0,1726.9611643980686
2014/3/4 0:00,577735.0603461347,1.7695395703227064,1.8754839316025027,3263.2828568249165,4293.180621153157,12539.831843835125,1608.0936913847324
2014/3/11 0:00,662585.0828948261,4.4567566802239185,3.1191269219889364,7424.0,5522.452257269124,13920.071142274077,1754.5056228862882
2014/3/18 0:00,577735.0603461347,1.7695395703227064,1.8754839316025027,3263.2828568249165,4293.180621153157,12539.831843835125,1608.0936913847324
2014/3/25 0:00,577735.0603461347,1.7695395703227064,1.8754839316025027,3263.2828568249165,4293.180621153157,12539.831843835125,1608.0936913847324
2014/4/1 0:00,710098.002407324,5.945395874695862,3.8085498632826784,9732.0,6209.925825675339,14683.888068605153,1835.6951773741785
2014/4/8 0:00,657150.3295363771,4.2864790600620495,3.040267452121043,7160.0,5443.815765908973,13832.702135102765,1745.2187760991078
2014/4/15 0:00,1111680.3494394983,4.21022,2.925058509401424,7583.4960843106355,11966.0,8121.487362166362,1709.9010652104055
2014/4/22 0:00,577735.0603461347,1.7695395703227064,1.8754839316025027,3263.2828568249165,4293.180621153157,12539.831843835125,1608.0936913847324
2014/4/29 0:00,577735.0603461347,1.7695395703227064,1.8754839316025027,3263.2828568249165,4293.180621153157,12539.831843835125,1608.0936913847324
2014/5/6 0:00,577735.0603461347,1.7695395703227064,1.8754839316025027,3263.2828568249165,4293.180621153157,12539.831843835125,1608.0936913847324
2014/5/13 0:00,577735.0603461347,1.7695395703227064,1.8754839316025027,3263.2828568249165,4293.180621153157,12539.831843835125,1608.0936913847324
2014/5/20 0:00,577735.0603461347,1.7695395703227064,1.8754839316025027,3263.2828568249165,4293.180621153157,12539.831843835125,1608.0936913847324
2014/5/27 0:00,577735.0603461347,1.7695395703227064,1.8754839316025027,3263.2828568249165,4293.180621153157,12539.831843835125,1608.0936913847324
2014/6/3 0:00,577745.8052697635,1.7695156428840733,2.33472,3263.2111790015256,4293.178257196903,12539.7984899522,1608.266617028374
2014/6/10 0:00,577748.0564550457,2.35665,2.21286,3259.5921421785238,4293.131183509641,12539.835066607942,1608.2952209501427
2014/6/17 0:00,577735.0603461347,1.7695395703227064,1.8754839316025027,3263.2828568249165,4293.180621153157,12539.831843835125,1608.0936913847324
2014/6/24 0:00,688539.078493985,1.9958793011342664,2.092592826633336,4161.807855044144,6003.0,11042.713849954363,1623.466710424764
2014/7/1 0:00,595679.9752624084,2.360535977440634,2.1483190540639043,4174.0,4554.389390145994,12844.505713081715,1640.1789105441562
2014/7/8 0:00,577735.0603461347,1.7695395703227064,1.8754839316025027,3263.2828568249165,4293.180621153157,12539.831843835125,1608.0936913847324
2014/7/15 0:00,800974.0,2.296279041827404,2.3127438739065838,5089.274800686118,7140.477676047235,12485.930442818651,1668.000364715176
2014/7/22 0:00,577735.0603461347,1.7695395703227064,1.8754839316025027,3263.2828568249165,4293.180621153157,12539.831843835125,1608.0936913847324
2014/7/29 0:00,577735.0603461347,1.7695395703227064,1.8754839316025027,3263.2828568249165,4293.180621153157,12539.831843835125,1608.0936913847324
2014/8/5 0:00,577735.0603461347,1.7695395703227064,1.8754839316025027,3263.2828568249165,4293.180621153157,12539.831843835125,1608.0936913847324
2014/8/12 0:00,584880.3099613247,1.7857129134513912,1.9486255564879684,3319.864214186454,4371.219638701057,12459.384593312976,1688.0
2014/8/19 0:00,577723.0148945956,1.7695657321096974,1.33093,3263.3364597043906,4293.183508548173,12539.870336191405,1607.8996251425694
2014/8/26 0:00,575215.9591267093,1.764046288904467,1.8491033395403065,3243.6818203789535,4266.150640298691,12567.695899772461,1579.0
2014/9/2 0:00,577735.0603461347,1.7695395703227064,1.8754839316025027,3263.2828568249165,4293.180621153157,12539.831843835125,1608.0936913847324
2014/9/9 0:00,611184.0,1.8491936349715274,1.941020106052747,3547.1938952476726,4721.195166970456,12531.730251015697,1617.0991573861756
2014/9/16 0:00,577735.0603461347,1.7695395703227064,1.8754839316025027,3263.2828568249165,4293.180621153157,12539.831843835125,1608.0936913847324
2014/9/23 0:00,577735.0603461347,1.7695395703227064,1.8754839316025027,3263.2828568249165,4293.180621153157,12539.831843835125,1608.0936913847324
2014/9/30 0:00,409945.7140323606,1.2149555128021916,1.4968620539839321,1925.6857361082289,3672.420547532018,5232.0,1417.0
2014/10/7 0:00,577727.2284730958,0.864118,1.875289682608127,3268.8908081881814,4293.2542408817735,12539.788181029204,1607.9795168039961
2014/10/14 0:00,577735.0603461347,1.7695395703227064,1.8754839316025027,3263.2828568249165,4293.180621153157,12539.831843835125,1608.0936913847324
2014/10/21 0:00,559429.2581775312,0.742747,1.6862675847114588,3125.3738131682567,4094.650227856492,12744.524938461465,1401.0
2014/10/28 0:00,577735.0603461347,1.7695395703227064,1.8754839316025027,3263.2828568249165,4293.180621153157,12539.831843835125,1608.0936913847324
2014/11/4 0:00,577735.0603461347,1.7695395703227064,1.8754839316025027,3263.2828568249165,4293.180621153157,12539.831843835125,1608.0936913847324
2014/11/11 0:00,579668.0,0.805251,1.8640882107029029,3296.3906054669487,4319.53508521743,12539.288982049884,1608.5247364389545
2014/11/18 0:00,427677.1787199805,1.2447536714167313,1.6385766311723273,2048.5002369048334,3852.0337708940215,5173.0,1570.6598630030603
2014/11/25 0:00,406830.9697239977,1.377242626843838,1.5407490569905349,1878.4386442451437,2033.0,12987.279719329345,1566.0316734088485
2014/12/2 0:00,577735.0603461347,1.7695395703227064,1.8754839316025027,3263.2828568249165,4293.180621153157,12539.831843835125,1608.0936913847324
2014/12/9 0:00,583853.0,0.4907445611511889,1.1497770914538705,1714.0,5620.187757751581,5970.0,1171.7084578419915
2014/12/16 0:00,577735.0603461347,1.7695395703227064,1.8754839316025027,3263.2828568249165,4293.180621153157,12539.831843835125,1608.0936913847324
2014/12/23 0:00,471687.69804031216,1.5196693070188871,1.6677982271357905,2404.1312031041666,2947.0,12539.588735800695,1579.2547524598667
2014/12/30 0:00,478318.5062482206,1.4214372269066757,1.7324812903316342,2458.270398025233,4000.821335806357,7626.0,1601.5076457950754
2015/1/6 0:00,577735.0603461347,1.7695395703227064,1.8754839316025027,3263.2828568249165,4293.180621153157,12539.831843835125,1608.0936913847324
2015/1/13 0:00,577735.0603461347,1.7695395703227064,1.8754839316025027,3263.2828568249165,4293.180621153157,12539.831843835125,1608.0936913847324
2015/1/20 0:00,577735.0603461347,1.7695395703227064,1.8754839316025027,3263.2828568249165,4293.180621153157,12539.831843835125,1608.0936913847324
2015/1/27 0:00,551359.2795033826,1.6762706632367212,1.8679214387593674,3049.2882659599873,4215.419951648126,11164.0,1645.9998820438134
2015/2/3 0:00,577735.0603461347,1.7695395703227064,1.8754839316025027,3263.2828568249165,4293.180621153157,12539.831843835125,1608.0936913847324
2015/2/10 0:00,615024.1298042887,1.50165,2.259261980336305,3559.6897602680706,4698.986427607758,12121.51322054577,2028.0
2015/2/17 0:00,577735.0603461347,1.7695395703227064,1.8754839316025027,3263.2828568249165,4293.180621153157,12539.831843835125,1608.0936913847324
2015/2/24 0:00,545118.0070596518,1.6777832550629341,1.5725568308080256,3002.7706115485994,4073.0,12158.0,1277.7934892615074
2015/3/3 0:00,577735.0603461347,1.7695395703227064,1.8754839316025027,3263.2828568249165,4293.180621153157,12539.831843835125,1608.0936913847324
2015/3/10 0:00,577735.0603461347,1.7695395703227064,1.8754839316025027,3263.2828568249165,4293.180621153157,12539.831843835125,1608.0936913847324
2015/3/17 0:00,577735.0603461347,1.7695395703227064,1.8754839316025027,3263.2828568249165,4293.180621153157,12539.831843835125,1608.0936913847324
2015/3/24 0:00,610592.8030075481,1.8433580613296385,2.2134094364082557,3522.551316977034,4650.761010597254,12171.216897228098,1978.0
2015/3/31 0:00,650356.0,2.40991,2.8072794655781763,5700.0,5269.668865008438,12934.357515039657,1949.0
2015/4/7 0:00,787192.0,2.546476608973137,1.98859,4968.2031306272565,4494.0,24687.536424160833,1784.6975547852355
2015/4/14 0:00,577737.9752289339,1.769532851932638,1.98985,3263.2542214267323,4293.180061392513,12539.823174012126,1608.1405304050234
2015/4/21 0:00,613252.7160812953,1.8493213524894259,2.2408008722632076,3543.518948300173,4679.679083552028,12141.406445908973,2008.0
2015/4/28 0:00,577739.1697835177,2.25112,1.875076740849181,3260.3017874820284,4293.14149036721,12539.854640062638,1608.1536036367872
2015/5/5 0:00,577735.0603461347,1.7695395703227064,1.8754839316025027,3263.2828568249165,4293.180621153157,12539.831843835125,1608.0936913847324
2015/5/12 0:00,577735.0603461347,1.7695395703227064,1.8754839316025027,3263.2828568249165,4293.180621153157,12539.831843835125,1608.0936913847324
2015/5/19 0:00,816098.0,2.3285409027571973,2.5896040321495093,5149.652476623374,7282.20735692445,12106.762975960744,1993.0
2015/5/26 0:00,577746.9243921705,3.15183,1.8749384578768513,3254.7241337798473,4293.068270922701,12539.897798122976,1608.2666544839878
2015/6/2 0:00,577735.0603461347,1.7695395703227064,1.8754839316025027,3263.2828568249165,4293.180621153157,12539.831843835125,1608.0936913847324
2015/6/9 0:00,577774.3464236062,1.7694529144615103,3.5918,3263.0542857609757,4293.171680752972,12539.708514488824,1608.7262133182458
2015/6/16 0:00,577735.0603461347,1.7695395703227064,1.8754839316025027,3263.2828568249165,4293.180621153157,12539.831843835125,1608.0936913847324
2015/6/23 0:00,577735.0603461347,1.7695395703227064,1.8754839316025027,3263.2828568249165,4293.180621153157,12539.831843835125,1608.0936913847324
2015/6/30 0:00,725579.4845628268,2.284111072847338,2.1909794977109414,4459.011213246994,4727.290420582168,19603.0,1752.1248062108857
2015/7/7 0:00,577735.0603461347,1.7695395703227064,1.8754839316025027,3263.2828568249165,4293.180621153157,12539.831843835125,1608.0936913847324
2015/7/14 0:00,577735.0603461347,1.7695395703227064,1.8754839316025027,3263.2828568249165,4293.180621153157,12539.831843835125,1608.0936913847324
2015/7/21 0:00,577737.9688717227,1.7695328659052052,1.98957,3263.2542563728803,4293.180062857339,12539.823194053113,1608.1404280352772
2015/7/28 0:00,577735.0603461347,1.7695395703227064,1.8754839316025027,3263.2828568249165,4293.180621153157,12539.831843835125,1608.0936913847324
2015/8/4 0:00,589668.1534940696,1.7964468375371894,1.9979301410239714,3357.6059505681396,4423.272170019656,12405.725780938552,1742.0
2015/8/11 0:00,577735.0603461347,1.7695395703227064,1.8754839316025027,3263.2828568249165,4293.180621153157,12539.831843835125,1608.0936913847324
2015/8/18 0:00,577735.0603461347,1.7695395703227064,1.8754839316025027,3263.2828568249165,4293.180621153157,12539.831843835125,1608.0936913847324
2015/8/25 0:00,549184.123450054,1.4019792219247051,1.5775844246709312,2612.0,3932.2929757127727,12541.650417636934,1439.0
2015/9/1 0:00,577735.0603461347,1.7695395703227064,1.8754839316025027,3263.2828568249165,4293.180621153157,12539.831843835125,1608.0936913847324
2015/9/8 0:00,426699.5517027375,1.4208744325865723,1.5796700281462108,2039.482316543304,2313.0,12850.131496804152,1570.0825072537991
2015/9/15 0:00,460605.3961710781,1.359637597632684,1.6996357144817011,2314.94271835083,3948.779048527604,6768.0,1590.7178383610965
2015/9/22 0:00,577735.0603461347,1.7695395703227064,1.8754839316025027,3263.2828568249165,4293.180621153157,12539.831843835125,1608.0936913847324
2015/9/29 0:00,438267.8843954747,1.2817037994105362,1.6582150698850455,2134.1961572695973,3883.1499636376116,5686.0,1577.1111115037963
2015/10/6 0:00,577735.0603461347,1.7695395703227064,1.8754839316025027,3263.2828568249165,4293.180621153157,12539.831843835125,1608.0936913847324
2015/10/13 0:00,577711.9394520317,1.7695900739814192,0.843118,3263.3973423892235,4293.186060548256,12539.905251320706,1607.7212780323234
2015/10/20 0:00,577735.0603461347,1.7695395703227064,1.8754839316025027,3263.2828568249165,4293.180621153157,12539.831843835125,1608.0936913847324
2015/10/27 0:00,577735.0603461347,1.7695395703227064,1.8754839316025027,3263.2828568249165,4293.180621153157,12539.831843835125,1608.0936913847324
2015/11/3 0:00,415760.6430249306,0.663501,1.614985392363451,1955.448854807789,3817.079337677957,4596.0,1563.3230130897837
2015/11/10 0:00,585923.0,1.78439718156784,0.830826,3251.1140241347184,4435.998973904513,12808.38657855393,1329.0
2015/11/17 0:00,577725.9018531039,0.710029,1.8753133393693133,3269.8450055228404,4293.266766901229,12539.780797762282,1607.96017662569
2015/11/24 0:00,409561.24107419694,1.347536849365099,1.3930815953062847,1894.1561073485252,2364.0,11879.924550208263,1356.0
2015/12/1 0:00,577735.0603461347,1.7695395703227064,1.8754839316025027,3263.2828568249165,4293.180621153157,12539.831843835125,1608.0936913847324
2015/12/8 0:00,577735.0603461347,1.7695395703227064,1.8754839316025027,3263.2828568249165,4293.180621153157,12539.831843835125,1608.0936913847324
2015/12/15 0:00,577735.0603461347,1.7695395703227064,1.8754839316025027,3263.2828568249165,4293.180621153157,12539.831843835125,1608.0936913847324
2015/12/22 0:00,577729.2733183957,1.10163,1.875253218182479,3267.42001327515,4293.234933339161,12539.799561559279,1608.0093276563466
2015/12/29 0:00,577735.0603461347,1.7695395703227064,1.8754839316025027,3263.2828568249165,4293.180621153157,12539.831843835125,1608.0936913847324
2016/1/5 0:00,577735.0603461347,1.7695395703227064,1.8754839316025027,3263.2828568249165,4293.180621153157,12539.831843835125,1608.0936913847324
2016/1/12 0:00,549993.5733052043,1.8104392468072206,1.8736220749742643,3207.0,4078.0,11966.60968763916,1600.2091324404455
2016/1/19 0:00,577735.0603461347,1.7695395703227064,1.8754839316025027,3263.2828568249165,4293.180621153157,12539.831843835125,1608.0936913847324
2016/1/26 0:00,577735.0603461347,1.7695395703227064,1.8754839316025027,3263.2828568249165,4293.180621153157,12539.831843835125,1608.0936913847324
2016/2/2 0:00,612454.7421591711,1.8475323651396707,2.2325834415059944,3537.228658903229,4671.003661665595,12150.349581304708,1999.0
2016/2/9 0:00,577735.0603461347,1.7695395703227064,1.8754839316025027,3263.2828568249165,4293.180621153157,12539.831843835125,1608.0936913847324
2016/2/16 0:00,577735.0603461347,1.7695395703227064,1.8754839316025027,3263.2828568249165,4293.180621153157,12539.831843835125,1608.0936913847324
2016/2/23 0:00,577735.0603461347,1.7695395703227064,1.8754839316025027,3263.2828568249165,4293.180621153157,12539.831843835125,1608.0936913847324
2016/3/1 0:00,616986.678769963,3.0281016474032754,2.4574840212371782,5209.0,4862.680180137512,13187.031934378372,1676.5875712438833
2016/3/8 0:00,577735.0603461347,1.7695395703227064,1.8754839316025027,3263.2828568249165,4293.180621153157,12539.831843835125,1608.0936913847324
2016/3/15 0:00,628000.288795607,3.3731718246322657,2.6172939318093995,5744.0,5022.03822134086,13364.086551183884,1695.4075069678943
2016/3/22 0:00,577735.0603461347,1.7695395703227064,1.8754839316025027,3263.2828568249165,4293.180621153157,12539.831843835125,1608.0936913847324
2016/3/29 0:00,834940.0038589648,3.36832,2.3953536576045735,5339.530096267276,5048.524984292632,24900.0,1818.8397899807399
2016/4/5 0:00,577735.0603461347,1.7695395703227064,1.8754839316025027,3263.2828568249165,4293.180621153157,12539.831843835125,1608.0936913847324
2016/4/12 0:00,577735.0603461347,1.7695395703227064,1.8754839316025027,3263.2828568249165,4293.180621153157,12539.831843835125,1608.0936913847324
2016/4/19 0:00,845391.0,2.4009114909363802,2.399739261429204,5450.171621260744,7706.668050701662,12475.211806005917,1679.9128939629372
2016/4/26 0:00,577752.5280183472,3.8027,1.8748385319813679,3250.6936162268607,4293.015361173894,12539.928984949724,1608.3483471541224
2016/5/3 0:00,577735.0603461347,1.7695395703227064,1.8754839316025027,3263.2828568249165,4293.180621153157,12539.831843835125,1608.0936913847324
2016/5/10 0:00,577763.3791842645,5.06308,1.874645030075044,3242.88870324361,4292.912903864141,12539.989376814015,1608.506541275197
2016/5/17 0:00,577798.4091491903,1.7694000288325356,4.65163,3262.9220108356308,4293.166136227111,12539.632657188284,1609.1136937776384
2016/5/24 0:00,577735.0603461347,1.7695395703227064,1.8754839316025027,3263.2828568249165,4293.180621153157,12539.831843835125,1608.0936913847324
2016/5/31 0:00,976272.0576942529,3.131405001433052,2.738199180977972,6496.751175879502,5742.994424434685,30183.0,1995.0
2016/6/7 0:00,577735.0603461347,1.7695395703227064,1.8754839316025027,3263.2828568249165,4293.180621153157,12539.831843835125,1608.0936913847324
2016/6/14 0:00,847006.530370412,3.21511,3.16426,5438.437171661038,5083.959250764137,25484.0,1826.3192552623448
2016/6/21 0:00,1078819.0248697365,2.852925386161189,3.14433,7325.232028434005,11503.0,8348.70340493531,1703.105812510406
2016/6/28 0:00,615669.1628042782,2.9868222243335936,2.438366573998792,5145.0,4843.616788292625,13165.85156900349,1674.336214446998
2016/7/5 0:00,577735.0603461347,1.7695395703227064,1.8754839316025027,3263.2828568249165,4293.180621153157,12539.831843835125,1608.0936913847324
2016/7/12 0:00,641865.4270304122,1.992039398363488,2.035747784349951,3781.629230636622,4481.3329906108975,15548.0,1701.1310193288514
2016/7/19 0:00,577735.0603461347,1.7695395703227064,1.8754839316025027,3263.2828568249165,4293.180621153157,12539.831843835125,1608.0936913847324
2016/7/26 0:00,577735.0603461347,1.7695395703227064,1.8754839316025027,3263.2828568249165,4293.180621153157,12539.831843835125,1608.0936913847324
2016/8/2 0:00,781240.0,2.249791959161996,2.2740927498489327,4928.932187334927,6888.925323267208,12490.692618986846,1662.7077548546447
2016/8/9 0:00,577735.0603461347,1.7695395703227064,1.8754839316025027,3263.2828568249165,4293.180621153157,12539.831843835125,1608.0936913847324
2016/8/16 0:00,577735.0603461347,1.7695395703227064,1.8754839316025027,3263.2828568249165,4293.180621153157,12539.831843835125,1608.0936913847324
2016/8/23 0:00,577735.0603461347,1.7695395703227064,1.8754839316025027,3263.2828568249165,4293.180621153157,12539.831843835125,1608.0936913847324
2016/8/30 0:00,577735.0603461347,1.7695395703227064,1.8754839316025027,3263.2828568249165,4293.180621153157,12539.831843835125,1608.0936913847324
2016/9/6 0:00,577735.0603461347,1.7695395703227064,1.8754839316025027,3263.2828568249165,4293.180621153157,12539.831843835125,1608.0936913847324
2016/9/13 0:00,577735.0603461347,1.7695395703227064,1.8754839316025027,3263.2828568249165,4293.180621153157,12539.831843835125,1608.0936913847324
2016/9/20 0:00,577735.0603461347,1.7695395703227064,1.8754839316025027,3263.2828568249165,4293.180621153157,12539.831843835125,1608.0936913847324
2016/9/27 0:00,436398.80861583166,1.2752408019492236,0.961603,2119.036706771825,3877.694903436824,5596.0,1575.8235365043013
2016/10/4 0:00,577726.8400151654,0.818998,1.8752966097235912,3269.1702141401834,4293.25790872307,12539.786019077328,1607.9738536557818
2016/10/11 0:00,358410.005921365,1.239516478141752,0.827597,1476.1804505033365,1578.0,12449.4661708463,1405.0
2016/10/18 0:00,577735.0603461347,1.7695395703227064,1.8754839316025027,3263.2828568249165,4293.180621153157,12539.831843835125,1608.0936913847324
2016/10/25 0:00,577735.0603461347,1.7695395703227064,1.8754839316025027,3263.2828568249165,4293.180621153157,12539.831843835125,1608.0936913847324
2016/11/1 0:00,577735.0603461347,1.7695395703227064,1.8754839316025027,3263.2828568249165,4293.180621153157,12539.831843835125,1608.0936913847324
2016/11/8 0:00,422350.85890657426,1.2261705661126712,1.6286999894909968,2005.4017038558843,3836.3846915025074,4915.0,1567.4153754529802
2016/11/15 0:00,428853.9237950352,1.2488592411933155,1.6407586799105047,2058.0220058342525,3855.491125643307,5230.0,1571.3766683920333
2016/11/22 0:00,577735.0603461347,1.7695395703227064,1.8754839316025027,3263.2828568249165,4293.180621153157,12539.831843835125,1608.0936913847324
2016/11/29 0:00,577735.0603461347,1.7695395703227064,1.8754839316025027,3263.2828568249165,4293.180621153157,12539.831843835125,1608.0936913847324
2016/12/6 0:00,552428.396451421,1.0054099169615824,1.5207291062251898,2073.0,3928.57397973808,12149.194031009973,1566.2710881962225
2016/12/13 0:00,492315.5792462417,1.470271898989779,1.7584361859298951,2571.529333711987,4041.945660718941,8304.0,1610.0338572638798
2016/12/20 0:00,484478.2367050089,1.469129731167925,1.653474912767706,2528.830584790397,3939.0479124202307,8563.0,1484.0
2016/12/27 0:00,577735.0603461347,1.7695395703227064,1.8754839316025027,3263.2828568249165,4293.180621153157,12539.831843835125,1608.0936913847324
2017/1/3 0:00,577735.0603461347,1.7695395703227064,1.8754839316025027,3263.2828568249165,4293.180621153157,12539.831843835125,1608.0936913847324
2017/1/10 0:00,577735.0603461347,1.7695395703227064,1.8754839316025027,3263.2828568249165,4293.180621153157,12539.831843835125,1608.0936913847324
2017/1/17 0:00,577735.0603461347,1.7695395703227064,1.8754839316025027,3263.2828568249165,4293.180621153157,12539.831843835125,1608.0936913847324
2017/1/24 0:00,577735.0603461347,1.7695395703227064,1.8754839316025027,3263.2828568249165,4293.180621153157,12539.831843835125,1608.0936913847324
2017/1/31 0:00,697834.7364911812,2.0162927531051196,2.1108022809967224,4237.153287440781,6134.0,10978.548074415796,1625.3619219736506
2017/2/7 0:00,577735.0603461347,1.7695395703227064,1.8754839316025027,3263.2828568249165,4293.180621153157,12539.831843835125,1608.0936913847324
2017/2/14 0:00,577735.0603461347,1.7695395703227064,1.8754839316025027,3263.2828568249165,4293.180621153157,12539.831843835125,1608.0936913847324
2017/2/21 0:00,577735.0603461347,1.7695395703227064,1.8754839316025027,3263.2828568249165,4293.180621153157,12539.831843835125,1608.0936913847324
2017/2/28 0:00,850330.4365359454,2.4381380028149238,2.859233605904592,5475.50665241851,7474.0,12852.279650607843,2279.0
2017/3/7 0:00,636659.9511302711,1.9017983146964639,2.4818455077875115,3728.034103944009,4934.158125554082,11879.074474300673,2272.0
2017/3/14 0:00,577735.0603461347,1.7695395703227064,1.8754839316025027,3263.2828568249165,4293.180621153157,12539.831843835125,1608.0936913847324
2017/3/21 0:00,1267779.2023955996,3.2679022664265744,3.2272781394021877,8856.806058508168,14166.0,7044.353348264702,1741.5629842688322
2017/3/28 0:00,577768.9438957723,5.70943,1.8745457981385698,3238.8861758259004,4292.86036154979,12540.020347062264,1608.587666626401
2017/4/4 0:00,703469.2502049735,5.737708777373484,3.7123652068221418,9410.0,6114.013135455755,14577.32435531286,1824.3680384898144
2017/4/11 0:00,1492693.4055959852,4.960510402179864,3.6134455902029003,10666.202263761252,6981.121785039005,56761.0,2219.406466620875
2017/4/18 0:00,577735.0603461347,1.7695395703227064,1.8754839316025027,3263.2828568249165,4293.180621153157,12539.831843835125,1608.0936913847324
2017/4/25 0:00,577735.0603461347,1.7695395703227064,1.8754839316025027,3263.2828568249165,4293.180621153157,12539.831843835125,1608.0936913847324
2017/5/2 0:00,577735.0603461347,1.7695395703227064,1.8754839316025027,3263.2828568249165,4293.180621153157,12539.831843835125,1608.0936913847324
2017/5/9 0:00,577735.0603461347,1.7695395703227064,1.8754839316025027,3263.2828568249165,4293.180621153157,12539.831843835125,1608.0936913847324
2017/5/16 0:00,632670.0815196502,1.892853377954964,2.4407583539941697,3696.5826569592477,4890.781016121913,11923.790151279354,2227.0
2017/5/23 0:00,1415564.9915537904,4.691415512943934,3.4704256934965088,10042.108777440122,6754.5134105944435,53025.0,2172.4242748104566
2017/5/30 0:00,577735.0603461347,1.7695395703227064,1.8754839316025027,3263.2828568249165,4293.180621153157,12539.831843835125,1608.0936913847324
2017/6/6 0:00,577761.0276120211,1.7694821868622626,3.00518,3263.1275004432264,4293.17474966946,12539.750501797766,1608.5117413868134
2017/6/13 0:00,912049.1723328365,2.855506232020673,2.7997163193249435,5931.653357344375,5684.090532806119,25938.0,2201.0
2017/6/20 0:00,617274.8853874563,3.0371315212001377,2.4616659628300113,5223.0,4866.85029710358,13191.665139304116,1677.0800555432063
2017/6/27 0:00,875658.0,1.7897374686704666,2.1640327846580476,4721.0,8048.627098649999,12084.091800508444,1654.577216614995
2017/7/4 0:00,703795.3110848033,2.029382294827485,2.1224785723497916,4285.466389130235,6218.0,10937.403607658236,1626.5771721271374
2017/7/11 0:00,577735.0603461347,1.7695395703227064,1.8754839316025027,3263.2828568249165,4293.180621153157,12539.831843835125,1608.0936913847324
2017/7/18 0:00,622473.748070286,1.8699940951769918,2.335757849901711,3616.2067368871494,4779.928403128597,12038.063548002678,2112.0
2017/7/25 0:00,577735.0603461347,1.7695395703227064,1.8754839316025027,3263.2828568249165,4293.180621153157,12539.831843835125,1608.0936913847324
2017/8/1 0:00,636602.9562525467,1.9022318683105937,2.2690598363369645,3691.5226083646653,4740.581433609319,13291.0,2018.0
2017/8/8 0:00,577735.0603461347,1.7695395703227064,1.8754839316025027,3263.2828568249165,4293.180621153157,12539.831843835125,1608.0936913847324
2017/8/15 0:00,577735.0603461347,1.7695395703227064,1.8754839316025027,3263.2828568249165,4293.180621153157,12539.831843835125,1608.0936913847324
2017/8/22 0:00,531725.754211278,1.6835682811061474,1.23235,2882.5930523927473,3429.0,13391.575559600311,1896.0
2017/8/29 0:00,785606.0,1.14131,2.2657539206375077,4970.580639238247,6944.670855311587,12489.599106035872,1663.7647391190992
2017/9/5 0:00,577716.5752666767,1.7695798852742541,1.0473,3263.3718589071573,4293.1849923652635,12539.890637000171,1607.795928245246
2017/9/12 0:00,577735.0603461347,1.7695395703227064,1.8754839316025027,3263.2828568249165,4293.180621153157,12539.831843835125,1608.0936913847324
2017/9/19 0:00,577735.0603461347,1.7695395703227064,1.8754839316025027,3263.2828568249165,4293.180621153157,12539.831843835125,1608.0936913847324
2017/9/26 0:00,577735.0603461347,1.7695395703227064,1.8754839316025027,3263.2828568249165,4293.180621153157,12539.831843835125,1608.0936913847324
2017/10/3 0:00,760130.0,2.7445755121548814,2.2310707007509336,4739.52202683594,1862.0,35985.57608823701,1888.2833786231636
2017/10/10 0:00,577735.0603461347,1.7695395703227064,1.8754839316025027,3263.2828568249165,4293.180621153157,12539.831843835125,1608.0936913847324
2017/10/17 0:00,577735.0603461347,1.7695395703227064,1.8754839316025027,3263.2828568249165,4293.180621153157,12539.831843835125,1608.0936913847324
2017/10/24 0:00,577735.0603461347,1.7695395703227064,1.8754839316025027,3263.2828568249165,4293.180621153157,12539.831843835125,1608.0936913847324
2017/10/31 0:00,577735.0603461347,1.7695395703227064,1.8754839316025027,3263.2828568249165,4293.180621153157,12539.831843835125,1608.0936913847324
2017/11/7 0:00,577725.8640404438,0.705637,1.8753140136504953,3269.8722030171043,4293.267123930461,12539.780587316978,1607.9596253724403
2017/11/14 0:00,577735.0603461347,1.7695395703227064,1.8754839316025027,3263.2828568249165,4293.180621153157,12539.831843835125,1608.0936913847324
2017/11/21 0:00,775731.0,0.822659,1.4620494904484076,2239.0,6704.234393306166,11434.150891815028,1568.0668538183784
2017/11/28 0:00,577727.1918485386,0.859864,1.8752903357017203,3268.9171511163436,4293.254586692872,12539.787977196249,1607.9789828715327
2017/12/5 0:00,835027.0,2.3764971742871808,2.3794402723906387,5365.962092286807,7574.556538377134,12477.712829306174,1677.1332948652084
2017/12/12 0:00,566838.7273260952,1.4569036067956063,1.7298261854775774,2773.0,4137.079828041523,12380.854277297563,1590.8953031622148
2017/12/19 0:00,577735.0603461347,1.7695395703227064,1.8754839316025027,3263.2828568249165,4293.180621153157,12539.831843835125,1608.0936913847324
2017/12/26 0:00,577735.0603461347,1.7695395703227064,1.8754839316025027,3263.2828568249165,4293.180621153157,12539.831843835125,1608.0936913847324
2018/1/2 0:00,577735.0603461347,1.7695395703227064,1.8754839316025027,3263.2828568249165,4293.180621153157,12539.831843835125,1608.0936913847324
2018/1/9 0:00,577735.0603461347,1.7695395703227064,1.8754839316025027,3263.2828568249165,4293.180621153157,12539.831843835125,1608.0936913847324
2018/1/16 0:00,792220.5786480862,2.726327475043547,2.4792975523560017,5589.0,6802.0,13957.059985363358,1699.3464411762077
2018/1/23 0:00,577731.8956916219,1.7695462136840092,1.72208,3263.287641179655,4293.18146223764,12539.842339641855,1608.0426320226297
2018/1/30 0:00,577735.0603461347,1.7695395703227064,1.8754839316025027,3263.2828568249165,4293.180621153157,12539.831843835125,1608.0936913847324
2018/2/6 0:00,862242.9834314551,1.86871,2.4348111712133687,5572.93800973853,8451.0,9843.831958150316,1658.8200310501409
2018/2/13 0:00,825004.1210797462,2.6309957052304185,2.375343475894624,5263.517163493958,5019.406569223754,24419.0,1812.6885738123249
2018/2/20 0:00,1026187.0,2.8268098692420267,2.753847330011922,6919.174515931952,10011.302649526924,12431.582414980046,1728.4019327966755
2018/2/27 0:00,671593.4761654851,1.9801162052613677,2.841586365339026,4003.40899532154,5313.948817026846,11487.563880309499,2666.0
2018/3/6 0:00,691096.9518397176,5.350069195104481,3.532840428775671,8809.0,5934.99597141237,14378.427486714532,1803.226391069009
2018/3/13 0:00,1004480.2584629381,3.257230597457749,2.73181,6716.242454494337,5546.743323178293,33113.0,1921.8932309778386
2018/3/20 0:00,577766.3617663181,1.7694704633300375,3.24012,3263.0981781264777,4293.1735205752575,12539.733685974299,1608.5976369164061
2018/3/27 0:00,577735.0603461347,1.7695395703227064,1.8754839316025027,3263.2828568249165,4293.180621153157,12539.831843835125,1608.0936913847324
2018/4/3 0:00,577735.0603461347,1.7695395703227064,1.8754839316025027,3263.2828568249165,4293.180621153157,12539.831843835125,1608.0936913847324
2018/4/10 0:00,1025950.1760257964,2.7368408593843583,2.7535543190060707,6896.674504250518,10758.0,8713.643142428413,1692.258549470284
2018/4/17 0:00,577748.4221764375,3.3258,1.8749117488405318,3253.6468231975446,4293.05412876067,12539.906133999957,1608.2884899869648
2018/4/24 0:00,577735.0603461347,1.7695395703227064,1.8754839316025027,3263.2828568249165,4293.180621153157,12539.831843835125,1608.0936913847324
2018/5/1 0:00,577735.0603461347,1.7695395703227064,1.8754839316025027,3263.2828568249165,4293.180621153157,12539.831843835125,1608.0936913847324
2018/5/8 0:00,2375155.3196174274,5.6997899396297385,5.20091,17833.118398143408,29772.0,-599.678688541373,1967.125885731511
2018/5/15 0:00,577735.0603461347,1.7695395703227064,1.8754839316025027,3263.2828568249165,4293.180621153157,12539.831843835125,1608.0936913847324
2018/5/22 0:00,1260932.0,3.3797950835938195,3.2136202152360056,8826.52359726997,13003.633502539355,12374.934140702098,1791.3599596392135
2018/5/29 0:00,577735.0603461347,1.7695395703227064,1.8754839316025027,3263.2828568249165,4293.180621153157,12539.831843835125,1608.0936913847324
2018/6/5 0:00,1465236.0205113706,4.8647137740532,3.5625311194780807,10444.027655408167,6900.450174222283,55431.0,2202.6810075449034
2018/6/12 0:00,669835.3270095438,1.976109964943646,4.12777,3989.227106226231,5294.662802512772,11507.342806572035,2646.0
2018/6/19 0:00,709871.5543507225,5.938300973856315,3.805264052036364,9721.0,6206.649305202004,14680.247693306355,1835.3082254247051
2018/6/26 0:00,577746.3541028685,3.08559,1.8749486274791707,3255.1343254966264,4293.07365562588,12539.89462419361,1608.258340500444
2018/7/3 0:00,577735.0603461347,1.7695395703227064,1.8754839316025027,3263.2828568249165,4293.180621153157,12539.831843835125,1608.0936913847324
2018/7/10 0:00,895918.4953396337,2.8784103049452483,2.5068406239552132,5837.3290279246685,5227.757684378211,27854.0,1855.8855301476651
2018/7/17 0:00,577735.0603461347,1.7695395703227064,1.8754839316025027,3263.2828568249165,4293.180621153157,12539.831843835125,1608.0936913847324
2018/7/24 0:00,746368.6475554631,2.356642805573358,2.2295290255460714,4627.229131000016,4788.370354486252,20610.0,1764.7883680827003
2018/7/31 0:00,710323.0878879917,2.2308827208267417,2.1626894271212223,4335.562314319944,4682.466119534381,18864.0,1742.831487220537
2018/8/7 0:00,577735.0603461347,1.7695395703227064,1.8754839316025027,3263.2828568249165,4293.180621153157,12539.831843835125,1608.0936913847324
2018/8/14 0:00,654975.3667941857,1.92217271500391,2.0268441860789608,3889.759080054749,5530.0,11274.396383005844,1616.6236946795443
2018/8/21 0:00,1123869.0,3.134438331691456,2.9285360326357477,7708.386538937203,10584.712169175531,15763.0,1765.5921942816628
2018/8/28 0:00,577735.0603461347,1.7695395703227064,1.8754839316025027,3263.2828568249165,4293.180621153157,12539.831843835125,1608.0936913847324
2018/9/4 0:00,577735.0603461347,1.7695395703227064,1.8754839316025027,3263.2828568249165,4293.180621153157,12539.831843835125,1608.0936913847324
2018/9/11 0:00,528029.3197943096,1.64339664187861,1.7781669810683525,2860.80504526396,3741.0,12150.675561925695,1590.741759863046
2018/9/18 0:00,577735.0603461347,1.7695395703227064,1.8754839316025027,3263.2828568249165,4293.180621153157,12539.831843835125,1608.0936913847324
2018/9/25 0:00,577735.0603461347,1.7695395703227064,1.8754839316025027,3263.2828568249165,4293.180621153157,12539.831843835125,1608.0936913847324
2018/10/2 0:00,626197.6263735315,1.878342702802513,2.3741058600935503,3645.561420739565,4820.413705265285,11996.3289161559,2154.0
2018/10/9 0:00,1060841.0,-0.547823838844522,1.3267666848296358,2346.0,10242.792313529653,10479.261325415337,1566.817790966026
2018/10/16 0:00,546155.9503586435,1.5469158079600334,2.2408879874055856,2922.1983686518015,4557.7909262466255,8116.0,2154.0
2018/10/23 0:00,413649.67094214074,1.4997680674742355,0.748613,2138.0,2466.0,11402.796865703152,1558.2939528026845
2018/10/30 0:00,577735.0603461347,1.7695395703227064,1.8754839316025027,3263.2828568249165,4293.180621153157,12539.831843835125,1608.0936913847324
2018/11/6 0:00,577735.0603461347,1.7695395703227064,1.8754839316025027,3263.2828568249165,4293.180621153157,12539.831843835125,1608.0936913847324
2018/11/13 0:00,577726.0709683329,0.729672,1.8753103236485913,3269.7233660921042,4293.265170105869,12539.781738968419,1607.9626420782768
2018/11/20 0:00,577735.0603461347,1.7695395703227064,1.8754839316025027,3263.2828568249165,4293.180621153157,12539.831843835125,1608.0936913847324
2018/11/27 0:00,577735.0603461347,1.7695395703227064,1.8754839316025027,3263.2828568249165,4293.180621153157,12539.831843835125,1608.0936913847324
2018/12/4 0:00,577729.5640591828,1.1354,1.8752480335861037,3267.21089228667,4293.232188148542,12539.801179669097,1608.0135662315845
2018/12/11 0:00,1166071.0,3.875647459947288,3.025570807953045,8032.172968355591,5502.0,43463.25723818572,2072.1778451158198
2018/12/18 0:00,577735.0603461347,1.7695395703227064,1.8754839316025027,3263.2828568249165,4293.180621153157,12539.831843835125,1608.0936913847324
2018/12/25 0:00,577735.0603461347,1.7695395703227064,1.8754839316025027,3263.2828568249165,4293.180621153157,12539.831843835125,1608.0936913847324
2019/1/1 0:00,637778.7276034219,3.679542542733145,2.7591812355822185,6219.0,5163.524332689627,13521.284575450441,1712.1167956948225
2019/1/8 0:00,577735.0603461347,1.7695395703227064,1.8754839316025027,3263.2828568249165,4293.180621153157,12539.831843835125,1608.0936913847324
2019/1/15 0:00,577734.646383771,1.72572,1.8751574037487444,3263.555331081103,4293.184200558217,12539.829465206254,1608.0876590873552
2019/1/22 0:00,1045128.994671984,1.83419,3.7342931495841185,7060.580584515586,9349.0,14637.729025498697,2997.0
2019/1/29 0:00,577735.0603461347,1.7695395703227064,1.8754839316025027,3263.2828568249165,4293.180621153157,12539.831843835125,1608.0936913847324
2019/2/5 0:00,577735.0603461347,1.7695395703227064,1.8754839316025027,3263.2828568249165,4293.180621153157,12539.831843835125,1608.0936913847324
2019/2/12 0:00,577735.0603461347,1.7695395703227064,1.8754839316025027,3263.2828568249165,4293.180621153157,12539.831843835125,1608.0936913847324
2019/2/19 0:00,577735.0603461347,1.7695395703227064,1.8754839316025027,3263.2828568249165,4293.180621153157,12539.831843835125,1608.0936913847324
2019/2/26 0:00,577735.0603461347,1.7695395703227064,1.8754839316025027,3263.2828568249165,4293.180621153157,12539.831843835125,1608.0936913847324
2019/3/5 0:00,577735.0603461347,1.7695395703227064,1.8754839316025027,3263.2828568249165,4293.180621153157,12539.831843835125,1608.0936913847324
2019/3/12 0:00,577735.0603461347,1.7695395703227064,1.8754839316025027,3263.2828568249165,4293.180621153157,12539.831843835125,1608.0936913847324
2019/3/19 0:00,577735.0603461347,1.7695395703227064,1.8754839316025027,3263.2828568249165,4293.180621153157,12539.831843835125,1608.0936913847324
2019/3/26 0:00,577735.0603461347,1.7695395703227064,1.8754839316025027,3263.2828568249165,4293.180621153157,12539.831843835125,1608.0936913847324
2019/4/2 0:00,577735.0603461347,1.7695395703227064,1.8754839316025027,3263.2828568249165,4293.180621153157,12539.831843835125,1608.0936913847324
2019/4/9 0:00,577735.0603461347,1.7695395703227064,1.8754839316025027,3263.2828568249165,4293.180621153157,12539.831843835125,1608.0936913847324
2019/4/16 0:00,700763.8562075798,2.0455136316491576,3.1419791118787543,4233.354018832218,5631.0836837642555,11160.64259750975,2995.0
2019/4/23 0:00,577735.0603461347,1.7695395703227064,1.8754839316025027,3263.2828568249165,4293.180621153157,12539.831843835125,1608.0936913847324
2019/4/30 0:00,577735.0603461347,1.7695395703227064,1.8754839316025027,3263.2828568249165,4293.180621153157,12539.831843835125,1608.0936913847324
2019/5/7 0:00,927039.1966892446,12.742301218875184,7.08558,20270.0,9348.838936185466,18171.357244272538,2206.4620538209956
2019/5/14 0:00,577772.4177186957,6.11292,1.8744838516759046,3236.3875608529215,4292.827561521293,12540.039680527821,1608.638309881541
2019/5/21 0:00,699788.5547472057,2.043327091556023,3.131935585395695,4225.665887347075,5620.480390347508,11171.573096326763,2984.0
2019/5/28 0:00,577735.0603461347,1.7695395703227064,1.8754839316025027,3263.2828568249165,4293.180621153157,12539.831843835125,1608.0936913847324
2019/6/4 0:00,577735.0603461347,1.7695395703227064,1.8754839316025027,3263.2828568249165,4293.180621153157,12539.831843835125,1608.0936913847324
2019/6/11 0:00,577735.0603461347,1.7695395703227064,1.8754839316025027,3263.2828568249165,4293.180621153157,12539.831843835125,1608.0936913847324
2019/6/18 0:00,684361.058919472,2.008740002828347,2.9730652574326086,4104.053625672708,5452.755567209782,11344.473713977692,2810.0
2019/6/25 0:00,853431.0,2.4198511962491125,2.4154864509218896,5515.498195262132,7809.155175276073,12473.271606533319,1682.0692020240826
2019/7/2 0:00,558389.8188057913,1.1897153952182293,4.82995,2359.0,4013.8046544648723,12243.612624049185,1577.5195040363103
2019/7/9 0:00,577735.0603461347,1.7695395703227064,1.8754839316025027,3263.2828568249165,4293.180621153157,12539.831843835125,1608.0936913847324
2019/7/16 0:00,577738.1190013725,2.12907,1.87509547877562,3261.0575830592516,4293.1514119104395,12539.848791963628,1608.1382847706727
2019/7/23 0:00,577735.0603461347,1.7695395703227064,1.8754839316025027,3263.2828568249165,4293.180621153157,12539.831843835125,1608.0936913847324
2019/7/30 0:00,419784.2352170542,1.4108237047558418,1.8391529189011635,1979.4637456497396,2098.0,12821.0,1930.7333663367904
2019/8/6 0:00,577735.0603461347,1.7695395703227064,1.8754839316025027,3263.2828568249165,4293.180621153157,12539.831843835125,1608.0936913847324
2019/8/13 0:00,537238.3386027237,1.6270038259140733,1.8417368538066512,2935.0270388069544,4173.931694656667,10480.0,1637.3982173761722
2019/8/20 0:00,577735.0603461347,1.7695395703227064,1.8754839316025027,3263.2828568249165,4293.180621153157,12539.831843835125,1608.0936913847324
2019/8/27 0:00,392912.1624482768,0.889878,2.3089788383695122,805.0,1893.0,9605.0,2946.0
2019/9/3 0:00,577735.0603461347,1.7695395703227064,1.8754839316025027,3263.2828568249165,4293.180621153157,12539.831843835125,1608.0936913847324
2019/9/10 0:00,577735.0603461347,1.7695395703227064,1.8754839316025027,3263.2828568249165,4293.180621153157,12539.831843835125,1608.0936913847324
2019/9/17 0:00,530445.0307465511,0.929189,1.201684548654157,1005.0,3610.9034204545883,11795.758048362353,1528.743053352602
2019/9/24 0:00,577735.0603461347,1.7695395703227064,1.8754839316025027,3263.2828568249165,4293.180621153157,12539.831843835125,1608.0936913847324
2019/10/1 0:00,543924.1853773014,1.6783020864737068,1.8093037579928932,2989.639983102497,3965.0,12040.956983905548,1593.982426939011
2019/10/8 0:00,541538.3035475595,0.6642096856490411,1.3627114563532814,1544.0,3771.0031315201913,11974.125073458352,1547.6622171719139
2019/10/15 0:00,577735.0603461347,1.7695395703227064,1.8754839316025027,3263.2828568249165,4293.180621153157,12539.831843835125,1608.0936913847324
2019/10/22 0:00,514759.94540136604,1.6142568287564814,1.7521733324720117,2753.250878407687,3554.0,12242.270981969312,1588.0363815451715
2019/10/29 0:00,577718.9501391526,1.769574665723269,1.1519,3263.3588040236496,4293.184445147877,12539.883150258303,1607.8341706577523
2019/11/5 0:00,494451.4980834554,1.5697203674358775,1.05776,2588.8041791639184,3268.0,12382.42172509042,1583.671243361122
2019/11/12 0:00,577735.0603461347,1.7695395703227064,1.8754839316025027,3263.2828568249165,4293.180621153157,12539.831843835125,1608.0936913847324
2019/11/19 0:00,577735.0603461347,1.7695395703227064,1.8754839316025027,3263.2828568249165,4293.180621153157,12539.831843835125,1608.0936913847324
2019/11/26 0:00,577735.0603461347,1.7695395703227064,1.8754839316025027,3263.2828568249165,4293.180621153157,12539.831843835125,1608.0936913847324
2019/12/3 0:00,577735.0603461347,1.7695395703227064,1.8754839316025027,3263.2828568249165,4293.180621153157,12539.831843835125,1608.0936913847324
2019/12/10 0:00,577735.0603461347,1.7695395703227064,1.8754839316025027,3263.2828568249165,4293.180621153157,12539.831843835125,1608.0936913847324
2019/12/17 0:00,577735.0603461347,1.7695395703227064,1.8754839316025027,3263.2828568249165,4293.180621153157,12539.831843835125,1608.0936913847324
2019/12/24 0:00,577735.0603461347,1.7695395703227064,1.8754839316025027,3263.2828568249165,4293.180621153157,12539.831843835125,1608.0936913847324
2019/12/31 0:00,661374.621695796,2.060105423612697,2.0719238556521304,3939.4901365717146,4538.652293033301,16493.0,1713.014898145994
2020/1/7 0:00,577735.0603461347,1.7695395703227064,1.8754839316025027,3263.2828568249165,4293.180621153157,12539.831843835125,1608.0936913847324
2020/1/14 0:00,689273.1473684511,2.1499518157148145,2.3972001523179642,4161.241732836595,4611.0,17233.0,2087.5714179035563
2020/1/21 0:00,577735.0603461347,1.7695395703227064,1.8754839316025027,3263.2828568249165,4293.180621153157,12539.831843835125,1608.0936913847324
2020/1/28 0:00,1563623.0,4.092839653312296,3.8064725204931165,11285.947230485936,16862.082535443922,12301.889250333972,1872.540935178608
2020/2/4 0:00,577735.0603461347,1.7695395703227064,1.8754839316025027,3263.2828568249165,4293.180621153157,12539.831843835125,1608.0936913847324
2020/2/11 0:00,577735.0603461347,1.7695395703227064,1.8754839316025027,3263.2828568249165,4293.180621153157,12539.831843835125,1608.0936913847324
2020/2/18 0:00,733299.9731737209,1.55053,3.478740922157158,4493.433074466821,5984.894399844173,10795.923633622937,3362.0
2020/2/25 0:00,560868.7331065873,1.2698562210067053,1.643200252638053,2483.0,4050.698833744385,12284.880746692706,1580.6938426763004
2020/3/3 0:00,577725.6951402532,1.769559841402554,1.44898,3263.32172615755,4293.182890966787,12539.861886766183,1607.9427849589893
2020/3/10 0:00,577735.0603461347,1.7695395703227064,1.8754839316025027,3263.2828568249165,4293.180621153157,12539.831843835125,1608.0936913847324
2020/3/17 0:00,549255.7479669994,1.2665510197553544,1.6493863000068814,2482.0,4278.0,10491.098418809825,1562.780717659167
2020/3/24 0:00,557574.9431923759,1.1666576633311365,1.595406634532992,2323.0,4003.040354132167,12231.92983325553,1575.0654506840774
2020/3/31 0:00,1457151.0,3.8420251876410134,3.5979358588410832,10420.841386322163,15504.867469811254,12327.582896881999,1843.9854088245706
2020/4/7 0:00,577735.0603461347,1.7695395703227064,1.8754839316025027,3263.2828568249165,4293.180621153157,12539.831843835125,1608.0936913847324
2020/4/14 0:00,1517183.0,3.983441653973898,3.715514873740176,10908.61313886595,16270.104666633528,12313.096074153267,1860.085842347796
2020/4/21 0:00,577735.0603461347,1.7695395703227064,1.8754839316025027,3263.2828568249165,4293.180621153157,12539.831843835125,1608.0936913847324
2020/4/28 0:00,577735.0603461347,1.7695395703227064,1.8754839316025027,3263.2828568249165,4293.180621153157,12539.831843835125,1608.0936913847324
2020/5/5 0:00,577735.0603461347,1.7695395703227064,1.8754839316025027,3263.2828568249165,4293.180621153157,12539.831843835125,1608.0936913847324
2020/5/12 0:00,710832.4984287848,0.8161936478441589,2.8649110074584314,2554.0,5614.462671411065,10202.57444481957,3260.0
2020/5/19 0:00,1381381.0,-1.670944302532405,1.142238472286408,2317.0,14215.118289447506,9345.519665415817,1560.0138584451315
2020/5/26 0:00,577735.0603461347,1.7695395703227064,1.8754839316025027,3263.2828568249165,4293.180621153157,12539.831843835125,1608.0936913847324
2020/6/2 0:00,577735.0603461347,1.7695395703227064,1.8754839316025027,3263.2828568249165,4293.180621153157,12539.831843835125,1608.0936913847324
2020/6/9 0:00,577735.0603461347,1.7695395703227064,1.8754839316025027,3263.2828568249165,4293.180621153157,12539.831843835125,1608.0936913847324
2020/6/16 0:00,669299.7416225225,2.1417685681595344,3.175745473447023,3985.2775665854815,3796.0,18035.01749013263,3177.0
2020/6/23 0:00,577735.0603461347,1.7695395703227064,1.8754839316025027,3263.2828568249165,4293.180621153157,12539.831843835125,1608.0936913847324
2020/6/30 0:00,577735.0603461347,1.7695395703227064,1.8754839316025027,3263.2828568249165,4293.180621153157,12539.831843835125,1608.0936913847324
